accession,component,length_bp
NM_001358332.1,Aedes_aegypti_mRNA,3590
NM_001358333.1,Aedes_aegypti_mRNA,2528
NM_001358250.1,Aedes_aegypti_mRNA,3548
NM_001358193.1,Aedes_aegypti_mRNA,1581
NM_001358927.1,Aedes_aegypti_mRNA,12025
NM_001358926.1,Aedes_aegypti_mRNA,12446
NM_001407567.1,Aedes_aegypti_mRNA,704
NM_001359032.1,Aedes_aegypti_mRNA,5312
NM_001358471.1,Aedes_aegypti_mRNA,2263
NM_001358887.1,Aedes_aegypti_mRNA,1176
NM_001358776.1,Aedes_aegypti_mRNA,1164
NM_001358794.1,Aedes_aegypti_mRNA,1245
NM_001358707.1,Aedes_aegypti_mRNA,1389
NM_001358639.1,Aedes_aegypti_mRNA,2100
NM_001358617.1,Aedes_aegypti_mRNA,1104
NM_001358586.1,Aedes_aegypti_mRNA,1197
NM_001358579.1,Aedes_aegypti_mRNA,1182
NM_001358554.1,Aedes_aegypti_mRNA,1335
NM_001358548.1,Aedes_aegypti_mRNA,1254
NM_001358384.1,Aedes_aegypti_mRNA,1569
NM_001358360.1,Aedes_aegypti_mRNA,1551
NM_001358324.1,Aedes_aegypti_mRNA,1134
NM_001358318.1,Aedes_aegypti_mRNA,1785
NM_001358130.1,Aedes_aegypti_mRNA,1209
NM_001358173.1,Aedes_aegypti_mRNA,1227
NM_001354160.1,Aedes_aegypti_mRNA,1965
NM_001408486.1,Aedes_aegypti_mRNA,10614
NM_001408449.1,Aedes_aegypti_mRNA,3073
NM_001408488.1,Aedes_aegypti_mRNA,7472
NM_001408487.1,Aedes_aegypti_mRNA,7502
NM_001407643.1,Aedes_aegypti_mRNA,6979
NM_001359028.1,Aedes_aegypti_mRNA,3344
NM_001358953.1,Aedes_aegypti_mRNA,1851
NM_001358124.1,Aedes_aegypti_mRNA,2088
NM_001358132.1,Aedes_aegypti_mRNA,1863
NM_001407754.1,Aedes_aegypti_mRNA,1333
NM_001358923.1,Aedes_aegypti_mRNA,2199
NM_001358925.1,Aedes_aegypti_mRNA,5822
NM_001358116.1,Aedes_aegypti_mRNA,2653
NM_001358154.1,Aedes_aegypti_mRNA,1628
NM_001358128.1,Aedes_aegypti_mRNA,1499
NM_001408515.1,Aedes_aegypti_mRNA,3617
NM_001358385.1,Aedes_aegypti_mRNA,2597
NM_001408919.1,Aedes_aegypti_mRNA,849
NM_001358981.1,Aedes_aegypti_mRNA,803
NM_001358962.1,Aedes_aegypti_mRNA,1796
NM_001358827.1,Aedes_aegypti_mRNA,1237
NM_001358734.1,Aedes_aegypti_mRNA,3344
NM_001358601.1,Aedes_aegypti_mRNA,1381
NM_001358615.1,Aedes_aegypti_mRNA,1098
NM_001358600.1,Aedes_aegypti_mRNA,1333
NM_001358602.1,Aedes_aegypti_mRNA,1411
NM_001358508.1,Aedes_aegypti_mRNA,1660
NM_001358509.1,Aedes_aegypti_mRNA,1721
NM_001358505.1,Aedes_aegypti_mRNA,1760
NM_001358470.1,Aedes_aegypti_mRNA,1673
NM_001358467.1,Aedes_aegypti_mRNA,1682
NM_001358475.1,Aedes_aegypti_mRNA,1719
NM_001358458.1,Aedes_aegypti_mRNA,1197
NM_001358466.1,Aedes_aegypti_mRNA,1736
NM_001358420.1,Aedes_aegypti_mRNA,1488
NM_001358329.1,Aedes_aegypti_mRNA,3407
NM_001358277.1,Aedes_aegypti_mRNA,1514
NM_001358274.1,Aedes_aegypti_mRNA,1663
NM_001358276.1,Aedes_aegypti_mRNA,1555
NM_001358275.1,Aedes_aegypti_mRNA,1552
NM_001358278.1,Aedes_aegypti_mRNA,1506
NM_001358218.1,Aedes_aegypti_mRNA,1996
NM_001358228.1,Aedes_aegypti_mRNA,2250
NM_001358248.1,Aedes_aegypti_mRNA,1661
NM_001358215.1,Aedes_aegypti_mRNA,2520
NM_001358222.1,Aedes_aegypti_mRNA,1835
NM_001358226.1,Aedes_aegypti_mRNA,1747
NM_001358099.2,Aedes_aegypti_mRNA,2314
NM_001358251.1,Aedes_aegypti_mRNA,2586
NM_001358110.1,Aedes_aegypti_mRNA,1711
NM_001358115.1,Aedes_aegypti_mRNA,1574
NM_001358153.1,Aedes_aegypti_mRNA,1966
NM_001358140.1,Aedes_aegypti_mRNA,1210
NM_001358109.1,Aedes_aegypti_mRNA,1769
NM_001358125.1,Aedes_aegypti_mRNA,1882
NM_001358164.1,Aedes_aegypti_mRNA,1469
NM_001358160.1,Aedes_aegypti_mRNA,1212
NM_001358170.1,Aedes_aegypti_mRNA,3070
NM_001358184.1,Aedes_aegypti_mRNA,1450
NM_001358200.1,Aedes_aegypti_mRNA,1540
NM_001358181.1,Aedes_aegypti_mRNA,1543
NM_001358104.1,Aedes_aegypti_mRNA,1307
NM_001358165.1,Aedes_aegypti_mRNA,1331
NM_001358114.1,Aedes_aegypti_mRNA,1359
NM_001358105.1,Aedes_aegypti_mRNA,2569
NM_001358106.1,Aedes_aegypti_mRNA,2581
NM_001358122.1,Aedes_aegypti_mRNA,1711
NM_001358139.1,Aedes_aegypti_mRNA,1820
NM_001358111.1,Aedes_aegypti_mRNA,1353
NM_001358098.1,Aedes_aegypti_mRNA,2448
NM_001358093.1,Aedes_aegypti_mRNA,1326
NM_001358097.1,Aedes_aegypti_mRNA,1705
NM_001358056.1,Aedes_aegypti_mRNA,1290
NM_001358047.1,Aedes_aegypti_mRNA,1320
NM_001355117.1,Aedes_aegypti_mRNA,1538
NM_001355116.1,Aedes_aegypti_mRNA,1540
NM_001408115.1,Aedes_aegypti_mRNA,4551
NM_001408126.1,Aedes_aegypti_mRNA,574
NM_001407497.1,Aedes_aegypti_mRNA,1122
NM_001408607.1,Aedes_aegypti_mRNA,537
NM_001408417.1,Aedes_aegypti_mRNA,1811
NM_001408596.1,Aedes_aegypti_mRNA,10550
NM_001408516.1,Aedes_aegypti_mRNA,10837
NM_001408390.1,Aedes_aegypti_mRNA,841
NM_001408405.1,Aedes_aegypti_mRNA,1111
NM_001407360.1,Aedes_aegypti_mRNA,1615
NM_001407359.1,Aedes_aegypti_mRNA,1990
NM_001407358.1,Aedes_aegypti_mRNA,1690
NM_001408379.1,Aedes_aegypti_mRNA,555
NM_001408378.1,Aedes_aegypti_mRNA,7172
NM_001408380.1,Aedes_aegypti_mRNA,1167
NM_001408385.1,Aedes_aegypti_mRNA,1043
NM_001408337.1,Aedes_aegypti_mRNA,1378
NM_001408384.1,Aedes_aegypti_mRNA,974
NM_001408338.1,Aedes_aegypti_mRNA,694
NM_001408264.1,Aedes_aegypti_mRNA,2422
NM_001408254.1,Aedes_aegypti_mRNA,10330
NM_001408279.1,Aedes_aegypti_mRNA,533
NM_001408260.1,Aedes_aegypti_mRNA,848
NM_001408278.1,Aedes_aegypti_mRNA,626
NM_001408256.1,Aedes_aegypti_mRNA,1356
NM_001408232.1,Aedes_aegypti_mRNA,525
NM_001408095.1,Aedes_aegypti_mRNA,1760
NM_001408056.1,Aedes_aegypti_mRNA,1855
NM_001408057.1,Aedes_aegypti_mRNA,1821
NM_001407537.1,Aedes_aegypti_mRNA,3308
NM_001407421.1,Aedes_aegypti_mRNA,1002
NM_001407439.1,Aedes_aegypti_mRNA,786
NM_001408124.1,Aedes_aegypti_mRNA,1704
NM_001408111.1,Aedes_aegypti_mRNA,1725
NM_001408113.1,Aedes_aegypti_mRNA,1790
NM_001408088.1,Aedes_aegypti_mRNA,878
NM_001408105.1,Aedes_aegypti_mRNA,3425
NM_001408040.1,Aedes_aegypti_mRNA,2842
NM_001408039.1,Aedes_aegypti_mRNA,2783
NM_001408035.1,Aedes_aegypti_mRNA,543
NM_001408041.1,Aedes_aegypti_mRNA,2307
NM_001408036.1,Aedes_aegypti_mRNA,542
NM_001408034.1,Aedes_aegypti_mRNA,933
NM_001407755.1,Aedes_aegypti_mRNA,935
NM_001407762.1,Aedes_aegypti_mRNA,779
NM_001407693.1,Aedes_aegypti_mRNA,1752
NM_001407756.1,Aedes_aegypti_mRNA,894
NM_001407759.1,Aedes_aegypti_mRNA,2760
NM_001407650.1,Aedes_aegypti_mRNA,1718
NM_001407568.1,Aedes_aegypti_mRNA,917
NM_001407551.1,Aedes_aegypti_mRNA,2453
NM_001407495.1,Aedes_aegypti_mRNA,755
NM_001407489.1,Aedes_aegypti_mRNA,987
NM_001407525.1,Aedes_aegypti_mRNA,1022
NM_001407529.1,Aedes_aegypti_mRNA,543
NM_001407363.1,Aedes_aegypti_mRNA,588
NM_001407445.1,Aedes_aegypti_mRNA,1245
NM_001407440.1,Aedes_aegypti_mRNA,1488
NM_001407350.1,Aedes_aegypti_mRNA,1889
NM_001407346.1,Aedes_aegypti_mRNA,2146
NM_001407319.1,Aedes_aegypti_mRNA,778
NM_001407347.1,Aedes_aegypti_mRNA,2230
NM_001407303.1,Aedes_aegypti_mRNA,2168
NM_001407345.1,Aedes_aegypti_mRNA,1037
NM_001407272.1,Aedes_aegypti_mRNA,1571
NM_001406265.1,Aedes_aegypti_mRNA,553
NM_001406262.1,Aedes_aegypti_mRNA,726
NM_001359030.1,Aedes_aegypti_mRNA,4524
NM_001358784.1,Aedes_aegypti_mRNA,2271
NM_001358459.1,Aedes_aegypti_mRNA,1379
NM_001358319.1,Aedes_aegypti_mRNA,2531
NM_001358323.1,Aedes_aegypti_mRNA,1231
NM_001358216.1,Aedes_aegypti_mRNA,1528
NM_001358152.1,Aedes_aegypti_mRNA,3110
NM_001358127.1,Aedes_aegypti_mRNA,1887
NM_001395914.1,Aedes_aegypti_mRNA,2069
NM_001358565.1,Aedes_aegypti_mRNA,1200
NM_001358515.1,Aedes_aegypti_mRNA,1131
NM_001358462.1,Aedes_aegypti_mRNA,1284
NM_001358450.1,Aedes_aegypti_mRNA,1203
NM_001358457.1,Aedes_aegypti_mRNA,1608
NM_001358463.1,Aedes_aegypti_mRNA,1221
NM_001358415.1,Aedes_aegypti_mRNA,1227
NM_001358401.1,Aedes_aegypti_mRNA,1518
NM_001358417.1,Aedes_aegypti_mRNA,1224
NM_001358405.1,Aedes_aegypti_mRNA,1680
NM_001358388.1,Aedes_aegypti_mRNA,1563
NM_001358358.1,Aedes_aegypti_mRNA,1734
NM_001358262.1,Aedes_aegypti_mRNA,1258
NM_001363946.1,Aedes_aegypti_mRNA,1023
NM_001358928.1,Aedes_aegypti_mRNA,4432
NM_001358091.1,Aedes_aegypti_mRNA,1321
NM_001359033.1,Aedes_aegypti_mRNA,4698
NM_001359031.1,Aedes_aegypti_mRNA,4173
NM_001359023.1,Aedes_aegypti_mRNA,1724
NM_001359017.1,Aedes_aegypti_mRNA,1319
NM_001359029.1,Aedes_aegypti_mRNA,1915
NM_001359026.1,Aedes_aegypti_mRNA,2614
NM_001359018.1,Aedes_aegypti_mRNA,1730
NM_001358994.1,Aedes_aegypti_mRNA,759
NM_001358988.1,Aedes_aegypti_mRNA,851
NM_001358992.1,Aedes_aegypti_mRNA,766
NM_001358979.1,Aedes_aegypti_mRNA,803
NM_001358995.1,Aedes_aegypti_mRNA,759
NM_001358986.1,Aedes_aegypti_mRNA,851
NM_001358997.1,Aedes_aegypti_mRNA,759
NM_001358980.1,Aedes_aegypti_mRNA,803
NM_001358987.1,Aedes_aegypti_mRNA,851
NM_001358951.1,Aedes_aegypti_mRNA,1219
NM_001358954.1,Aedes_aegypti_mRNA,1511
NM_001358920.1,Aedes_aegypti_mRNA,6166
NM_001358913.1,Aedes_aegypti_mRNA,1792
NM_001358875.1,Aedes_aegypti_mRNA,2283
NM_001358865.1,Aedes_aegypti_mRNA,1968
NM_001358880.1,Aedes_aegypti_mRNA,2252
NM_001358762.1,Aedes_aegypti_mRNA,2187
NM_001358528.1,Aedes_aegypti_mRNA,1373
NM_001358474.1,Aedes_aegypti_mRNA,1209
NM_001358468.1,Aedes_aegypti_mRNA,1595
NM_001358472.1,Aedes_aegypti_mRNA,1557
NM_001358473.1,Aedes_aegypti_mRNA,2060
NM_001358469.1,Aedes_aegypti_mRNA,1568
NM_001358421.1,Aedes_aegypti_mRNA,1343
NM_001358383.1,Aedes_aegypti_mRNA,3173
NM_001358422.1,Aedes_aegypti_mRNA,1617
NM_001358376.1,Aedes_aegypti_mRNA,1481
NM_001358424.1,Aedes_aegypti_mRNA,1976
NM_001358382.1,Aedes_aegypti_mRNA,3631
NM_001358378.1,Aedes_aegypti_mRNA,1376
NM_001358386.1,Aedes_aegypti_mRNA,1329
NM_001358419.1,Aedes_aegypti_mRNA,1475
NM_001358423.1,Aedes_aegypti_mRNA,1417
NM_001358379.1,Aedes_aegypti_mRNA,1410
NM_001358317.1,Aedes_aegypti_mRNA,1369
NM_001358320.1,Aedes_aegypti_mRNA,1452
NM_001358337.1,Aedes_aegypti_mRNA,1350
NM_001358331.1,Aedes_aegypti_mRNA,2168
NM_001358326.1,Aedes_aegypti_mRNA,1915
NM_001358334.1,Aedes_aegypti_mRNA,3716
NM_001358339.1,Aedes_aegypti_mRNA,1569
NM_001358325.1,Aedes_aegypti_mRNA,2315
NM_001358336.1,Aedes_aegypti_mRNA,1936
NM_001358330.1,Aedes_aegypti_mRNA,3109
NM_001358328.1,Aedes_aegypti_mRNA,2038
NM_001358338.1,Aedes_aegypti_mRNA,1346
NM_001358316.1,Aedes_aegypti_mRNA,1964
NM_001358327.1,Aedes_aegypti_mRNA,2072
NM_001358221.1,Aedes_aegypti_mRNA,2667
NM_001358211.1,Aedes_aegypti_mRNA,1653
NM_001358254.1,Aedes_aegypti_mRNA,3018
NM_001358214.1,Aedes_aegypti_mRNA,1299
NM_001358230.1,Aedes_aegypti_mRNA,1536
NM_001358240.1,Aedes_aegypti_mRNA,1798
NM_001358208.1,Aedes_aegypti_mRNA,1506
NM_001358239.1,Aedes_aegypti_mRNA,2966
NM_001358233.1,Aedes_aegypti_mRNA,2493
NM_001358220.1,Aedes_aegypti_mRNA,1951
NM_001358209.1,Aedes_aegypti_mRNA,1459
NM_001358232.1,Aedes_aegypti_mRNA,2493
NM_001358229.1,Aedes_aegypti_mRNA,2283
NM_001358148.1,Aedes_aegypti_mRNA,2249
NM_001358156.1,Aedes_aegypti_mRNA,2200
NM_001358186.1,Aedes_aegypti_mRNA,2588
NM_001358168.1,Aedes_aegypti_mRNA,1446
NM_001358194.1,Aedes_aegypti_mRNA,1350
NM_001358143.1,Aedes_aegypti_mRNA,2455
NM_001358108.1,Aedes_aegypti_mRNA,2648
NM_001358166.1,Aedes_aegypti_mRNA,1372
NM_001358112.1,Aedes_aegypti_mRNA,1524
NM_001358158.1,Aedes_aegypti_mRNA,2078
NM_001358171.1,Aedes_aegypti_mRNA,1304
NM_001358174.1,Aedes_aegypti_mRNA,1619
NM_001358159.1,Aedes_aegypti_mRNA,2165
NM_001358142.1,Aedes_aegypti_mRNA,2357
NM_001358151.1,Aedes_aegypti_mRNA,2523
NM_001358196.1,Aedes_aegypti_mRNA,1836
NM_001358150.1,Aedes_aegypti_mRNA,1595
NM_001358145.1,Aedes_aegypti_mRNA,1287
NM_001358172.1,Aedes_aegypti_mRNA,1618
NM_001358183.1,Aedes_aegypti_mRNA,1387
NM_001358177.1,Aedes_aegypti_mRNA,1541
NM_001358199.1,Aedes_aegypti_mRNA,1678
NM_001358176.1,Aedes_aegypti_mRNA,1326
NM_001358157.1,Aedes_aegypti_mRNA,1839
NM_001358107.1,Aedes_aegypti_mRNA,1362
NM_001358161.1,Aedes_aegypti_mRNA,5212
NM_001358147.1,Aedes_aegypti_mRNA,1413
NM_001358195.1,Aedes_aegypti_mRNA,1405
NM_001358141.1,Aedes_aegypti_mRNA,2169
NM_001358178.1,Aedes_aegypti_mRNA,2053
NM_001358121.1,Aedes_aegypti_mRNA,2099
NM_001358180.1,Aedes_aegypti_mRNA,1297
NM_001358197.1,Aedes_aegypti_mRNA,3412
NM_001358167.1,Aedes_aegypti_mRNA,2364
NM_001358146.1,Aedes_aegypti_mRNA,2900
NM_001358189.1,Aedes_aegypti_mRNA,1709
NM_001358162.1,Aedes_aegypti_mRNA,1405
NM_001358175.1,Aedes_aegypti_mRNA,1400
NM_001358131.1,Aedes_aegypti_mRNA,2017
NM_001358179.1,Aedes_aegypti_mRNA,1411
NM_001358188.1,Aedes_aegypti_mRNA,1523
NM_001358190.1,Aedes_aegypti_mRNA,2058
NM_001358169.1,Aedes_aegypti_mRNA,1963
NM_001358191.1,Aedes_aegypti_mRNA,1985
NM_001358185.1,Aedes_aegypti_mRNA,1530
NM_001358187.1,Aedes_aegypti_mRNA,2465
NM_001358192.1,Aedes_aegypti_mRNA,1997
NM_001358202.1,Aedes_aegypti_mRNA,1472
NM_001358149.1,Aedes_aegypti_mRNA,1620
NM_001358198.1,Aedes_aegypti_mRNA,1299
NM_001358155.1,Aedes_aegypti_mRNA,1590
NM_001358201.1,Aedes_aegypti_mRNA,2191
NM_001358163.1,Aedes_aegypti_mRNA,1618
NM_001358074.1,Aedes_aegypti_mRNA,1195
NM_001358086.1,Aedes_aegypti_mRNA,1473
NM_001358071.1,Aedes_aegypti_mRNA,2730
NM_001358069.1,Aedes_aegypti_mRNA,2161
NM_001358952.1,Aedes_aegypti_mRNA,3256
NM_001358858.1,Aedes_aegypti_mRNA,1659
NM_001358845.1,Aedes_aegypti_mRNA,1594
NM_001358850.1,Aedes_aegypti_mRNA,1719
NM_001358889.1,Aedes_aegypti_mRNA,1194
NM_001358888.1,Aedes_aegypti_mRNA,1329
NM_001358886.1,Aedes_aegypti_mRNA,1227
NM_001358815.1,Aedes_aegypti_mRNA,1299
NM_001358465.1,Aedes_aegypti_mRNA,1431
NM_001358381.1,Aedes_aegypti_mRNA,2236
NM_001358289.1,Aedes_aegypti_mRNA,1050
NM_001358297.1,Aedes_aegypti_mRNA,1146
NM_001358070.1,Aedes_aegypti_mRNA,1967
NM_001358066.1,Aedes_aegypti_mRNA,1946
NM_001358802.1,Aedes_aegypti_mRNA,1158
NM_001358786.1,Aedes_aegypti_mRNA,1475
NM_001358779.1,Aedes_aegypti_mRNA,1197
NM_001358807.1,Aedes_aegypti_mRNA,1211
NM_001358773.1,Aedes_aegypti_mRNA,1242
NM_001358774.1,Aedes_aegypti_mRNA,1257
NM_001358781.1,Aedes_aegypti_mRNA,1188
NM_001358791.1,Aedes_aegypti_mRNA,1266
NM_001358808.1,Aedes_aegypti_mRNA,1539
NM_001358789.1,Aedes_aegypti_mRNA,1260
NM_001358759.1,Aedes_aegypti_mRNA,1770
NM_001358752.1,Aedes_aegypti_mRNA,1746
NM_001358733.1,Aedes_aegypti_mRNA,1755
NM_001358739.1,Aedes_aegypti_mRNA,2097
NM_001358764.1,Aedes_aegypti_mRNA,1866
NM_001358741.1,Aedes_aegypti_mRNA,1806
NM_001358743.1,Aedes_aegypti_mRNA,1755
NM_001358144.1,Aedes_aegypti_mRNA,2294
NM_001358716.1,Aedes_aegypti_mRNA,1221
NM_001358620.1,Aedes_aegypti_mRNA,1220
NM_001358671.1,Aedes_aegypti_mRNA,1746
NM_001358680.1,Aedes_aegypti_mRNA,2217
NM_001358703.1,Aedes_aegypti_mRNA,1800
NM_001358697.1,Aedes_aegypti_mRNA,1719
NM_001358675.1,Aedes_aegypti_mRNA,1713
NM_001358688.1,Aedes_aegypti_mRNA,1737
NM_001358668.1,Aedes_aegypti_mRNA,1728
NM_001358700.1,Aedes_aegypti_mRNA,1710
NM_001358717.1,Aedes_aegypti_mRNA,2046
NM_001358711.1,Aedes_aegypti_mRNA,1173
NM_001358685.1,Aedes_aegypti_mRNA,2112
NM_001358695.1,Aedes_aegypti_mRNA,1713
NM_001358640.1,Aedes_aegypti_mRNA,2013
NM_001358714.1,Aedes_aegypti_mRNA,1215
NM_001358691.1,Aedes_aegypti_mRNA,1782
NM_001358713.1,Aedes_aegypti_mRNA,2376
NM_001358701.1,Aedes_aegypti_mRNA,1722
NM_001358720.1,Aedes_aegypti_mRNA,1809
NM_001358706.1,Aedes_aegypti_mRNA,1835
NM_001358693.1,Aedes_aegypti_mRNA,1749
NM_001358625.1,Aedes_aegypti_mRNA,1884
NM_001358630.1,Aedes_aegypti_mRNA,1707
NM_001358660.1,Aedes_aegypti_mRNA,1836
NM_001358656.1,Aedes_aegypti_mRNA,1824
NM_001358628.1,Aedes_aegypti_mRNA,1608
NM_001358629.1,Aedes_aegypti_mRNA,1605
NM_001358635.1,Aedes_aegypti_mRNA,1521
NM_001358662.1,Aedes_aegypti_mRNA,1704
NM_001358623.1,Aedes_aegypti_mRNA,1283
NM_001358646.1,Aedes_aegypti_mRNA,1605
NM_001358621.1,Aedes_aegypti_mRNA,1398
NM_001358300.1,Aedes_aegypti_mRNA,1290
NM_001358607.1,Aedes_aegypti_mRNA,1356
NM_001358614.1,Aedes_aegypti_mRNA,1476
NM_001358609.1,Aedes_aegypti_mRNA,1566
NM_001358597.1,Aedes_aegypti_mRNA,1236
NM_001358598.1,Aedes_aegypti_mRNA,1674
NM_001358616.1,Aedes_aegypti_mRNA,1101
NM_001358605.1,Aedes_aegypti_mRNA,1647
NM_001358344.1,Aedes_aegypti_mRNA,1728
NM_001358341.1,Aedes_aegypti_mRNA,1731
NM_001358350.1,Aedes_aegypti_mRNA,1689
NM_001358353.1,Aedes_aegypti_mRNA,1782
NM_001358342.1,Aedes_aegypti_mRNA,1680
NM_001358346.1,Aedes_aegypti_mRNA,1701
NM_001358348.1,Aedes_aegypti_mRNA,1752
NM_001358340.1,Aedes_aegypti_mRNA,1728
NM_001358343.1,Aedes_aegypti_mRNA,1734
NM_001358321.1,Aedes_aegypti_mRNA,1970
NM_001358322.1,Aedes_aegypti_mRNA,2749
NM_001358335.1,Aedes_aegypti_mRNA,2075
NM_001358265.1,Aedes_aegypti_mRNA,1569
NM_001358264.1,Aedes_aegypti_mRNA,1575
NM_001358296.1,Aedes_aegypti_mRNA,1859
NM_001358299.1,Aedes_aegypti_mRNA,1755
NM_001358227.1,Aedes_aegypti_mRNA,1878
NM_001358242.1,Aedes_aegypti_mRNA,2233
NM_001358118.1,Aedes_aegypti_mRNA,1890
NM_001358119.1,Aedes_aegypti_mRNA,1806
XM_001658529.2,Aedes_aegypti_mRNA,903
XM_001658528.2,Aedes_aegypti_mRNA,1769
XM_021855991.1,Aedes_aegypti_mRNA,1779
XM_021855989.1,Aedes_aegypti_mRNA,1646
XM_021855988.1,Aedes_aegypti_mRNA,2160
XM_021855987.1,Aedes_aegypti_mRNA,2154
XM_001652688.2,Aedes_aegypti_mRNA,2370
XM_021855986.1,Aedes_aegypti_mRNA,1759
XM_001657829.2,Aedes_aegypti_mRNA,2045
XM_021855985.1,Aedes_aegypti_mRNA,2025
XM_021855984.1,Aedes_aegypti_mRNA,927
XM_001659458.2,Aedes_aegypti_mRNA,1181
XM_021855982.1,Aedes_aegypti_mRNA,1200
XM_001659460.2,Aedes_aegypti_mRNA,731
XM_021855981.1,Aedes_aegypti_mRNA,1632
XM_001658526.2,Aedes_aegypti_mRNA,1691
XM_001651557.2,Aedes_aegypti_mRNA,5063
XM_021855980.1,Aedes_aegypti_mRNA,4888
XM_021855979.1,Aedes_aegypti_mRNA,3813
XM_021855978.1,Aedes_aegypti_mRNA,3729
XM_021855977.1,Aedes_aegypti_mRNA,3764
XM_021855976.1,Aedes_aegypti_mRNA,4256
XM_001660227.2,Aedes_aegypti_mRNA,930
XM_001660228.2,Aedes_aegypti_mRNA,1172
XM_001662311.2,Aedes_aegypti_mRNA,1374
XM_021855974.1,Aedes_aegypti_mRNA,6217
XM_021855973.1,Aedes_aegypti_mRNA,6220
XM_021855972.1,Aedes_aegypti_mRNA,6657
XM_021855971.1,Aedes_aegypti_mRNA,6840
XM_021855970.1,Aedes_aegypti_mRNA,6843
XM_021855969.1,Aedes_aegypti_mRNA,6855
XM_021855968.1,Aedes_aegypti_mRNA,7233
XM_021855967.1,Aedes_aegypti_mRNA,7233
XM_021855966.1,Aedes_aegypti_mRNA,7236
XM_021855965.1,Aedes_aegypti_mRNA,4766
XM_021855964.1,Aedes_aegypti_mRNA,7421
XM_021855963.1,Aedes_aegypti_mRNA,7353
XM_021855962.1,Aedes_aegypti_mRNA,6510
XM_021855961.1,Aedes_aegypti_mRNA,6654
XM_021855959.1,Aedes_aegypti_mRNA,6589
XM_021855958.1,Aedes_aegypti_mRNA,7275
XM_021855957.1,Aedes_aegypti_mRNA,7279
XM_021855956.1,Aedes_aegypti_mRNA,7356
XM_021855955.1,Aedes_aegypti_mRNA,1218
XM_021855954.1,Aedes_aegypti_mRNA,1464
XM_001654971.2,Aedes_aegypti_mRNA,2108
XM_001654969.2,Aedes_aegypti_mRNA,1637
XM_001654970.2,Aedes_aegypti_mRNA,1869
XM_021855953.1,Aedes_aegypti_mRNA,1860
XM_001654968.2,Aedes_aegypti_mRNA,1490
XM_001648236.2,Aedes_aegypti_mRNA,4746
XM_001652384.2,Aedes_aegypti_mRNA,707
XM_001652383.2,Aedes_aegypti_mRNA,2050
XM_001651211.2,Aedes_aegypti_mRNA,2395
XM_001652382.2,Aedes_aegypti_mRNA,1330
XM_021855952.1,Aedes_aegypti_mRNA,12767
XM_021855951.1,Aedes_aegypti_mRNA,12872
XM_021855950.1,Aedes_aegypti_mRNA,13120
XM_021855949.1,Aedes_aegypti_mRNA,12887
XM_021855947.1,Aedes_aegypti_mRNA,2308
XM_021855946.1,Aedes_aegypti_mRNA,2482
XM_021855945.1,Aedes_aegypti_mRNA,2306
XM_021855944.1,Aedes_aegypti_mRNA,2401
XM_021855943.1,Aedes_aegypti_mRNA,2430
XM_021855942.1,Aedes_aegypti_mRNA,2466
XM_001650488.2,Aedes_aegypti_mRNA,2488
XM_021855941.1,Aedes_aegypti_mRNA,2981
XM_021855940.1,Aedes_aegypti_mRNA,3582
XM_021855939.1,Aedes_aegypti_mRNA,3603
XM_021855937.1,Aedes_aegypti_mRNA,3533
XM_021855936.1,Aedes_aegypti_mRNA,3280
XM_021855935.1,Aedes_aegypti_mRNA,3409
XM_021855934.1,Aedes_aegypti_mRNA,3400
XM_021855933.1,Aedes_aegypti_mRNA,3400
XM_021855932.1,Aedes_aegypti_mRNA,3457
XM_001652376.2,Aedes_aegypti_mRNA,5657
XM_001663507.2,Aedes_aegypti_mRNA,6599
XM_001657525.2,Aedes_aegypti_mRNA,3120
XM_021855931.1,Aedes_aegypti_mRNA,3285
XM_021855930.1,Aedes_aegypti_mRNA,5164
XM_021855929.1,Aedes_aegypti_mRNA,3690
XM_001652375.2,Aedes_aegypti_mRNA,2097
XM_021855928.1,Aedes_aegypti_mRNA,2149
XM_021855927.1,Aedes_aegypti_mRNA,2301
XM_021855926.1,Aedes_aegypti_mRNA,2292
XM_001648050.2,Aedes_aegypti_mRNA,1697
XM_001648051.2,Aedes_aegypti_mRNA,1553
XM_021855925.1,Aedes_aegypti_mRNA,1609
XM_021855924.1,Aedes_aegypti_mRNA,1629
XM_021855923.1,Aedes_aegypti_mRNA,2476
XM_001652537.2,Aedes_aegypti_mRNA,2130
XM_021855922.1,Aedes_aegypti_mRNA,1527
XM_001663216.2,Aedes_aegypti_mRNA,2133
XM_001652374.2,Aedes_aegypti_mRNA,2792
XM_021855921.1,Aedes_aegypti_mRNA,3247
XM_021855920.1,Aedes_aegypti_mRNA,3065
XM_021855919.1,Aedes_aegypti_mRNA,3553
XM_001653009.2,Aedes_aegypti_mRNA,3113
XM_021855918.1,Aedes_aegypti_mRNA,3147
XM_001652372.2,Aedes_aegypti_mRNA,4003
XM_021855917.1,Aedes_aegypti_mRNA,4960
XM_021855916.1,Aedes_aegypti_mRNA,2994
XM_021855915.1,Aedes_aegypti_mRNA,3655
XM_021855914.1,Aedes_aegypti_mRNA,2408
XM_001652368.2,Aedes_aegypti_mRNA,1391
XM_001652369.2,Aedes_aegypti_mRNA,1527
XM_001652367.2,Aedes_aegypti_mRNA,2268
XM_021855913.1,Aedes_aegypti_mRNA,2818
XM_021855911.1,Aedes_aegypti_mRNA,1822
XM_021855910.1,Aedes_aegypti_mRNA,1894
XM_021855909.1,Aedes_aegypti_mRNA,2811
XM_001661239.2,Aedes_aegypti_mRNA,2874
XM_001652364.2,Aedes_aegypti_mRNA,1183
XM_001652365.2,Aedes_aegypti_mRNA,2932
XM_001664064.2,Aedes_aegypti_mRNA,4177
XM_021855908.1,Aedes_aegypti_mRNA,937
XM_001657834.2,Aedes_aegypti_mRNA,1196
XM_001657833.2,Aedes_aegypti_mRNA,1293
XM_021855906.1,Aedes_aegypti_mRNA,1478
XM_021855905.1,Aedes_aegypti_mRNA,1499
XM_021855904.1,Aedes_aegypti_mRNA,1590
XM_021855903.1,Aedes_aegypti_mRNA,3666
XM_021855902.1,Aedes_aegypti_mRNA,3442
XM_021855901.1,Aedes_aegypti_mRNA,3149
XM_021855900.1,Aedes_aegypti_mRNA,3667
XM_021855899.1,Aedes_aegypti_mRNA,3517
XM_021855898.1,Aedes_aegypti_mRNA,3767
XM_021855897.1,Aedes_aegypti_mRNA,3524
XM_021855896.1,Aedes_aegypti_mRNA,3792
XM_021855895.1,Aedes_aegypti_mRNA,3953
XM_021855894.1,Aedes_aegypti_mRNA,3665
XM_021855893.1,Aedes_aegypti_mRNA,3719
XM_021855892.1,Aedes_aegypti_mRNA,3650
XM_021855890.1,Aedes_aegypti_mRNA,4061
XM_021855889.1,Aedes_aegypti_mRNA,3811
XM_021855888.1,Aedes_aegypti_mRNA,1074
XM_021855887.1,Aedes_aegypti_mRNA,2911
XM_021855886.1,Aedes_aegypti_mRNA,3665
XM_021855885.1,Aedes_aegypti_mRNA,2906
XM_021855884.1,Aedes_aegypti_mRNA,3756
XM_001656405.2,Aedes_aegypti_mRNA,986
XM_021855883.1,Aedes_aegypti_mRNA,987
XM_021855882.1,Aedes_aegypti_mRNA,10453
XM_021855881.1,Aedes_aegypti_mRNA,10699
XM_021855880.1,Aedes_aegypti_mRNA,10806
XM_021855879.1,Aedes_aegypti_mRNA,10347
XM_021855877.1,Aedes_aegypti_mRNA,10405
XM_021855876.1,Aedes_aegypti_mRNA,10959
XM_021855875.1,Aedes_aegypti_mRNA,10015
XM_021855874.1,Aedes_aegypti_mRNA,10488
XM_021855873.1,Aedes_aegypti_mRNA,10824
XM_001652362.2,Aedes_aegypti_mRNA,2967
XM_021855872.1,Aedes_aegypti_mRNA,3236
XM_001655325.2,Aedes_aegypti_mRNA,2440
XM_001655326.2,Aedes_aegypti_mRNA,649
XM_021855871.1,Aedes_aegypti_mRNA,586
XM_001650948.2,Aedes_aegypti_mRNA,1715
XM_021855869.1,Aedes_aegypti_mRNA,1644
XM_001647822.3,Aedes_aegypti_mRNA,1388
XM_021855868.1,Aedes_aegypti_mRNA,1573
XM_021855867.1,Aedes_aegypti_mRNA,1706
XM_001647823.3,Aedes_aegypti_mRNA,1376
XM_021855866.1,Aedes_aegypti_mRNA,1719
XM_021855865.1,Aedes_aegypti_mRNA,4841
XM_021855864.1,Aedes_aegypti_mRNA,5265
XM_021855863.1,Aedes_aegypti_mRNA,5310
XM_021855862.1,Aedes_aegypti_mRNA,5310
XM_021855861.1,Aedes_aegypti_mRNA,5455
XM_021855860.1,Aedes_aegypti_mRNA,5105
XM_021855859.1,Aedes_aegypti_mRNA,5485
XM_021855857.1,Aedes_aegypti_mRNA,5432
XM_021855856.1,Aedes_aegypti_mRNA,4544
XM_021855855.1,Aedes_aegypti_mRNA,5364
XM_021855854.1,Aedes_aegypti_mRNA,5847
XM_021855853.1,Aedes_aegypti_mRNA,5126
XM_021855852.1,Aedes_aegypti_mRNA,5179
XM_021855851.1,Aedes_aegypti_mRNA,5435
XM_021855850.1,Aedes_aegypti_mRNA,5393
XM_021855849.1,Aedes_aegypti_mRNA,5376
XM_021855848.1,Aedes_aegypti_mRNA,5367
XM_001662852.2,Aedes_aegypti_mRNA,3564
XM_021855847.1,Aedes_aegypti_mRNA,13934
XM_001652358.2,Aedes_aegypti_mRNA,2422
XM_001647881.2,Aedes_aegypti_mRNA,1390
XM_021855846.1,Aedes_aegypti_mRNA,9326
XM_021855845.1,Aedes_aegypti_mRNA,8525
XM_021855844.1,Aedes_aegypti_mRNA,8958
XM_021855843.1,Aedes_aegypti_mRNA,8777
XM_021855842.1,Aedes_aegypti_mRNA,8947
XM_021855841.1,Aedes_aegypti_mRNA,9329
XM_001649790.2,Aedes_aegypti_mRNA,3038
XM_001649791.2,Aedes_aegypti_mRNA,3126
XM_001652357.2,Aedes_aegypti_mRNA,2473
XM_021855840.1,Aedes_aegypti_mRNA,2102
XM_021855839.1,Aedes_aegypti_mRNA,5930
XM_021855838.1,Aedes_aegypti_mRNA,1541
XM_021855837.1,Aedes_aegypti_mRNA,1791
XM_021855836.1,Aedes_aegypti_mRNA,1787
XM_021855835.1,Aedes_aegypti_mRNA,1822
XM_021855834.1,Aedes_aegypti_mRNA,4419
XM_021855833.1,Aedes_aegypti_mRNA,4630
XM_021855832.1,Aedes_aegypti_mRNA,4662
XM_021855831.1,Aedes_aegypti_mRNA,4635
XM_021855830.1,Aedes_aegypti_mRNA,4667
XM_021855829.1,Aedes_aegypti_mRNA,4394
XM_021855828.1,Aedes_aegypti_mRNA,4455
XM_021855827.1,Aedes_aegypti_mRNA,4487
XM_021855826.1,Aedes_aegypti_mRNA,4533
XM_021855825.1,Aedes_aegypti_mRNA,4666
XM_021855824.1,Aedes_aegypti_mRNA,4698
XM_021855823.1,Aedes_aegypti_mRNA,947
XM_001651042.2,Aedes_aegypti_mRNA,3993
XM_021855822.1,Aedes_aegypti_mRNA,1934
XM_021855821.1,Aedes_aegypti_mRNA,3213
XM_021855820.1,Aedes_aegypti_mRNA,3884
XM_021855819.1,Aedes_aegypti_mRNA,4070
XM_001649766.2,Aedes_aegypti_mRNA,4374
XM_001651043.2,Aedes_aegypti_mRNA,1296
XM_021855818.1,Aedes_aegypti_mRNA,1405
XM_001651455.2,Aedes_aegypti_mRNA,3221
XM_001651044.2,Aedes_aegypti_mRNA,2137
XM_021855817.1,Aedes_aegypti_mRNA,4752
XM_021855816.1,Aedes_aegypti_mRNA,4731
XM_021855815.1,Aedes_aegypti_mRNA,5082
XM_021855813.1,Aedes_aegypti_mRNA,4980
XM_021855812.1,Aedes_aegypti_mRNA,5146
XM_021855811.1,Aedes_aegypti_mRNA,5400
XM_021855810.1,Aedes_aegypti_mRNA,5466
XM_021855809.1,Aedes_aegypti_mRNA,5355
XM_021855808.1,Aedes_aegypti_mRNA,3117
XM_021855807.1,Aedes_aegypti_mRNA,3543
XM_021855806.1,Aedes_aegypti_mRNA,3525
XM_021855805.1,Aedes_aegypti_mRNA,3476
XM_021855804.1,Aedes_aegypti_mRNA,3396
XM_021855803.1,Aedes_aegypti_mRNA,3459
XM_021855802.1,Aedes_aegypti_mRNA,3557
XM_021855801.1,Aedes_aegypti_mRNA,2952
XM_021855800.1,Aedes_aegypti_mRNA,3059
XM_021855799.1,Aedes_aegypti_mRNA,3249
XM_021855798.1,Aedes_aegypti_mRNA,3258
XM_021855797.1,Aedes_aegypti_mRNA,3288
XM_021855796.1,Aedes_aegypti_mRNA,3297
XM_001654650.2,Aedes_aegypti_mRNA,3395
XM_021855795.1,Aedes_aegypti_mRNA,3404
XM_001651045.2,Aedes_aegypti_mRNA,1579
XM_001651046.2,Aedes_aegypti_mRNA,1381
XM_001651047.2,Aedes_aegypti_mRNA,1331
XM_021855794.1,Aedes_aegypti_mRNA,3337
XM_001658963.2,Aedes_aegypti_mRNA,3144
XM_021855793.1,Aedes_aegypti_mRNA,1146
XM_021855792.1,Aedes_aegypti_mRNA,1245
XM_021855791.1,Aedes_aegypti_mRNA,1219
XM_021855790.1,Aedes_aegypti_mRNA,1040
XM_021855789.1,Aedes_aegypti_mRNA,2715
XM_021855788.1,Aedes_aegypti_mRNA,2704
XM_021855787.1,Aedes_aegypti_mRNA,3078
XM_021855786.1,Aedes_aegypti_mRNA,3780
XM_021855785.1,Aedes_aegypti_mRNA,3722
XM_021855784.1,Aedes_aegypti_mRNA,3773
XM_021855783.1,Aedes_aegypti_mRNA,3779
XM_021855782.1,Aedes_aegypti_mRNA,3779
XM_021855781.1,Aedes_aegypti_mRNA,3785
XM_021855780.1,Aedes_aegypti_mRNA,3542
XM_021855779.1,Aedes_aegypti_mRNA,3585
XM_021855778.1,Aedes_aegypti_mRNA,3564
XM_021855777.1,Aedes_aegypti_mRNA,3576
XM_021855776.1,Aedes_aegypti_mRNA,3815
XM_021855775.1,Aedes_aegypti_mRNA,3679
XM_021855774.1,Aedes_aegypti_mRNA,4050
XM_021855773.1,Aedes_aegypti_mRNA,3538
XM_021855772.1,Aedes_aegypti_mRNA,4028
XM_021855771.1,Aedes_aegypti_mRNA,3777
XM_021855770.1,Aedes_aegypti_mRNA,3794
XM_021855769.1,Aedes_aegypti_mRNA,2721
XM_021855768.1,Aedes_aegypti_mRNA,2793
XM_001650370.2,Aedes_aegypti_mRNA,1329
XM_021855767.1,Aedes_aegypti_mRNA,7958
XM_021855766.1,Aedes_aegypti_mRNA,8020
XM_021855765.1,Aedes_aegypti_mRNA,8743
XM_021855764.1,Aedes_aegypti_mRNA,8443
XM_021855763.1,Aedes_aegypti_mRNA,8837
XM_021855762.1,Aedes_aegypti_mRNA,9201
XM_021855761.1,Aedes_aegypti_mRNA,4350
XM_021855760.1,Aedes_aegypti_mRNA,6555
XM_021855759.1,Aedes_aegypti_mRNA,5667
XM_001658843.2,Aedes_aegypti_mRNA,5237
XM_021855758.1,Aedes_aegypti_mRNA,5177
XM_021855757.1,Aedes_aegypti_mRNA,5241
XM_021855756.1,Aedes_aegypti_mRNA,7073
XM_021855755.1,Aedes_aegypti_mRNA,6551
XM_021855754.1,Aedes_aegypti_mRNA,6860
XM_021855753.1,Aedes_aegypti_mRNA,6859
XM_021855752.1,Aedes_aegypti_mRNA,6874
XM_021855751.1,Aedes_aegypti_mRNA,6874
XM_021855750.1,Aedes_aegypti_mRNA,6894
XM_021855749.1,Aedes_aegypti_mRNA,6909
XM_021855748.1,Aedes_aegypti_mRNA,6923
XM_021855747.1,Aedes_aegypti_mRNA,6933
XM_021855746.1,Aedes_aegypti_mRNA,6936
XM_021855745.1,Aedes_aegypti_mRNA,6939
XM_001652505.2,Aedes_aegypti_mRNA,1494
XM_021855742.1,Aedes_aegypti_mRNA,1691
XM_021855741.1,Aedes_aegypti_mRNA,1430
XM_021855740.1,Aedes_aegypti_mRNA,1903
XM_021855739.1,Aedes_aegypti_mRNA,1630
XM_021855738.1,Aedes_aegypti_mRNA,1482
XM_021855737.1,Aedes_aegypti_mRNA,1421
XM_021855736.1,Aedes_aegypti_mRNA,2489
XM_021855734.1,Aedes_aegypti_mRNA,2428
XM_001651052.2,Aedes_aegypti_mRNA,2955
XM_021855733.1,Aedes_aegypti_mRNA,1145
XM_021855731.1,Aedes_aegypti_mRNA,3414
XM_021855730.1,Aedes_aegypti_mRNA,3713
XM_021855729.1,Aedes_aegypti_mRNA,3677
XM_001651056.2,Aedes_aegypti_mRNA,4627
XM_001661404.2,Aedes_aegypti_mRNA,540
XM_021855728.1,Aedes_aegypti_mRNA,1814
XM_011495285.2,Aedes_aegypti_mRNA,2240
XM_001661402.2,Aedes_aegypti_mRNA,2125
XM_021855727.1,Aedes_aegypti_mRNA,4954
XM_021855726.1,Aedes_aegypti_mRNA,3661
XM_021855725.1,Aedes_aegypti_mRNA,3693
XM_021855724.1,Aedes_aegypti_mRNA,3641
XM_021855723.1,Aedes_aegypti_mRNA,3588
XM_001658670.2,Aedes_aegypti_mRNA,3715
XM_021855722.1,Aedes_aegypti_mRNA,4806
XM_021855721.1,Aedes_aegypti_mRNA,3947
XM_021855720.1,Aedes_aegypti_mRNA,6957
XM_021855719.1,Aedes_aegypti_mRNA,7899
XM_021855718.1,Aedes_aegypti_mRNA,7929
XM_021855717.1,Aedes_aegypti_mRNA,7498
XM_021855716.1,Aedes_aegypti_mRNA,7998
XM_021855715.1,Aedes_aegypti_mRNA,8076
XM_021855714.1,Aedes_aegypti_mRNA,8136
XM_021855713.1,Aedes_aegypti_mRNA,8145
XM_021855712.1,Aedes_aegypti_mRNA,6994
XM_021855711.1,Aedes_aegypti_mRNA,7133
XM_021855710.1,Aedes_aegypti_mRNA,7125
XM_021855709.1,Aedes_aegypti_mRNA,7135
XM_021855708.1,Aedes_aegypti_mRNA,7177
XM_021855707.1,Aedes_aegypti_mRNA,7610
XM_021855705.1,Aedes_aegypti_mRNA,7901
XM_021855704.1,Aedes_aegypti_mRNA,7763
XM_021855703.1,Aedes_aegypti_mRNA,8010
XM_021855702.1,Aedes_aegypti_mRNA,6995
XM_021855701.1,Aedes_aegypti_mRNA,8452
XM_021855700.1,Aedes_aegypti_mRNA,8205
XM_001653602.2,Aedes_aegypti_mRNA,1526
XM_021855699.1,Aedes_aegypti_mRNA,2959
XM_021855698.1,Aedes_aegypti_mRNA,3319
XM_021855697.1,Aedes_aegypti_mRNA,3139
XM_021855696.1,Aedes_aegypti_mRNA,3170
XM_021855695.1,Aedes_aegypti_mRNA,3181
XM_021855694.1,Aedes_aegypti_mRNA,3198
XM_021855693.1,Aedes_aegypti_mRNA,3172
XM_021855692.1,Aedes_aegypti_mRNA,3203
XM_021855691.1,Aedes_aegypti_mRNA,3231
XM_021855690.1,Aedes_aegypti_mRNA,3214
XM_021855689.1,Aedes_aegypti_mRNA,3217
XM_021855688.1,Aedes_aegypti_mRNA,3231
XM_021855687.1,Aedes_aegypti_mRNA,3107
XM_021855686.1,Aedes_aegypti_mRNA,3262
XM_021855685.1,Aedes_aegypti_mRNA,3156
XM_021855684.1,Aedes_aegypti_mRNA,3273
XM_021855683.1,Aedes_aegypti_mRNA,3290
XM_021855682.1,Aedes_aegypti_mRNA,3250
XM_021855681.1,Aedes_aegypti_mRNA,3271
XM_021855680.1,Aedes_aegypti_mRNA,3282
XM_021855679.1,Aedes_aegypti_mRNA,3240
XM_021855678.1,Aedes_aegypti_mRNA,3299
XM_021855677.1,Aedes_aegypti_mRNA,3309
XM_021855676.1,Aedes_aegypti_mRNA,3391
XM_021855675.1,Aedes_aegypti_mRNA,3318
XM_001651059.2,Aedes_aegypti_mRNA,1556
XM_021855674.1,Aedes_aegypti_mRNA,1568
XM_021855673.1,Aedes_aegypti_mRNA,1205
XM_021855672.1,Aedes_aegypti_mRNA,7627
XM_021855671.1,Aedes_aegypti_mRNA,7505
XM_021855670.1,Aedes_aegypti_mRNA,8690
XM_021855669.1,Aedes_aegypti_mRNA,9139
XM_001662371.2,Aedes_aegypti_mRNA,620
XM_001663616.2,Aedes_aegypti_mRNA,1528
XM_001662372.2,Aedes_aegypti_mRNA,2140
XM_021855668.1,Aedes_aegypti_mRNA,4105
XM_021855667.1,Aedes_aegypti_mRNA,2755
XM_021855666.1,Aedes_aegypti_mRNA,1374
XM_021855665.1,Aedes_aegypti_mRNA,2738
XM_021855664.1,Aedes_aegypti_mRNA,2963
XM_001651061.2,Aedes_aegypti_mRNA,3398
XM_001651062.2,Aedes_aegypti_mRNA,2126
XM_021855663.1,Aedes_aegypti_mRNA,2103
XM_021855662.1,Aedes_aegypti_mRNA,2105
XM_001651063.2,Aedes_aegypti_mRNA,1191
XM_001651064.2,Aedes_aegypti_mRNA,2643
XM_001651065.2,Aedes_aegypti_mRNA,1645
XM_021855660.1,Aedes_aegypti_mRNA,1795
XM_001654725.2,Aedes_aegypti_mRNA,1859
XM_001654726.2,Aedes_aegypti_mRNA,2325
XM_021855659.1,Aedes_aegypti_mRNA,1108
XM_021855658.1,Aedes_aegypti_mRNA,1124
XM_021855657.1,Aedes_aegypti_mRNA,1332
XM_021855656.1,Aedes_aegypti_mRNA,1198
XM_021855655.1,Aedes_aegypti_mRNA,3603
XM_021855654.1,Aedes_aegypti_mRNA,2027
XM_021855653.1,Aedes_aegypti_mRNA,2124
XM_001651623.2,Aedes_aegypti_mRNA,2646
XM_021855652.1,Aedes_aegypti_mRNA,4683
XM_021855651.1,Aedes_aegypti_mRNA,4692
XM_001660561.2,Aedes_aegypti_mRNA,4614
XM_021855650.1,Aedes_aegypti_mRNA,2002
XM_021855649.1,Aedes_aegypti_mRNA,2321
XM_001651070.2,Aedes_aegypti_mRNA,2343
XM_021855648.1,Aedes_aegypti_mRNA,3114
XM_021855647.1,Aedes_aegypti_mRNA,3195
XM_021855646.1,Aedes_aegypti_mRNA,3522
XM_021855645.1,Aedes_aegypti_mRNA,4359
XM_001651075.2,Aedes_aegypti_mRNA,4372
XM_021855644.1,Aedes_aegypti_mRNA,4798
XM_021855643.1,Aedes_aegypti_mRNA,5107
XM_021855642.1,Aedes_aegypti_mRNA,5152
XM_021855641.1,Aedes_aegypti_mRNA,5254
XM_021855640.1,Aedes_aegypti_mRNA,5269
XM_021855639.1,Aedes_aegypti_mRNA,5266
XM_001663313.2,Aedes_aegypti_mRNA,4153
XM_001651466.2,Aedes_aegypti_mRNA,9810
XM_021855638.1,Aedes_aegypti_mRNA,9695
XM_021855637.1,Aedes_aegypti_mRNA,9743
XM_021855636.1,Aedes_aegypti_mRNA,8750
XM_021855635.1,Aedes_aegypti_mRNA,9812
XM_021855632.1,Aedes_aegypti_mRNA,8986
XM_021855631.1,Aedes_aegypti_mRNA,8975
XM_021855630.1,Aedes_aegypti_mRNA,9077
XM_021855629.1,Aedes_aegypti_mRNA,9107
XM_021855628.1,Aedes_aegypti_mRNA,9009
XM_021855627.1,Aedes_aegypti_mRNA,9057
XM_021855626.1,Aedes_aegypti_mRNA,9137
XM_001651465.2,Aedes_aegypti_mRNA,9182
XM_001662176.2,Aedes_aegypti_mRNA,794
XM_021855625.1,Aedes_aegypti_mRNA,1520
XM_001662175.2,Aedes_aegypti_mRNA,1617
XM_001662172.2,Aedes_aegypti_mRNA,2817
XM_001662173.2,Aedes_aegypti_mRNA,2880
XM_021855624.1,Aedes_aegypti_mRNA,2894
XM_021855622.1,Aedes_aegypti_mRNA,2264
XM_021855621.1,Aedes_aegypti_mRNA,2301
XM_021855620.1,Aedes_aegypti_mRNA,4779
XM_001648386.2,Aedes_aegypti_mRNA,881
XM_021855619.1,Aedes_aegypti_mRNA,3606
XM_021855618.1,Aedes_aegypti_mRNA,4709
XM_021855617.1,Aedes_aegypti_mRNA,3440
XM_021855616.1,Aedes_aegypti_mRNA,5397
XM_021855615.1,Aedes_aegypti_mRNA,5080
XM_021855614.1,Aedes_aegypti_mRNA,4817
XM_021855613.1,Aedes_aegypti_mRNA,5468
XM_011494827.2,Aedes_aegypti_mRNA,2665
XM_021855612.1,Aedes_aegypti_mRNA,1622
XM_001658962.2,Aedes_aegypti_mRNA,1459
XM_021855611.1,Aedes_aegypti_mRNA,3491
XM_021855610.1,Aedes_aegypti_mRNA,3830
XM_001648388.2,Aedes_aegypti_mRNA,3229
XM_021855609.1,Aedes_aegypti_mRNA,3831
XM_021855608.1,Aedes_aegypti_mRNA,3834
XM_021855607.1,Aedes_aegypti_mRNA,3471
XM_021855605.1,Aedes_aegypti_mRNA,4221
XM_021855604.1,Aedes_aegypti_mRNA,4135
XM_021855603.1,Aedes_aegypti_mRNA,4167
XM_021855602.1,Aedes_aegypti_mRNA,4170
XM_021855601.1,Aedes_aegypti_mRNA,4238
XM_021855600.1,Aedes_aegypti_mRNA,4270
XM_021855599.1,Aedes_aegypti_mRNA,4273
XM_021855598.1,Aedes_aegypti_mRNA,4439
XM_021855597.1,Aedes_aegypti_mRNA,4522
XM_021855596.1,Aedes_aegypti_mRNA,4557
XM_001652466.2,Aedes_aegypti_mRNA,2188
XM_001652467.2,Aedes_aegypti_mRNA,2115
XM_021855595.1,Aedes_aegypti_mRNA,1052
XM_001657298.2,Aedes_aegypti_mRNA,1931
XM_021855594.1,Aedes_aegypti_mRNA,2269
XM_021855593.1,Aedes_aegypti_mRNA,2577
XM_001663294.2,Aedes_aegypti_mRNA,988
XM_021855592.1,Aedes_aegypti_mRNA,3783
XM_021855591.1,Aedes_aegypti_mRNA,1305
XM_021855590.1,Aedes_aegypti_mRNA,1310
XM_021855589.1,Aedes_aegypti_mRNA,1294
XM_021855588.1,Aedes_aegypti_mRNA,2509
XM_021855586.1,Aedes_aegypti_mRNA,3391
XM_021855585.1,Aedes_aegypti_mRNA,3176
XM_001651782.2,Aedes_aegypti_mRNA,3301
XM_001648391.2,Aedes_aegypti_mRNA,1504
XM_001651777.2,Aedes_aegypti_mRNA,804
XM_001651778.2,Aedes_aegypti_mRNA,3898
XM_021855583.1,Aedes_aegypti_mRNA,2027
XM_001654343.2,Aedes_aegypti_mRNA,1868
XM_021855582.1,Aedes_aegypti_mRNA,1884
XM_001654342.2,Aedes_aegypti_mRNA,1860
XM_021855581.1,Aedes_aegypti_mRNA,1467
XM_021855580.1,Aedes_aegypti_mRNA,1417
XM_001657263.2,Aedes_aegypti_mRNA,1436
XM_001650368.2,Aedes_aegypti_mRNA,1260
XM_021855579.1,Aedes_aegypti_mRNA,5847
XM_021855578.1,Aedes_aegypti_mRNA,6006
XM_021855577.1,Aedes_aegypti_mRNA,4046
XM_021855576.1,Aedes_aegypti_mRNA,6074
XM_021855574.1,Aedes_aegypti_mRNA,5720
XM_021855573.1,Aedes_aegypti_mRNA,5921
XM_021855572.1,Aedes_aegypti_mRNA,5935
XM_021855571.1,Aedes_aegypti_mRNA,5917
XM_021855570.1,Aedes_aegypti_mRNA,5969
XM_021855569.1,Aedes_aegypti_mRNA,6317
XM_021855568.1,Aedes_aegypti_mRNA,5985
XM_021855567.1,Aedes_aegypti_mRNA,5990
XM_001663079.2,Aedes_aegypti_mRNA,775
XM_021855566.1,Aedes_aegypti_mRNA,2634
XM_021855565.1,Aedes_aegypti_mRNA,5756
XM_021855564.1,Aedes_aegypti_mRNA,4767
XM_021855563.1,Aedes_aegypti_mRNA,4771
XM_021855562.1,Aedes_aegypti_mRNA,4794
XM_021855561.1,Aedes_aegypti_mRNA,5808
XM_021855560.1,Aedes_aegypti_mRNA,4819
XM_021855557.1,Aedes_aegypti_mRNA,5665
XM_001663174.2,Aedes_aegypti_mRNA,5298
XM_021855556.1,Aedes_aegypti_mRNA,5751
XM_021855555.1,Aedes_aegypti_mRNA,5661
XM_021855549.1,Aedes_aegypti_mRNA,5402
XM_021855521.1,Aedes_aegypti_mRNA,513
XM_021855519.1,Aedes_aegypti_mRNA,588
XM_021855518.1,Aedes_aegypti_mRNA,691
XM_021855517.1,Aedes_aegypti_mRNA,506
XM_021855516.1,Aedes_aegypti_mRNA,501
XM_021855515.1,Aedes_aegypti_mRNA,511
XM_021855514.1,Aedes_aegypti_mRNA,507
XM_021855512.1,Aedes_aegypti_mRNA,509
XM_021855511.1,Aedes_aegypti_mRNA,503
XM_021855510.1,Aedes_aegypti_mRNA,503
XM_021855509.1,Aedes_aegypti_mRNA,509
XM_001657214.2,Aedes_aegypti_mRNA,522
XM_021855508.1,Aedes_aegypti_mRNA,522
XM_021855507.1,Aedes_aegypti_mRNA,522
XM_021855506.1,Aedes_aegypti_mRNA,522
XM_001657228.2,Aedes_aegypti_mRNA,627
XM_021855505.1,Aedes_aegypti_mRNA,522
XM_049690831.1,Anopheles_darlingi_mRNA,900
XM_049690824.1,Anopheles_darlingi_mRNA,868
XM_049690811.1,Anopheles_darlingi_mRNA,3633
XM_049690800.1,Anopheles_darlingi_mRNA,824
XM_049690787.1,Anopheles_darlingi_mRNA,751
XM_049690772.1,Anopheles_darlingi_mRNA,1872
XM_049690756.1,Anopheles_darlingi_mRNA,1529
XM_049690740.1,Anopheles_darlingi_mRNA,4483
XM_049690725.1,Anopheles_darlingi_mRNA,1644
XM_049690713.1,Anopheles_darlingi_mRNA,1887
XM_049690700.1,Anopheles_darlingi_mRNA,1245
XM_049690688.1,Anopheles_darlingi_mRNA,2735
XM_049690680.1,Anopheles_darlingi_mRNA,2707
XM_049690671.1,Anopheles_darlingi_mRNA,2769
XM_049690658.1,Anopheles_darlingi_mRNA,1082
XM_049690644.1,Anopheles_darlingi_mRNA,992
XM_049690632.1,Anopheles_darlingi_mRNA,1274
XM_049690622.1,Anopheles_darlingi_mRNA,1264
XM_049690610.1,Anopheles_darlingi_mRNA,2269
XM_049690601.1,Anopheles_darlingi_mRNA,2371
XM_049690587.1,Anopheles_darlingi_mRNA,1307
XM_049690579.1,Anopheles_darlingi_mRNA,1359
XM_049690562.1,Anopheles_darlingi_mRNA,1933
XM_049690547.1,Anopheles_darlingi_mRNA,1152
XM_049690539.1,Anopheles_darlingi_mRNA,1168
XM_049690528.1,Anopheles_darlingi_mRNA,2350
XM_049690518.1,Anopheles_darlingi_mRNA,1824
XM_049690511.1,Anopheles_darlingi_mRNA,1842
XM_049690498.1,Anopheles_darlingi_mRNA,2313
XM_049690487.1,Anopheles_darlingi_mRNA,2217
XM_049690475.1,Anopheles_darlingi_mRNA,1148
XM_049690468.1,Anopheles_darlingi_mRNA,1760
XM_049690455.1,Anopheles_darlingi_mRNA,2755
XM_049690443.1,Anopheles_darlingi_mRNA,3236
XM_049690434.1,Anopheles_darlingi_mRNA,3462
XM_049690421.1,Anopheles_darlingi_mRNA,2475
XM_049690413.1,Anopheles_darlingi_mRNA,2498
XM_049690402.1,Anopheles_darlingi_mRNA,2523
XM_049690391.1,Anopheles_darlingi_mRNA,2455
XM_049690382.1,Anopheles_darlingi_mRNA,2288
XM_049690375.1,Anopheles_darlingi_mRNA,2547
XM_049690364.1,Anopheles_darlingi_mRNA,3135
XM_049690356.1,Anopheles_darlingi_mRNA,3239
XM_049690348.1,Anopheles_darlingi_mRNA,3450
XM_049690335.1,Anopheles_darlingi_mRNA,4578
XM_049690328.1,Anopheles_darlingi_mRNA,4715
XM_049690319.1,Anopheles_darlingi_mRNA,4710
XM_049690307.1,Anopheles_darlingi_mRNA,2554
XM_049690299.1,Anopheles_darlingi_mRNA,2618
XM_049690290.1,Anopheles_darlingi_mRNA,2835
XM_049690280.1,Anopheles_darlingi_mRNA,2887
XM_049690271.1,Anopheles_darlingi_mRNA,2593
XM_049690262.1,Anopheles_darlingi_mRNA,2899
XM_049690249.1,Anopheles_darlingi_mRNA,3823
XM_049690238.1,Anopheles_darlingi_mRNA,3419
XM_049690230.1,Anopheles_darlingi_mRNA,4009
XM_049690219.1,Anopheles_darlingi_mRNA,8687
XM_049690205.1,Anopheles_darlingi_mRNA,5462
XM_049690195.1,Anopheles_darlingi_mRNA,5465
XM_049690181.1,Anopheles_darlingi_mRNA,7439
XM_049690172.1,Anopheles_darlingi_mRNA,7321
XM_049690160.1,Anopheles_darlingi_mRNA,13894
XM_049690146.1,Anopheles_darlingi_mRNA,2334
XM_049690133.1,Anopheles_darlingi_mRNA,5482
XM_049690121.1,Anopheles_darlingi_mRNA,812
XM_049690109.1,Anopheles_darlingi_mRNA,904
XM_049690100.1,Anopheles_darlingi_mRNA,918
XM_049690092.1,Anopheles_darlingi_mRNA,1001
XM_049690080.1,Anopheles_darlingi_mRNA,2140
XM_049690071.1,Anopheles_darlingi_mRNA,2085
XM_049690063.1,Anopheles_darlingi_mRNA,2163
XM_049690054.1,Anopheles_darlingi_mRNA,2244
XM_049690042.1,Anopheles_darlingi_mRNA,3375
XM_049690030.1,Anopheles_darlingi_mRNA,3279
XM_049690017.1,Anopheles_darlingi_mRNA,6039
XM_049690009.1,Anopheles_darlingi_mRNA,6124
XM_049690001.1,Anopheles_darlingi_mRNA,6069
XM_049689993.1,Anopheles_darlingi_mRNA,6123
XM_049689985.1,Anopheles_darlingi_mRNA,6158
XM_049689958.1,Anopheles_darlingi_mRNA,1530
XM_049689951.1,Anopheles_darlingi_mRNA,1488
XM_049689942.1,Anopheles_darlingi_mRNA,1672
XM_049689933.1,Anopheles_darlingi_mRNA,1569
XM_049689922.1,Anopheles_darlingi_mRNA,1926
XM_049689908.1,Anopheles_darlingi_mRNA,2112
XM_049689900.1,Anopheles_darlingi_mRNA,2201
XM_049689887.1,Anopheles_darlingi_mRNA,1436
XM_049689874.1,Anopheles_darlingi_mRNA,1804
XM_049689861.1,Anopheles_darlingi_mRNA,2226
XM_049689848.1,Anopheles_darlingi_mRNA,1480
XM_049689834.1,Anopheles_darlingi_mRNA,3891
XM_049689825.1,Anopheles_darlingi_mRNA,5071
XM_049689816.1,Anopheles_darlingi_mRNA,4941
XM_049689804.1,Anopheles_darlingi_mRNA,1925
XM_049689792.1,Anopheles_darlingi_mRNA,3386
XM_049689780.1,Anopheles_darlingi_mRNA,1852
XM_049689767.1,Anopheles_darlingi_mRNA,2631
XM_049689758.1,Anopheles_darlingi_mRNA,2729
XM_049689748.1,Anopheles_darlingi_mRNA,2531
XM_049689734.1,Anopheles_darlingi_mRNA,2559
XM_049689722.1,Anopheles_darlingi_mRNA,6911
XM_049689711.1,Anopheles_darlingi_mRNA,7309
XM_049689702.1,Anopheles_darlingi_mRNA,7109
XM_049689695.1,Anopheles_darlingi_mRNA,6950
XM_049689681.1,Anopheles_darlingi_mRNA,3541
XM_049689671.1,Anopheles_darlingi_mRNA,3369
XM_049689663.1,Anopheles_darlingi_mRNA,3387
XM_049689652.1,Anopheles_darlingi_mRNA,3122
XM_049689641.1,Anopheles_darlingi_mRNA,2043
XM_049689628.1,Anopheles_darlingi_mRNA,2467
XM_049689615.1,Anopheles_darlingi_mRNA,2315
XM_049689604.1,Anopheles_darlingi_mRNA,2951
XM_049689594.1,Anopheles_darlingi_mRNA,2830
XM_049689584.1,Anopheles_darlingi_mRNA,3535
XM_049689568.1,Anopheles_darlingi_mRNA,5998
XM_049689560.1,Anopheles_darlingi_mRNA,5984
XM_049689547.1,Anopheles_darlingi_mRNA,4182
XM_049689538.1,Anopheles_darlingi_mRNA,4028
XM_049689529.1,Anopheles_darlingi_mRNA,4170
XM_049689521.1,Anopheles_darlingi_mRNA,4230
XM_049689513.1,Anopheles_darlingi_mRNA,4252
XM_049689500.1,Anopheles_darlingi_mRNA,4764
XM_049689491.1,Anopheles_darlingi_mRNA,4767
XM_049689481.1,Anopheles_darlingi_mRNA,6238
XM_049689475.1,Anopheles_darlingi_mRNA,4802
XM_049689466.1,Anopheles_darlingi_mRNA,4799
XM_049689454.1,Anopheles_darlingi_mRNA,3710
XM_049689446.1,Anopheles_darlingi_mRNA,3797
XM_049689436.1,Anopheles_darlingi_mRNA,3821
XM_049689425.1,Anopheles_darlingi_mRNA,4694
XM_049689415.1,Anopheles_darlingi_mRNA,4919
XM_049689402.1,Anopheles_darlingi_mRNA,4535
XM_049689387.1,Anopheles_darlingi_mRNA,5762
XM_049689376.1,Anopheles_darlingi_mRNA,12901
XM_049689363.1,Anopheles_darlingi_mRNA,10176
XM_049689352.1,Anopheles_darlingi_mRNA,3431
XM_049689345.1,Anopheles_darlingi_mRNA,8144
XM_049689335.1,Anopheles_darlingi_mRNA,8280
XM_049689327.1,Anopheles_darlingi_mRNA,8577
XM_049689319.1,Anopheles_darlingi_mRNA,8705
XM_049689311.1,Anopheles_darlingi_mRNA,8819
XM_049689303.1,Anopheles_darlingi_mRNA,9404
XM_049689294.1,Anopheles_darlingi_mRNA,8480
XM_049689279.1,Anopheles_darlingi_mRNA,8075
XM_049689266.1,Anopheles_darlingi_mRNA,916
XM_049689253.1,Anopheles_darlingi_mRNA,1338
XM_049689239.1,Anopheles_darlingi_mRNA,1236
XM_049689226.1,Anopheles_darlingi_mRNA,2075
XM_049689215.1,Anopheles_darlingi_mRNA,1908
XM_049689206.1,Anopheles_darlingi_mRNA,1911
XM_049689192.1,Anopheles_darlingi_mRNA,3301
XM_049689183.1,Anopheles_darlingi_mRNA,3334
XM_049689176.1,Anopheles_darlingi_mRNA,3339
XM_049689165.1,Anopheles_darlingi_mRNA,5745
XM_049689158.1,Anopheles_darlingi_mRNA,6139
XM_049689149.1,Anopheles_darlingi_mRNA,5896
XM_049689140.1,Anopheles_darlingi_mRNA,6304
XM_049689129.1,Anopheles_darlingi_mRNA,2903
XM_049689119.1,Anopheles_darlingi_mRNA,2899
XM_049689104.1,Anopheles_darlingi_mRNA,2992
XM_049689095.1,Anopheles_darlingi_mRNA,2847
XM_049689081.1,Anopheles_darlingi_mRNA,1401
XM_049689068.1,Anopheles_darlingi_mRNA,1485
XM_049689055.1,Anopheles_darlingi_mRNA,2033
XM_049689044.1,Anopheles_darlingi_mRNA,2861
XM_049689025.1,Anopheles_darlingi_mRNA,2208
XM_049689012.1,Anopheles_darlingi_mRNA,1929
XM_049689004.1,Anopheles_darlingi_mRNA,1890
XM_049688994.1,Anopheles_darlingi_mRNA,1961
XM_049688982.1,Anopheles_darlingi_mRNA,1791
XM_049688971.1,Anopheles_darlingi_mRNA,3457
XM_049688963.1,Anopheles_darlingi_mRNA,3343
XM_049688954.1,Anopheles_darlingi_mRNA,3348
XM_049688942.1,Anopheles_darlingi_mRNA,3093
XM_049688933.1,Anopheles_darlingi_mRNA,3099
XM_049688925.1,Anopheles_darlingi_mRNA,3189
XM_049688914.1,Anopheles_darlingi_mRNA,3013
XM_049688903.1,Anopheles_darlingi_mRNA,3098
XM_049688893.1,Anopheles_darlingi_mRNA,3028
XM_049688883.1,Anopheles_darlingi_mRNA,3110
XM_049688868.1,Anopheles_darlingi_mRNA,4343
XM_049688854.1,Anopheles_darlingi_mRNA,2100
XM_049688844.1,Anopheles_darlingi_mRNA,2103
XM_049688827.1,Anopheles_darlingi_mRNA,3287
XM_049688814.1,Anopheles_darlingi_mRNA,2839
XM_049688805.1,Anopheles_darlingi_mRNA,2915
XM_049688791.1,Anopheles_darlingi_mRNA,2505
XM_049688779.1,Anopheles_darlingi_mRNA,3286
XM_049688766.1,Anopheles_darlingi_mRNA,4215
XM_049688758.1,Anopheles_darlingi_mRNA,4282
XM_049688747.1,Anopheles_darlingi_mRNA,5615
XM_049688739.1,Anopheles_darlingi_mRNA,5071
XM_049688735.1,Anopheles_darlingi_mRNA,4999
XM_049688724.1,Anopheles_darlingi_mRNA,6381
XM_049688715.1,Anopheles_darlingi_mRNA,6354
XM_049688707.1,Anopheles_darlingi_mRNA,6399
XM_049688698.1,Anopheles_darlingi_mRNA,6400
XM_049688690.1,Anopheles_darlingi_mRNA,6463
XM_049688678.1,Anopheles_darlingi_mRNA,1735
XM_049688670.1,Anopheles_darlingi_mRNA,1738
XM_049688657.1,Anopheles_darlingi_mRNA,1939
XM_049688644.1,Anopheles_darlingi_mRNA,1683
XM_049688636.1,Anopheles_darlingi_mRNA,1722
XM_049688622.1,Anopheles_darlingi_mRNA,1572
XM_049688607.1,Anopheles_darlingi_mRNA,1000
XM_049688597.1,Anopheles_darlingi_mRNA,4822
XM_049688587.1,Anopheles_darlingi_mRNA,4825
XM_049688567.1,Anopheles_darlingi_mRNA,7076
XM_049688558.1,Anopheles_darlingi_mRNA,7136
XM_049688549.1,Anopheles_darlingi_mRNA,7214
XM_049688539.1,Anopheles_darlingi_mRNA,7274
XM_049688526.1,Anopheles_darlingi_mRNA,4192
XM_049688517.1,Anopheles_darlingi_mRNA,4198
XM_049688508.1,Anopheles_darlingi_mRNA,4201
XM_049688495.1,Anopheles_darlingi_mRNA,658
XM_049688468.1,Anopheles_darlingi_mRNA,4044
XM_049688460.1,Anopheles_darlingi_mRNA,4044
XM_049688451.1,Anopheles_darlingi_mRNA,4189
XM_049688441.1,Anopheles_darlingi_mRNA,3899
XM_049688432.1,Anopheles_darlingi_mRNA,4036
XM_049688423.1,Anopheles_darlingi_mRNA,3991
XM_049688415.1,Anopheles_darlingi_mRNA,4041
XM_049688406.1,Anopheles_darlingi_mRNA,4258
XM_049688398.1,Anopheles_darlingi_mRNA,4113
XM_049688390.1,Anopheles_darlingi_mRNA,4105
XM_049688381.1,Anopheles_darlingi_mRNA,4250
XM_049688372.1,Anopheles_darlingi_mRNA,4250
XM_049688363.1,Anopheles_darlingi_mRNA,4250
XM_049688355.1,Anopheles_darlingi_mRNA,4113
XM_049688346.1,Anopheles_darlingi_mRNA,4275
XM_049688337.1,Anopheles_darlingi_mRNA,4319
XM_049688329.1,Anopheles_darlingi_mRNA,4327
XM_049688321.1,Anopheles_darlingi_mRNA,4327
XM_049688311.1,Anopheles_darlingi_mRNA,4319
XM_049688302.1,Anopheles_darlingi_mRNA,4319
XM_049688294.1,Anopheles_darlingi_mRNA,4464
XM_049688283.1,Anopheles_darlingi_mRNA,4464
XM_049688273.1,Anopheles_darlingi_mRNA,4464
XM_049688265.1,Anopheles_darlingi_mRNA,4419
XM_049688256.1,Anopheles_darlingi_mRNA,4464
XM_049688246.1,Anopheles_darlingi_mRNA,4464
XM_049688238.1,Anopheles_darlingi_mRNA,4464
XM_049688229.1,Anopheles_darlingi_mRNA,4319
XM_049688222.1,Anopheles_darlingi_mRNA,4533
XM_049688211.1,Anopheles_darlingi_mRNA,4541
XM_049688198.1,Anopheles_darlingi_mRNA,1240
XM_049688188.1,Anopheles_darlingi_mRNA,4603
XM_049688179.1,Anopheles_darlingi_mRNA,4685
XM_049688169.1,Anopheles_darlingi_mRNA,4575
XM_049688162.1,Anopheles_darlingi_mRNA,4877
XM_049688154.1,Anopheles_darlingi_mRNA,4767
XM_049688145.1,Anopheles_darlingi_mRNA,4942
XM_049688130.1,Anopheles_darlingi_mRNA,2778
XM_049688116.1,Anopheles_darlingi_mRNA,2053
XM_049688108.1,Anopheles_darlingi_mRNA,2131
XM_049688100.1,Anopheles_darlingi_mRNA,2085
XM_049688091.1,Anopheles_darlingi_mRNA,2057
XM_049688082.1,Anopheles_darlingi_mRNA,2135
XM_049688070.1,Anopheles_darlingi_mRNA,6171
XM_049688061.1,Anopheles_darlingi_mRNA,6201
XM_049688053.1,Anopheles_darlingi_mRNA,6201
XM_049688045.1,Anopheles_darlingi_mRNA,6201
XM_049688036.1,Anopheles_darlingi_mRNA,6201
XM_049688029.1,Anopheles_darlingi_mRNA,6436
XM_049688020.1,Anopheles_darlingi_mRNA,6312
XM_049688011.1,Anopheles_darlingi_mRNA,6314
XM_049688003.1,Anopheles_darlingi_mRNA,6430
XM_049687990.1,Anopheles_darlingi_mRNA,2162
XM_049687982.1,Anopheles_darlingi_mRNA,2534
XM_049687968.1,Anopheles_darlingi_mRNA,2078
XM_049687953.1,Anopheles_darlingi_mRNA,4358
XM_049687943.1,Anopheles_darlingi_mRNA,4708
XM_049687930.1,Anopheles_darlingi_mRNA,2057
XM_049687918.1,Anopheles_darlingi_mRNA,3438
XM_049687909.1,Anopheles_darlingi_mRNA,3814
XM_049687902.1,Anopheles_darlingi_mRNA,3702
XM_049687890.1,Anopheles_darlingi_mRNA,4816
XM_049687881.1,Anopheles_darlingi_mRNA,3924
XM_049687872.1,Anopheles_darlingi_mRNA,3713
XM_049687864.1,Anopheles_darlingi_mRNA,4012
XM_049687855.1,Anopheles_darlingi_mRNA,4964
XM_049687846.1,Anopheles_darlingi_mRNA,4386
XM_049687837.1,Anopheles_darlingi_mRNA,4121
XM_049687827.1,Anopheles_darlingi_mRNA,4537
XM_049687816.1,Anopheles_darlingi_mRNA,4149
XM_049687811.1,Anopheles_darlingi_mRNA,4612
XM_049687808.1,Anopheles_darlingi_mRNA,4381
XM_049687800.1,Anopheles_darlingi_mRNA,4519
XM_049687791.1,Anopheles_darlingi_mRNA,4810
XM_049687783.1,Anopheles_darlingi_mRNA,4434
XM_049687775.1,Anopheles_darlingi_mRNA,4843
XM_049687758.1,Anopheles_darlingi_mRNA,4165
XM_049687743.1,Anopheles_darlingi_mRNA,5404
XM_049687730.1,Anopheles_darlingi_mRNA,8999
XM_049687721.1,Anopheles_darlingi_mRNA,9057
XM_049687712.1,Anopheles_darlingi_mRNA,8709
XM_049687705.1,Anopheles_darlingi_mRNA,11307
XM_049687696.1,Anopheles_darlingi_mRNA,8829
XM_049687688.1,Anopheles_darlingi_mRNA,11410
XM_049687679.1,Anopheles_darlingi_mRNA,11530
XM_049687671.1,Anopheles_darlingi_mRNA,11412
XM_049687657.1,Anopheles_darlingi_mRNA,8633
XM_049687643.1,Anopheles_darlingi_mRNA,12664
XM_049687634.1,Anopheles_darlingi_mRNA,12691
XM_049687621.1,Anopheles_darlingi_mRNA,1075
XM_049687608.1,Anopheles_darlingi_mRNA,1939
XM_049687593.1,Anopheles_darlingi_mRNA,1513
XM_049687584.1,Anopheles_darlingi_mRNA,1515
XM_049687570.1,Anopheles_darlingi_mRNA,4303
XM_049687561.1,Anopheles_darlingi_mRNA,4303
XM_049687546.1,Anopheles_darlingi_mRNA,3308
XM_049687537.1,Anopheles_darlingi_mRNA,3235
XM_049687515.1,Anopheles_darlingi_mRNA,3482
XM_049687500.1,Anopheles_darlingi_mRNA,775
XM_049687490.1,Anopheles_darlingi_mRNA,776
XM_049687483.1,Anopheles_darlingi_mRNA,779
XM_049687468.1,Anopheles_darlingi_mRNA,2108
XM_049687455.1,Anopheles_darlingi_mRNA,3477
XM_049687443.1,Anopheles_darlingi_mRNA,1458
XM_049687428.1,Anopheles_darlingi_mRNA,1305
XM_049687418.1,Anopheles_darlingi_mRNA,1273
XM_049687404.1,Anopheles_darlingi_mRNA,2047
XM_049687396.1,Anopheles_darlingi_mRNA,2127
XM_049687386.1,Anopheles_darlingi_mRNA,2286
XM_049687378.1,Anopheles_darlingi_mRNA,2166
XM_049687364.1,Anopheles_darlingi_mRNA,1050
XM_049687354.1,Anopheles_darlingi_mRNA,1097
XM_049687343.1,Anopheles_darlingi_mRNA,1850
XM_049687331.1,Anopheles_darlingi_mRNA,1187
XM_049687320.1,Anopheles_darlingi_mRNA,1817
XM_049687305.1,Anopheles_darlingi_mRNA,1057
XM_049687291.1,Anopheles_darlingi_mRNA,1082
XM_049687282.1,Anopheles_darlingi_mRNA,1159
XM_049687274.1,Anopheles_darlingi_mRNA,1441
XM_049687264.1,Anopheles_darlingi_mRNA,1227
XM_049687251.1,Anopheles_darlingi_mRNA,2085
XM_049687238.1,Anopheles_darlingi_mRNA,1505
XM_049687225.1,Anopheles_darlingi_mRNA,2393
XM_049687209.1,Anopheles_darlingi_mRNA,2619
XM_049687199.1,Anopheles_darlingi_mRNA,2263
XM_049687190.1,Anopheles_darlingi_mRNA,2660
XM_049687177.1,Anopheles_darlingi_mRNA,1252
XM_049687167.1,Anopheles_darlingi_mRNA,1441
XM_049687152.1,Anopheles_darlingi_mRNA,1480
XM_049687136.1,Anopheles_darlingi_mRNA,1915
XM_049687124.1,Anopheles_darlingi_mRNA,4029
XM_049687114.1,Anopheles_darlingi_mRNA,1947
XM_049687101.1,Anopheles_darlingi_mRNA,2369
XM_049687093.1,Anopheles_darlingi_mRNA,2444
XM_049687084.1,Anopheles_darlingi_mRNA,2447
XM_049687075.1,Anopheles_darlingi_mRNA,2456
XM_049687062.1,Anopheles_darlingi_mRNA,1239
XM_049687053.1,Anopheles_darlingi_mRNA,2300
XM_049687039.1,Anopheles_darlingi_mRNA,2725
XM_049687025.1,Anopheles_darlingi_mRNA,1948
XM_049687012.1,Anopheles_darlingi_mRNA,2438
XM_049687002.1,Anopheles_darlingi_mRNA,2465
XM_049686992.1,Anopheles_darlingi_mRNA,2743
XM_049686983.1,Anopheles_darlingi_mRNA,2468
XM_049686971.1,Anopheles_darlingi_mRNA,2303
XM_049686956.1,Anopheles_darlingi_mRNA,2963
XM_049686946.1,Anopheles_darlingi_mRNA,3185
XM_049686932.1,Anopheles_darlingi_mRNA,5162
XM_049686923.1,Anopheles_darlingi_mRNA,5203
XM_049686914.1,Anopheles_darlingi_mRNA,3633
XM_049686907.1,Anopheles_darlingi_mRNA,2779
XM_049686898.1,Anopheles_darlingi_mRNA,2965
XM_049686891.1,Anopheles_darlingi_mRNA,3106
XM_049686883.1,Anopheles_darlingi_mRNA,3204
XM_049686876.1,Anopheles_darlingi_mRNA,3208
XM_049686862.1,Anopheles_darlingi_mRNA,3081
XM_049686851.1,Anopheles_darlingi_mRNA,2107
XM_049686843.1,Anopheles_darlingi_mRNA,2107
XM_049686836.1,Anopheles_darlingi_mRNA,2841
XM_049686825.1,Anopheles_darlingi_mRNA,4425
XM_049686814.1,Anopheles_darlingi_mRNA,3771
XM_049686806.1,Anopheles_darlingi_mRNA,3486
XM_049686797.1,Anopheles_darlingi_mRNA,3486
XM_049686786.1,Anopheles_darlingi_mRNA,4218
XM_049686775.1,Anopheles_darlingi_mRNA,5582
XM_049686764.1,Anopheles_darlingi_mRNA,7106
XM_049686753.1,Anopheles_darlingi_mRNA,12702
XM_049686747.1,Anopheles_darlingi_mRNA,12918
XM_049686739.1,Anopheles_darlingi_mRNA,12545
XM_049686731.1,Anopheles_darlingi_mRNA,12951
XM_049686720.1,Anopheles_darlingi_mRNA,2248
XM_049686713.1,Anopheles_darlingi_mRNA,2271
XM_049686705.1,Anopheles_darlingi_mRNA,2397
XM_049686694.1,Anopheles_darlingi_mRNA,577
XM_049686681.1,Anopheles_darlingi_mRNA,3324
XM_049686673.1,Anopheles_darlingi_mRNA,2968
XM_049686666.1,Anopheles_darlingi_mRNA,3327
XM_049686656.1,Anopheles_darlingi_mRNA,5053
XM_049686645.1,Anopheles_darlingi_mRNA,695
XM_049686634.1,Anopheles_darlingi_mRNA,2293
XM_049686627.1,Anopheles_darlingi_mRNA,2822
XM_049686621.1,Anopheles_darlingi_mRNA,2304
XM_049686615.1,Anopheles_darlingi_mRNA,2826
XM_049686607.1,Anopheles_darlingi_mRNA,3909
XM_049686599.1,Anopheles_darlingi_mRNA,1754
XM_049686589.1,Anopheles_darlingi_mRNA,1416
XM_049686580.1,Anopheles_darlingi_mRNA,1647
XM_049686570.1,Anopheles_darlingi_mRNA,2356
XM_049686560.1,Anopheles_darlingi_mRNA,3305
XM_049686552.1,Anopheles_darlingi_mRNA,3331
XM_049686544.1,Anopheles_darlingi_mRNA,3333
XM_049686538.1,Anopheles_darlingi_mRNA,3374
XM_049686528.1,Anopheles_darlingi_mRNA,1381
XM_049686521.1,Anopheles_darlingi_mRNA,1331
XM_049686513.1,Anopheles_darlingi_mRNA,1326
XM_049686503.1,Anopheles_darlingi_mRNA,1301
XM_049686496.1,Anopheles_darlingi_mRNA,1330
XM_049686483.1,Anopheles_darlingi_mRNA,3499
XM_049686474.1,Anopheles_darlingi_mRNA,4378
XM_049686467.1,Anopheles_darlingi_mRNA,4378
XM_049686455.1,Anopheles_darlingi_mRNA,2460
XM_049686444.1,Anopheles_darlingi_mRNA,1525
XM_049686435.1,Anopheles_darlingi_mRNA,1603
XM_049686423.1,Anopheles_darlingi_mRNA,952
XM_049686409.1,Anopheles_darlingi_mRNA,4837
XM_049686402.1,Anopheles_darlingi_mRNA,4924
XM_049686394.1,Anopheles_darlingi_mRNA,5335
XM_049686386.1,Anopheles_darlingi_mRNA,5362
XM_049686373.1,Anopheles_darlingi_mRNA,910
XM_049686358.1,Anopheles_darlingi_mRNA,1784
XM_049686345.1,Anopheles_darlingi_mRNA,2818
XM_049686336.1,Anopheles_darlingi_mRNA,2788
XM_049686321.1,Anopheles_darlingi_mRNA,3467
XM_049686307.1,Anopheles_darlingi_mRNA,700
XM_049686293.1,Anopheles_darlingi_mRNA,595
XM_049686279.1,Anopheles_darlingi_mRNA,2172
XM_049686270.1,Anopheles_darlingi_mRNA,2271
XM_049686260.1,Anopheles_darlingi_mRNA,2236
XM_049686246.1,Anopheles_darlingi_mRNA,1756
XM_049686240.1,Anopheles_darlingi_mRNA,1661
XM_049686226.1,Anopheles_darlingi_mRNA,1201
XM_049686216.1,Anopheles_darlingi_mRNA,1378
XM_049686205.1,Anopheles_darlingi_mRNA,2531
XM_049686193.1,Anopheles_darlingi_mRNA,1031
XM_049686185.1,Anopheles_darlingi_mRNA,1100
XM_049686172.1,Anopheles_darlingi_mRNA,1389
XM_049686161.1,Anopheles_darlingi_mRNA,1592
XM_049686150.1,Anopheles_darlingi_mRNA,1900
XM_049686137.1,Anopheles_darlingi_mRNA,1427
XM_049686127.1,Anopheles_darlingi_mRNA,2116
XM_049686116.1,Anopheles_darlingi_mRNA,2119
XM_049686102.1,Anopheles_darlingi_mRNA,1782
XM_049686089.1,Anopheles_darlingi_mRNA,7388
XM_049686078.1,Anopheles_darlingi_mRNA,7522
XM_049686069.1,Anopheles_darlingi_mRNA,6723
XM_049686058.1,Anopheles_darlingi_mRNA,7706
XM_049686048.1,Anopheles_darlingi_mRNA,7536
XM_049686033.1,Anopheles_darlingi_mRNA,2517
XM_049686023.1,Anopheles_darlingi_mRNA,1741
XM_049686010.1,Anopheles_darlingi_mRNA,2354
XM_049685996.1,Anopheles_darlingi_mRNA,1824
XM_049685981.1,Anopheles_darlingi_mRNA,1988
XM_049685972.1,Anopheles_darlingi_mRNA,2232
XM_049685965.1,Anopheles_darlingi_mRNA,2193
XM_049685954.1,Anopheles_darlingi_mRNA,1583
XM_049685942.1,Anopheles_darlingi_mRNA,2361
XM_049685931.1,Anopheles_darlingi_mRNA,5099
XM_049685919.1,Anopheles_darlingi_mRNA,2178
XM_049685905.1,Anopheles_darlingi_mRNA,1582
XM_049685893.1,Anopheles_darlingi_mRNA,2264
XM_049685880.1,Anopheles_darlingi_mRNA,2260
XM_049685865.1,Anopheles_darlingi_mRNA,2321
XM_049685856.1,Anopheles_darlingi_mRNA,2881
XM_049685844.1,Anopheles_darlingi_mRNA,3978
XM_049685836.1,Anopheles_darlingi_mRNA,4040
XM_049685828.1,Anopheles_darlingi_mRNA,3755
XM_049685815.1,Anopheles_darlingi_mRNA,3690
XM_049685801.1,Anopheles_darlingi_mRNA,2414
XM_049685789.1,Anopheles_darlingi_mRNA,2284
XM_049685774.1,Anopheles_darlingi_mRNA,2282
XM_049685761.1,Anopheles_darlingi_mRNA,2261
XM_049685748.1,Anopheles_darlingi_mRNA,3113
XM_049685734.1,Anopheles_darlingi_mRNA,2344
XM_049685720.1,Anopheles_darlingi_mRNA,2648
XM_049685707.1,Anopheles_darlingi_mRNA,3127
XM_049685692.1,Anopheles_darlingi_mRNA,5286
XM_049685683.1,Anopheles_darlingi_mRNA,5514
XM_049685670.1,Anopheles_darlingi_mRNA,4943
XM_049685657.1,Anopheles_darlingi_mRNA,4130
XM_049685644.1,Anopheles_darlingi_mRNA,4776
XM_049685631.1,Anopheles_darlingi_mRNA,7358
XM_049685621.1,Anopheles_darlingi_mRNA,7789
XM_049685612.1,Anopheles_darlingi_mRNA,7487
XM_049685603.1,Anopheles_darlingi_mRNA,7980
XM_049685595.1,Anopheles_darlingi_mRNA,7482
XM_049685586.1,Anopheles_darlingi_mRNA,7975
XM_049685573.1,Anopheles_darlingi_mRNA,7177
XM_049685564.1,Anopheles_darlingi_mRNA,7139
XM_049685549.1,Anopheles_darlingi_mRNA,7718
XM_049685538.1,Anopheles_darlingi_mRNA,5347
XM_049685530.1,Anopheles_darlingi_mRNA,5575
XM_049685519.1,Anopheles_darlingi_mRNA,7048
XM_049685506.1,Anopheles_darlingi_mRNA,6213
XM_049685498.1,Anopheles_darlingi_mRNA,6373
XM_049685490.1,Anopheles_darlingi_mRNA,6376
XM_049685477.1,Anopheles_darlingi_mRNA,6586
XM_049685462.1,Anopheles_darlingi_mRNA,6772
XM_049685454.1,Anopheles_darlingi_mRNA,6648
XM_049685440.1,Anopheles_darlingi_mRNA,6394
XM_049685430.1,Anopheles_darlingi_mRNA,5889
XM_049685417.1,Anopheles_darlingi_mRNA,6231
XM_049685409.1,Anopheles_darlingi_mRNA,6238
XM_049685401.1,Anopheles_darlingi_mRNA,6222
XM_049685392.1,Anopheles_darlingi_mRNA,6282
XM_049685383.1,Anopheles_darlingi_mRNA,6231
XM_049685370.1,Anopheles_darlingi_mRNA,7526
XM_049685355.1,Anopheles_darlingi_mRNA,1950
XM_049685348.1,Anopheles_darlingi_mRNA,2102
XM_049685337.1,Anopheles_darlingi_mRNA,2100
XM_049685324.1,Anopheles_darlingi_mRNA,766
XM_049685311.1,Anopheles_darlingi_mRNA,2166
XM_049685305.1,Anopheles_darlingi_mRNA,2238
XM_049685292.1,Anopheles_darlingi_mRNA,6687
XM_049685283.1,Anopheles_darlingi_mRNA,6830
XM_049685273.1,Anopheles_darlingi_mRNA,6098
XM_049685266.1,Anopheles_darlingi_mRNA,6023
XM_049685256.1,Anopheles_darlingi_mRNA,6442
XM_049685249.1,Anopheles_darlingi_mRNA,6436
XM_049685240.1,Anopheles_darlingi_mRNA,6714
XM_049685227.1,Anopheles_darlingi_mRNA,3494
XM_049685213.1,Anopheles_darlingi_mRNA,5251
XM_049685205.1,Anopheles_darlingi_mRNA,5311
XM_049685196.1,Anopheles_darlingi_mRNA,5383
XM_049685184.1,Anopheles_darlingi_mRNA,2044
XM_049685172.1,Anopheles_darlingi_mRNA,2419
XM_049685159.1,Anopheles_darlingi_mRNA,795
XM_049685147.1,Anopheles_darlingi_mRNA,6473
XM_049685139.1,Anopheles_darlingi_mRNA,6619
XM_049685130.1,Anopheles_darlingi_mRNA,6648
XM_049685120.1,Anopheles_darlingi_mRNA,6643
XM_049685109.1,Anopheles_darlingi_mRNA,3351
XM_049685101.1,Anopheles_darlingi_mRNA,4252
XM_049685088.1,Anopheles_darlingi_mRNA,1030
XM_049685069.1,Anopheles_darlingi_mRNA,2123
XM_049685057.1,Anopheles_darlingi_mRNA,1648
XM_049685032.1,Anopheles_darlingi_mRNA,2212
XM_049685022.1,Anopheles_darlingi_mRNA,2718
XM_049685012.1,Anopheles_darlingi_mRNA,2851
XM_049684999.1,Anopheles_darlingi_mRNA,3780
XM_049684985.1,Anopheles_darlingi_mRNA,4775
XM_049684975.1,Anopheles_darlingi_mRNA,4911
XM_049684964.1,Anopheles_darlingi_mRNA,1862
XM_049684952.1,Anopheles_darlingi_mRNA,1272
XM_049684944.1,Anopheles_darlingi_mRNA,1273
XM_049684937.1,Anopheles_darlingi_mRNA,1319
XM_049684927.1,Anopheles_darlingi_mRNA,1620
XM_049684915.1,Anopheles_darlingi_mRNA,3195
XM_049684903.1,Anopheles_darlingi_mRNA,1633
XM_049684895.1,Anopheles_darlingi_mRNA,2161
XM_049684886.1,Anopheles_darlingi_mRNA,1661
XM_049684878.1,Anopheles_darlingi_mRNA,2097
XM_049684866.1,Anopheles_darlingi_mRNA,2759
XM_049684859.1,Anopheles_darlingi_mRNA,2728
XM_049684849.1,Anopheles_darlingi_mRNA,2728
XM_049684838.1,Anopheles_darlingi_mRNA,2454
XM_049684825.1,Anopheles_darlingi_mRNA,3123
XM_049684813.1,Anopheles_darlingi_mRNA,1196
XM_049684803.1,Anopheles_darlingi_mRNA,1205
XM_049684791.1,Anopheles_darlingi_mRNA,7676
XM_049684779.1,Anopheles_darlingi_mRNA,948
XM_049684766.1,Anopheles_darlingi_mRNA,2419
XM_049684756.1,Anopheles_darlingi_mRNA,2385
XM_049684746.1,Anopheles_darlingi_mRNA,2823
XM_049684736.1,Anopheles_darlingi_mRNA,2426
XM_049684726.1,Anopheles_darlingi_mRNA,2483
XM_049684716.1,Anopheles_darlingi_mRNA,2460
XM_049684705.1,Anopheles_darlingi_mRNA,2466
XM_049684694.1,Anopheles_darlingi_mRNA,2414
XM_049684685.1,Anopheles_darlingi_mRNA,2362
XM_049684676.1,Anopheles_darlingi_mRNA,2487
XM_049684660.1,Anopheles_darlingi_mRNA,2300
XM_049684646.1,Anopheles_darlingi_mRNA,4219
XM_049684629.1,Anopheles_darlingi_mRNA,9433
XM_049684615.1,Anopheles_darlingi_mRNA,8139
XM_049684607.1,Anopheles_darlingi_mRNA,8369
XM_049684599.1,Anopheles_darlingi_mRNA,8333
XM_049684589.1,Anopheles_darlingi_mRNA,8858
XM_049684580.1,Anopheles_darlingi_mRNA,8786
XM_049684573.1,Anopheles_darlingi_mRNA,8841
XM_049684560.1,Anopheles_darlingi_mRNA,804
XM_049684548.1,Anopheles_darlingi_mRNA,2212
XM_049684532.1,Anopheles_darlingi_mRNA,1928
XM_049684521.1,Anopheles_darlingi_mRNA,2370
XM_049684509.1,Anopheles_darlingi_mRNA,1573
XM_049684501.1,Anopheles_darlingi_mRNA,1581
XM_049684486.1,Anopheles_darlingi_mRNA,1181
XM_049684478.1,Anopheles_darlingi_mRNA,1212
XM_049684468.1,Anopheles_darlingi_mRNA,1156
XM_049684456.1,Anopheles_darlingi_mRNA,2274
XM_049684442.1,Anopheles_darlingi_mRNA,4623
XM_049684434.1,Anopheles_darlingi_mRNA,3327
XM_049684426.1,Anopheles_darlingi_mRNA,2951
XM_049684417.1,Anopheles_darlingi_mRNA,2947
XM_049684398.1,Anopheles_darlingi_mRNA,598
XM_049684384.1,Anopheles_darlingi_mRNA,1214
XM_049684371.1,Anopheles_darlingi_mRNA,796
XM_049684356.1,Anopheles_darlingi_mRNA,2325
XM_049684347.1,Anopheles_darlingi_mRNA,2397
XM_049684334.1,Anopheles_darlingi_mRNA,1747
XM_049684322.1,Anopheles_darlingi_mRNA,2232
XM_049684310.1,Anopheles_darlingi_mRNA,769
XM_049684298.1,Anopheles_darlingi_mRNA,3102
XM_049684286.1,Anopheles_darlingi_mRNA,3548
XM_049684274.1,Anopheles_darlingi_mRNA,2691
XM_049684265.1,Anopheles_darlingi_mRNA,2889
XM_049684257.1,Anopheles_darlingi_mRNA,3140
XM_049684248.1,Anopheles_darlingi_mRNA,3460
XM_049684240.1,Anopheles_darlingi_mRNA,3479
XM_049684225.1,Anopheles_darlingi_mRNA,2522
XM_049684216.1,Anopheles_darlingi_mRNA,2598
XM_049684207.1,Anopheles_darlingi_mRNA,2694
XM_049684197.1,Anopheles_darlingi_mRNA,2574
XM_049684191.1,Anopheles_darlingi_mRNA,3868
XM_049684185.1,Anopheles_darlingi_mRNA,3116
XM_049684172.1,Anopheles_darlingi_mRNA,1324
XM_049684158.1,Anopheles_darlingi_mRNA,2177
XM_049684148.1,Anopheles_darlingi_mRNA,2202
XM_049684140.1,Anopheles_darlingi_mRNA,2201
XM_049684127.1,Anopheles_darlingi_mRNA,543
XM_049684117.1,Anopheles_darlingi_mRNA,620
XM_049684105.1,Anopheles_darlingi_mRNA,663
XM_049684094.1,Anopheles_darlingi_mRNA,966
XM_049684085.1,Anopheles_darlingi_mRNA,990
XM_049684071.1,Anopheles_darlingi_mRNA,1531
XM_049684060.1,Anopheles_darlingi_mRNA,2659
XM_049684051.1,Anopheles_darlingi_mRNA,2578
XM_049684042.1,Anopheles_darlingi_mRNA,2577
XM_049684028.1,Anopheles_darlingi_mRNA,4318
XM_049684018.1,Anopheles_darlingi_mRNA,5621
XM_049684007.1,Anopheles_darlingi_mRNA,5666
XM_049683996.1,Anopheles_darlingi_mRNA,5679
XM_049683989.1,Anopheles_darlingi_mRNA,5684
XM_049683977.1,Anopheles_darlingi_mRNA,2080
XM_049683969.1,Anopheles_darlingi_mRNA,2030
XM_049683960.1,Anopheles_darlingi_mRNA,1976
XM_049683949.1,Anopheles_darlingi_mRNA,2731
XM_049683941.1,Anopheles_darlingi_mRNA,2740
XM_049683928.1,Anopheles_darlingi_mRNA,2709
XM_049683916.1,Anopheles_darlingi_mRNA,5829
XM_049683907.1,Anopheles_darlingi_mRNA,3781
XM_049683895.1,Anopheles_darlingi_mRNA,3801
XM_049683884.1,Anopheles_darlingi_mRNA,3837
XM_049683872.1,Anopheles_darlingi_mRNA,3894
XM_049683864.1,Anopheles_darlingi_mRNA,3820
XM_049683851.1,Anopheles_darlingi_mRNA,2275
XM_049683842.1,Anopheles_darlingi_mRNA,2376
XM_049683830.1,Anopheles_darlingi_mRNA,2762
XM_049683815.1,Anopheles_darlingi_mRNA,1797
XM_049683784.1,Anopheles_darlingi_mRNA,9903
XM_049683776.1,Anopheles_darlingi_mRNA,9978
XM_049683765.1,Anopheles_darlingi_mRNA,10032
XM_049683757.1,Anopheles_darlingi_mRNA,10035
XM_049683744.1,Anopheles_darlingi_mRNA,1234
XM_049683733.1,Anopheles_darlingi_mRNA,5090
XM_049683724.1,Anopheles_darlingi_mRNA,5100
XM_049683716.1,Anopheles_darlingi_mRNA,4865
XM_049683707.1,Anopheles_darlingi_mRNA,4918
XM_049683699.1,Anopheles_darlingi_mRNA,5137
XM_049683689.1,Anopheles_darlingi_mRNA,5148
XM_049683676.1,Anopheles_darlingi_mRNA,3966
XM_049683668.1,Anopheles_darlingi_mRNA,4069
XM_049683656.1,Anopheles_darlingi_mRNA,5865
XM_049683647.1,Anopheles_darlingi_mRNA,2024
XM_049683638.1,Anopheles_darlingi_mRNA,3760
XM_049683630.1,Anopheles_darlingi_mRNA,3862
XM_049683619.1,Anopheles_darlingi_mRNA,1521
XM_049683607.1,Anopheles_darlingi_mRNA,2319
XM_049683593.1,Anopheles_darlingi_mRNA,3070
XM_049683585.1,Anopheles_darlingi_mRNA,2992
XM_049683574.1,Anopheles_darlingi_mRNA,2248
XM_049683566.1,Anopheles_darlingi_mRNA,2350
XM_049683558.1,Anopheles_darlingi_mRNA,2258
XM_049683546.1,Anopheles_darlingi_mRNA,1892
XM_049683535.1,Anopheles_darlingi_mRNA,5157
XM_049683522.1,Anopheles_darlingi_mRNA,3058
XM_049683510.1,Anopheles_darlingi_mRNA,3335
XM_049683501.1,Anopheles_darlingi_mRNA,3552
XM_049683493.1,Anopheles_darlingi_mRNA,3480
XM_049683480.1,Anopheles_darlingi_mRNA,7178
XM_049683473.1,Anopheles_darlingi_mRNA,7183
XM_049683464.1,Anopheles_darlingi_mRNA,7157
XM_049683456.1,Anopheles_darlingi_mRNA,7202
XM_049683441.1,Anopheles_darlingi_mRNA,7448
XM_049683432.1,Anopheles_darlingi_mRNA,7545
XM_049683422.1,Anopheles_darlingi_mRNA,7387
XM_049683414.1,Anopheles_darlingi_mRNA,7450
XM_049683405.1,Anopheles_darlingi_mRNA,7487
XM_049683397.1,Anopheles_darlingi_mRNA,7446
XM_049683389.1,Anopheles_darlingi_mRNA,7586
XM_049683367.1,Anopheles_darlingi_mRNA,983
XM_049683354.1,Anopheles_darlingi_mRNA,3408
XM_049683341.1,Anopheles_darlingi_mRNA,1832
XM_049683327.1,Anopheles_darlingi_mRNA,4480
XM_049683319.1,Anopheles_darlingi_mRNA,2463
XM_049683308.1,Anopheles_darlingi_mRNA,2645
XM_049683296.1,Anopheles_darlingi_mRNA,2827
XM_049683284.1,Anopheles_darlingi_mRNA,4419
XM_049683275.1,Anopheles_darlingi_mRNA,4713
XM_049683248.1,Anopheles_darlingi_mRNA,715
XM_049683235.1,Anopheles_darlingi_mRNA,8045
XM_049683226.1,Anopheles_darlingi_mRNA,7810
XM_049683218.1,Anopheles_darlingi_mRNA,7951
XM_049683206.1,Anopheles_darlingi_mRNA,6631
XM_049683198.1,Anopheles_darlingi_mRNA,6850
XM_049683190.1,Anopheles_darlingi_mRNA,6758
XM_049683176.1,Anopheles_darlingi_mRNA,945
XM_049683163.1,Anopheles_darlingi_mRNA,5079
XM_049683159.1,Anopheles_darlingi_mRNA,5297
XM_049683152.1,Anopheles_darlingi_mRNA,5526
XM_049683143.1,Anopheles_darlingi_mRNA,5562
XM_049683135.1,Anopheles_darlingi_mRNA,5247
XM_049683128.1,Anopheles_darlingi_mRNA,5849
XM_049683118.1,Anopheles_darlingi_mRNA,5687
XM_049683110.1,Anopheles_darlingi_mRNA,7529
XM_049683099.1,Anopheles_darlingi_mRNA,2018
XM_049683088.1,Anopheles_darlingi_mRNA,1801
XM_049683077.1,Anopheles_darlingi_mRNA,5147
XM_049683068.1,Anopheles_darlingi_mRNA,5150
XM_049683019.1,Anopheles_darlingi_mRNA,1864
XM_049683012.1,Anopheles_darlingi_mRNA,1974
XM_049683003.1,Anopheles_darlingi_mRNA,1981
XM_049682991.1,Anopheles_darlingi_mRNA,2267
XM_049682979.1,Anopheles_darlingi_mRNA,2427
XM_049682965.1,Anopheles_darlingi_mRNA,5588
XM_049682952.1,Anopheles_darlingi_mRNA,3833
XM_049682944.1,Anopheles_darlingi_mRNA,3945
XM_049682931.1,Anopheles_darlingi_mRNA,3233
XM_049682917.1,Anopheles_darlingi_mRNA,751
XM_049682903.1,Anopheles_darlingi_mRNA,1724
XM_049682892.1,Anopheles_darlingi_mRNA,2481
XM_049682872.1,Anopheles_darlingi_mRNA,1974
XM_049682863.1,Anopheles_darlingi_mRNA,1993
XM_049682856.1,Anopheles_darlingi_mRNA,2131
XM_049682843.1,Anopheles_darlingi_mRNA,8172
XM_049682835.1,Anopheles_darlingi_mRNA,8197
XM_049682825.1,Anopheles_darlingi_mRNA,6552
XM_049682815.1,Anopheles_darlingi_mRNA,6708
XM_049682803.1,Anopheles_darlingi_mRNA,9870
XM_049682791.1,Anopheles_darlingi_mRNA,1588
XM_049682778.1,Anopheles_darlingi_mRNA,2970
XM_049682770.1,Anopheles_darlingi_mRNA,3474
XM_049682758.1,Anopheles_darlingi_mRNA,2965
XM_049682744.1,Anopheles_darlingi_mRNA,5031
XM_049682736.1,Anopheles_darlingi_mRNA,5142
XM_049682727.1,Anopheles_darlingi_mRNA,5542
XM_049682719.1,Anopheles_darlingi_mRNA,5616
XM_049682712.1,Anopheles_darlingi_mRNA,5635
XM_049682701.1,Anopheles_darlingi_mRNA,2930
XM_049682699.1,Anopheles_darlingi_mRNA,4752
XM_049682698.1,Anopheles_darlingi_mRNA,5089
XM_049682697.1,Anopheles_darlingi_mRNA,4133
XM_049682696.1,Anopheles_darlingi_mRNA,4105
XM_049682695.1,Anopheles_darlingi_mRNA,4475
XM_049682694.1,Anopheles_darlingi_mRNA,1040
XM_049682693.1,Anopheles_darlingi_mRNA,817
XM_049682692.1,Anopheles_darlingi_mRNA,1016
XM_049682690.1,Anopheles_darlingi_mRNA,1054
XM_049682689.1,Anopheles_darlingi_mRNA,925
XM_049682688.1,Anopheles_darlingi_mRNA,6240
XM_049682687.1,Anopheles_darlingi_mRNA,6256
XM_049682686.1,Anopheles_darlingi_mRNA,6396
XM_049682685.1,Anopheles_darlingi_mRNA,616
XM_049682684.1,Anopheles_darlingi_mRNA,1340
XM_049682683.1,Anopheles_darlingi_mRNA,1354
XM_049682682.1,Anopheles_darlingi_mRNA,4386
XM_049682681.1,Anopheles_darlingi_mRNA,3758
XM_049682680.1,Anopheles_darlingi_mRNA,3809
XM_049682679.1,Anopheles_darlingi_mRNA,3809
XM_049682677.1,Anopheles_darlingi_mRNA,3809
XM_049682676.1,Anopheles_darlingi_mRNA,3769
XM_049682675.1,Anopheles_darlingi_mRNA,3916
XM_049682663.1,Anopheles_darlingi_mRNA,7594
XM_049682651.1,Anopheles_darlingi_mRNA,2834
XM_049682639.1,Anopheles_darlingi_mRNA,607
XM_049682626.1,Anopheles_darlingi_mRNA,771
XM_049682612.1,Anopheles_darlingi_mRNA,793
XM_049682589.1,Anopheles_darlingi_mRNA,509
XM_049682578.1,Anopheles_darlingi_mRNA,531
XM_049682566.1,Anopheles_darlingi_mRNA,596
XM_049682542.1,Anopheles_darlingi_mRNA,759
XM_049682530.1,Anopheles_darlingi_mRNA,1178
XM_049682517.1,Anopheles_darlingi_mRNA,605
XM_049682505.1,Anopheles_darlingi_mRNA,3158
XM_049682497.1,Anopheles_darlingi_mRNA,3105
XM_049682486.1,Anopheles_darlingi_mRNA,5170
XM_049682477.1,Anopheles_darlingi_mRNA,5247
XM_049682468.1,Anopheles_darlingi_mRNA,5707
XM_049682458.1,Anopheles_darlingi_mRNA,5711
XM_049682445.1,Anopheles_darlingi_mRNA,1538
XM_049682432.1,Anopheles_darlingi_mRNA,2228
XM_049682422.1,Anopheles_darlingi_mRNA,1103
XM_049682413.1,Anopheles_darlingi_mRNA,1143
XM_049682402.1,Anopheles_darlingi_mRNA,2651
XM_049682393.1,Anopheles_darlingi_mRNA,2724
XM_049682374.1,Anopheles_darlingi_mRNA,3741
XM_049682360.1,Anopheles_darlingi_mRNA,1849
XM_049682345.1,Anopheles_darlingi_mRNA,2259
XM_049682337.1,Anopheles_darlingi_mRNA,2210
XM_049682328.1,Anopheles_darlingi_mRNA,2054
XM_049682319.1,Anopheles_darlingi_mRNA,2206
XM_049682306.1,Anopheles_darlingi_mRNA,1330
XM_049682293.1,Anopheles_darlingi_mRNA,1591
XM_049682280.1,Anopheles_darlingi_mRNA,1713
XM_049682271.1,Anopheles_darlingi_mRNA,1509
XM_049682262.1,Anopheles_darlingi_mRNA,1542
XM_049682250.1,Anopheles_darlingi_mRNA,2132
XM_049682237.1,Anopheles_darlingi_mRNA,1372
XM_049682228.1,Anopheles_darlingi_mRNA,1302
XM_049682216.1,Anopheles_darlingi_mRNA,1266
XM_049682204.1,Anopheles_darlingi_mRNA,1519
XM_049682195.1,Anopheles_darlingi_mRNA,1835
XM_049682181.1,Anopheles_darlingi_mRNA,1988
XM_049682173.1,Anopheles_darlingi_mRNA,3530
XM_049682164.1,Anopheles_darlingi_mRNA,3552
XM_049682149.1,Anopheles_darlingi_mRNA,1536
XM_049682137.1,Anopheles_darlingi_mRNA,1624
XM_049682124.1,Anopheles_darlingi_mRNA,1791
XM_049682112.1,Anopheles_darlingi_mRNA,3105
XM_049682104.1,Anopheles_darlingi_mRNA,3903
XM_049682095.1,Anopheles_darlingi_mRNA,4754
XM_049682086.1,Anopheles_darlingi_mRNA,2059
XM_049682076.1,Anopheles_darlingi_mRNA,4183
XM_049682067.1,Anopheles_darlingi_mRNA,4655
XM_049682058.1,Anopheles_darlingi_mRNA,4740
XM_049682050.1,Anopheles_darlingi_mRNA,5020
XM_049682042.1,Anopheles_darlingi_mRNA,4775
XM_049682034.1,Anopheles_darlingi_mRNA,5016
XM_049682026.1,Anopheles_darlingi_mRNA,4772
XM_049682018.1,Anopheles_darlingi_mRNA,5224
XM_049682010.1,Anopheles_darlingi_mRNA,5258
XM_049682001.1,Anopheles_darlingi_mRNA,5067
XM_049681991.1,Anopheles_darlingi_mRNA,4173
XM_049681982.1,Anopheles_darlingi_mRNA,4946
XM_049681972.1,Anopheles_darlingi_mRNA,4927
XM_049681964.1,Anopheles_darlingi_mRNA,4986
XM_049681956.1,Anopheles_darlingi_mRNA,4955
XM_049681947.1,Anopheles_darlingi_mRNA,4970
XM_049681936.1,Anopheles_darlingi_mRNA,6034
XM_049681924.1,Anopheles_darlingi_mRNA,3026
XM_049681918.1,Anopheles_darlingi_mRNA,2954
XM_049681912.1,Anopheles_darlingi_mRNA,3029
XM_049681901.1,Anopheles_darlingi_mRNA,1517
XM_049681893.1,Anopheles_darlingi_mRNA,2480
XM_049681885.1,Anopheles_darlingi_mRNA,2117
XM_049681877.1,Anopheles_darlingi_mRNA,2172
XM_049681865.1,Anopheles_darlingi_mRNA,2519
XM_049681854.1,Anopheles_darlingi_mRNA,2540
XM_049681842.1,Anopheles_darlingi_mRNA,2278
XM_049681831.1,Anopheles_darlingi_mRNA,3380
XM_049681823.1,Anopheles_darlingi_mRNA,2860
XM_049681815.1,Anopheles_darlingi_mRNA,3383
XM_049681803.1,Anopheles_darlingi_mRNA,1879
XM_049681792.1,Anopheles_darlingi_mRNA,3631
XM_049681780.1,Anopheles_darlingi_mRNA,2186
XM_049681768.1,Anopheles_darlingi_mRNA,3592
XM_049681755.1,Anopheles_darlingi_mRNA,2804
XM_049681745.1,Anopheles_darlingi_mRNA,3231
XM_049681732.1,Anopheles_darlingi_mRNA,6378
XM_049681724.1,Anopheles_darlingi_mRNA,6405
XM_049681716.1,Anopheles_darlingi_mRNA,6430
XM_049681707.1,Anopheles_darlingi_mRNA,6429
XM_049681694.1,Anopheles_darlingi_mRNA,5548
XM_049681686.1,Anopheles_darlingi_mRNA,5568
XM_049681676.1,Anopheles_darlingi_mRNA,6247
XM_049681667.1,Anopheles_darlingi_mRNA,5459
XM_049681654.1,Anopheles_darlingi_mRNA,3635
XM_049681640.1,Anopheles_darlingi_mRNA,4791
XM_049681631.1,Anopheles_darlingi_mRNA,4838
XM_049681618.1,Anopheles_darlingi_mRNA,4176
XM_049681611.1,Anopheles_darlingi_mRNA,4255
XM_049681602.1,Anopheles_darlingi_mRNA,5175
XM_049681594.1,Anopheles_darlingi_mRNA,4322
XM_049681586.1,Anopheles_darlingi_mRNA,5395
XM_049681576.1,Anopheles_darlingi_mRNA,4422
XM_049681568.1,Anopheles_darlingi_mRNA,4439
XM_049681558.1,Anopheles_darlingi_mRNA,4434
XM_049681551.1,Anopheles_darlingi_mRNA,4429
XM_049681540.1,Anopheles_darlingi_mRNA,3856
XM_049681527.1,Anopheles_darlingi_mRNA,10322
XM_049681517.1,Anopheles_darlingi_mRNA,10340
XM_049681507.1,Anopheles_darlingi_mRNA,10367
XM_049681499.1,Anopheles_darlingi_mRNA,10370
XM_049681487.1,Anopheles_darlingi_mRNA,4540
XM_049681479.1,Anopheles_darlingi_mRNA,4542
XM_049681471.1,Anopheles_darlingi_mRNA,4637
XM_049681462.1,Anopheles_darlingi_mRNA,4595
XM_049681451.1,Anopheles_darlingi_mRNA,4670
XM_049681442.1,Anopheles_darlingi_mRNA,6580
XM_049681434.1,Anopheles_darlingi_mRNA,6680
XM_049681425.1,Anopheles_darlingi_mRNA,6150
XM_049681416.1,Anopheles_darlingi_mRNA,6667
XM_049681407.1,Anopheles_darlingi_mRNA,6147
XM_049681399.1,Anopheles_darlingi_mRNA,6674
XM_049681390.1,Anopheles_darlingi_mRNA,6583
XM_049681378.1,Anopheles_darlingi_mRNA,7024
XM_049681370.1,Anopheles_darlingi_mRNA,8356
XM_049681362.1,Anopheles_darlingi_mRNA,8440
XM_049681350.1,Anopheles_darlingi_mRNA,5012
XM_049681336.1,Anopheles_darlingi_mRNA,10841
XM_049681327.1,Anopheles_darlingi_mRNA,10889
XM_049681319.1,Anopheles_darlingi_mRNA,10909
XM_049681309.1,Anopheles_darlingi_mRNA,11076
XM_049681299.1,Anopheles_darlingi_mRNA,10969
XM_049681290.1,Anopheles_darlingi_mRNA,10978
XM_049681282.1,Anopheles_darlingi_mRNA,10961
XM_049681269.1,Anopheles_darlingi_mRNA,8387
XM_049681261.1,Anopheles_darlingi_mRNA,8917
XM_049681252.1,Anopheles_darlingi_mRNA,8030
XM_049681245.1,Anopheles_darlingi_mRNA,8343
XM_049681237.1,Anopheles_darlingi_mRNA,8369
XM_049681228.1,Anopheles_darlingi_mRNA,8067
XM_049681220.1,Anopheles_darlingi_mRNA,8067
XM_049681211.1,Anopheles_darlingi_mRNA,8089
XM_049681201.1,Anopheles_darlingi_mRNA,8201
XM_049681194.1,Anopheles_darlingi_mRNA,8291
XM_049681185.1,Anopheles_darlingi_mRNA,8964
XM_049681177.1,Anopheles_darlingi_mRNA,8390
XM_049681166.1,Anopheles_darlingi_mRNA,8381
XM_049681156.1,Anopheles_darlingi_mRNA,9143
XM_049681147.1,Anopheles_darlingi_mRNA,8804
XM_049681136.1,Anopheles_darlingi_mRNA,10144
XM_049681127.1,Anopheles_darlingi_mRNA,8587
XM_049681118.1,Anopheles_darlingi_mRNA,9152
XM_049681107.1,Anopheles_darlingi_mRNA,1731
XM_049681095.1,Anopheles_darlingi_mRNA,2993
XM_049681086.1,Anopheles_darlingi_mRNA,1931
XM_049681074.1,Anopheles_darlingi_mRNA,2455
XM_049681061.1,Anopheles_darlingi_mRNA,1782
XM_049681048.1,Anopheles_darlingi_mRNA,5704
XM_049681039.1,Anopheles_darlingi_mRNA,5749
XM_049681028.1,Anopheles_darlingi_mRNA,5752
XM_049681018.1,Anopheles_darlingi_mRNA,11427
XM_049681005.1,Anopheles_darlingi_mRNA,3326
XM_049680997.1,Anopheles_darlingi_mRNA,6392
XM_049680983.1,Anopheles_darlingi_mRNA,4873
XM_049680970.1,Anopheles_darlingi_mRNA,6905
XM_049680960.1,Anopheles_darlingi_mRNA,6159
XM_049680949.1,Anopheles_darlingi_mRNA,2039
XM_049680940.1,Anopheles_darlingi_mRNA,6186
XM_049680933.1,Anopheles_darlingi_mRNA,6189
XM_049680921.1,Anopheles_darlingi_mRNA,13326
XM_049680912.1,Anopheles_darlingi_mRNA,13270
XM_049680905.1,Anopheles_darlingi_mRNA,13369
XM_049680897.1,Anopheles_darlingi_mRNA,13325
XM_049680884.1,Anopheles_darlingi_mRNA,2148
XM_049680871.1,Anopheles_darlingi_mRNA,1883
XM_049680862.1,Anopheles_darlingi_mRNA,1914
XM_049680845.1,Anopheles_darlingi_mRNA,3381
XM_049680835.1,Anopheles_darlingi_mRNA,3391
XM_049680826.1,Anopheles_darlingi_mRNA,3314
XM_049680819.1,Anopheles_darlingi_mRNA,3318
XM_049680809.1,Anopheles_darlingi_mRNA,3438
XM_049680789.1,Anopheles_darlingi_mRNA,2560
XM_049680781.1,Anopheles_darlingi_mRNA,2551
XM_049680775.1,Anopheles_darlingi_mRNA,2785
XM_049680764.1,Anopheles_darlingi_mRNA,2706
XM_049680757.1,Anopheles_darlingi_mRNA,2823
XM_049680743.1,Anopheles_darlingi_mRNA,11054
XM_049680734.1,Anopheles_darlingi_mRNA,10865
XM_049680726.1,Anopheles_darlingi_mRNA,10930
XM_049680717.1,Anopheles_darlingi_mRNA,10867
XM_049680707.1,Anopheles_darlingi_mRNA,10923
XM_049680698.1,Anopheles_darlingi_mRNA,10954
XM_049680686.1,Anopheles_darlingi_mRNA,2885
XM_049680680.1,Anopheles_darlingi_mRNA,2835
XM_049680671.1,Anopheles_darlingi_mRNA,3599
XM_049680663.1,Anopheles_darlingi_mRNA,2819
XM_049680655.1,Anopheles_darlingi_mRNA,2940
XM_049680648.1,Anopheles_darlingi_mRNA,3450
XM_049680640.1,Anopheles_darlingi_mRNA,2336
XM_049680633.1,Anopheles_darlingi_mRNA,3556
XM_049680624.1,Anopheles_darlingi_mRNA,4214
XM_049680613.1,Anopheles_darlingi_mRNA,4600
XM_049680602.1,Anopheles_darlingi_mRNA,2528
XM_049680591.1,Anopheles_darlingi_mRNA,938
XM_049680582.1,Anopheles_darlingi_mRNA,970
XM_049680570.1,Anopheles_darlingi_mRNA,1203
XM_049680562.1,Anopheles_darlingi_mRNA,1222
XM_049680549.1,Anopheles_darlingi_mRNA,1671
XM_049680533.1,Anopheles_darlingi_mRNA,2801
XM_049680526.1,Anopheles_darlingi_mRNA,3586
XM_049680517.1,Anopheles_darlingi_mRNA,2790
XM_049680507.1,Anopheles_darlingi_mRNA,3695
XM_049680494.1,Anopheles_darlingi_mRNA,4433
XM_049680483.1,Anopheles_darlingi_mRNA,872
XM_049680471.1,Anopheles_darlingi_mRNA,2135
XM_049680460.1,Anopheles_darlingi_mRNA,3318
XM_049680451.1,Anopheles_darlingi_mRNA,3319
XM_049680442.1,Anopheles_darlingi_mRNA,3320
XM_049680431.1,Anopheles_darlingi_mRNA,3385
XM_049680422.1,Anopheles_darlingi_mRNA,3320
XM_049680413.1,Anopheles_darlingi_mRNA,3319
XM_049680404.1,Anopheles_darlingi_mRNA,3369
XM_049680396.1,Anopheles_darlingi_mRNA,3434
XM_049680387.1,Anopheles_darlingi_mRNA,3401
XM_049680375.1,Anopheles_darlingi_mRNA,2024
XM_049680367.1,Anopheles_darlingi_mRNA,2000
XM_049680356.1,Anopheles_darlingi_mRNA,2303
XM_049680347.1,Anopheles_darlingi_mRNA,2320
XM_049680339.1,Anopheles_darlingi_mRNA,2296
XM_049680326.1,Anopheles_darlingi_mRNA,2226
XM_049680318.1,Anopheles_darlingi_mRNA,2240
XM_049680309.1,Anopheles_darlingi_mRNA,2248
XM_049680297.1,Anopheles_darlingi_mRNA,1230
XM_049680288.1,Anopheles_darlingi_mRNA,1427
XM_049680276.1,Anopheles_darlingi_mRNA,2809
XM_049680263.1,Anopheles_darlingi_mRNA,1504
XM_049680253.1,Anopheles_darlingi_mRNA,1507
XM_049680241.1,Anopheles_darlingi_mRNA,6786
XM_049680233.1,Anopheles_darlingi_mRNA,7131
XM_049680224.1,Anopheles_darlingi_mRNA,6808
XM_049680216.1,Anopheles_darlingi_mRNA,6858
XM_049680209.1,Anopheles_darlingi_mRNA,6409
XM_049680200.1,Anopheles_darlingi_mRNA,6448
XM_049680192.1,Anopheles_darlingi_mRNA,7447
XM_049680185.1,Anopheles_darlingi_mRNA,7357
XM_049680177.1,Anopheles_darlingi_mRNA,8477
XM_049680168.1,Anopheles_darlingi_mRNA,7732
XM_049680160.1,Anopheles_darlingi_mRNA,7802
XM_049680150.1,Anopheles_darlingi_mRNA,7602
XM_049680138.1,Anopheles_darlingi_mRNA,553
XM_049680129.1,Anopheles_darlingi_mRNA,556
XM_049680118.1,Anopheles_darlingi_mRNA,2304
XM_049680107.1,Anopheles_darlingi_mRNA,3177
XM_049680097.1,Anopheles_darlingi_mRNA,3242
XM_049680083.1,Anopheles_darlingi_mRNA,3836
XM_049680075.1,Anopheles_darlingi_mRNA,3926
XM_049680067.1,Anopheles_darlingi_mRNA,3941
XM_049680059.1,Anopheles_darlingi_mRNA,3946
XM_049680051.1,Anopheles_darlingi_mRNA,3954
XM_049680043.1,Anopheles_darlingi_mRNA,3980
XM_049680030.1,Anopheles_darlingi_mRNA,2152
XM_049680017.1,Anopheles_darlingi_mRNA,2175
XM_049680004.1,Anopheles_darlingi_mRNA,1113
XM_049679994.1,Anopheles_darlingi_mRNA,1113
XM_049679985.1,Anopheles_darlingi_mRNA,1143
XM_049679977.1,Anopheles_darlingi_mRNA,1158
XM_049679968.1,Anopheles_darlingi_mRNA,1158
XM_049679959.1,Anopheles_darlingi_mRNA,1173
XM_049679950.1,Anopheles_darlingi_mRNA,1188
XM_049679942.1,Anopheles_darlingi_mRNA,1188
XM_049679932.1,Anopheles_darlingi_mRNA,1218
XM_049679927.1,Anopheles_darlingi_mRNA,1218
XM_049679918.1,Anopheles_darlingi_mRNA,1233
XM_049679908.1,Anopheles_darlingi_mRNA,1248
XM_049679900.1,Anopheles_darlingi_mRNA,1248
XM_049679890.1,Anopheles_darlingi_mRNA,1263
XM_049679882.1,Anopheles_darlingi_mRNA,1293
XM_049679875.1,Anopheles_darlingi_mRNA,1293
XM_049679866.1,Anopheles_darlingi_mRNA,1323
XM_049679858.1,Anopheles_darlingi_mRNA,1829
XM_049679850.1,Anopheles_darlingi_mRNA,1860
XM_049679840.1,Anopheles_darlingi_mRNA,1936
XM_049679832.1,Anopheles_darlingi_mRNA,1966
XM_049679823.1,Anopheles_darlingi_mRNA,1966
XM_049679816.1,Anopheles_darlingi_mRNA,1980
XM_049679806.1,Anopheles_darlingi_mRNA,1996
XM_049679799.1,Anopheles_darlingi_mRNA,2041
XM_049679789.1,Anopheles_darlingi_mRNA,2071
XM_049679780.1,Anopheles_darlingi_mRNA,2086
XM_049679772.1,Anopheles_darlingi_mRNA,2084
XM_049679762.1,Anopheles_darlingi_mRNA,2100
XM_049679754.1,Anopheles_darlingi_mRNA,2117
XM_049679747.1,Anopheles_darlingi_mRNA,2162
XM_049679737.1,Anopheles_darlingi_mRNA,2160
XM_049679728.1,Anopheles_darlingi_mRNA,2191
XM_049679720.1,Anopheles_darlingi_mRNA,2206
XM_049679712.1,Anopheles_darlingi_mRNA,2205
XM_049679702.1,Anopheles_darlingi_mRNA,2221
XM_049679693.1,Anopheles_darlingi_mRNA,2236
XM_049679683.1,Anopheles_darlingi_mRNA,2235
XM_049679673.1,Anopheles_darlingi_mRNA,2266
XM_049679663.1,Anopheles_darlingi_mRNA,2266
XM_049679654.1,Anopheles_darlingi_mRNA,2281
XM_049679645.1,Anopheles_darlingi_mRNA,2296
XM_049679636.1,Anopheles_darlingi_mRNA,2295
XM_049679627.1,Anopheles_darlingi_mRNA,2311
XM_049679618.1,Anopheles_darlingi_mRNA,2341
XM_049679608.1,Anopheles_darlingi_mRNA,2341
XM_049679599.1,Anopheles_darlingi_mRNA,2371
XM_049679590.1,Anopheles_darlingi_mRNA,2371
XM_049679582.1,Anopheles_darlingi_mRNA,2412
XM_049679574.1,Anopheles_darlingi_mRNA,2415
XM_049679560.1,Anopheles_darlingi_mRNA,1899
XM_049679537.1,Anopheles_darlingi_mRNA,2271
XM_049679524.1,Anopheles_darlingi_mRNA,2545
XM_049679518.1,Anopheles_darlingi_mRNA,2954
XM_049679509.1,Anopheles_darlingi_mRNA,3072
XM_049679500.1,Anopheles_darlingi_mRNA,2959
XM_049679492.1,Anopheles_darlingi_mRNA,2994
XM_049679478.1,Anopheles_darlingi_mRNA,4951
XM_049679469.1,Anopheles_darlingi_mRNA,4945
XM_049679458.1,Anopheles_darlingi_mRNA,4998
XM_049679449.1,Anopheles_darlingi_mRNA,5150
XM_049679436.1,Anopheles_darlingi_mRNA,1244
XM_049679421.1,Anopheles_darlingi_mRNA,1633
XM_049679407.1,Anopheles_darlingi_mRNA,2558
XM_049679397.1,Anopheles_darlingi_mRNA,2979
XM_049679389.1,Anopheles_darlingi_mRNA,2900
XM_049679380.1,Anopheles_darlingi_mRNA,2945
XM_049679367.1,Anopheles_darlingi_mRNA,4170
XM_049679358.1,Anopheles_darlingi_mRNA,4258
XM_049679347.1,Anopheles_darlingi_mRNA,7953
XM_049679338.1,Anopheles_darlingi_mRNA,9527
XM_049679330.1,Anopheles_darlingi_mRNA,9530
XM_049679322.1,Anopheles_darlingi_mRNA,9297
XM_049679313.1,Anopheles_darlingi_mRNA,9680
XM_049679304.1,Anopheles_darlingi_mRNA,9683
XM_049679291.1,Anopheles_darlingi_mRNA,1157
XM_049679280.1,Anopheles_darlingi_mRNA,1199
XM_049679269.1,Anopheles_darlingi_mRNA,1605
XM_049679257.1,Anopheles_darlingi_mRNA,2095
XM_049679247.1,Anopheles_darlingi_mRNA,2055
XM_049679239.1,Anopheles_darlingi_mRNA,2097
XM_049679230.1,Anopheles_darlingi_mRNA,2097
XM_049679217.1,Anopheles_darlingi_mRNA,2482
XM_049679207.1,Anopheles_darlingi_mRNA,3423
XM_049679195.1,Anopheles_darlingi_mRNA,3136
XM_049679182.1,Anopheles_darlingi_mRNA,3004
XM_049679169.1,Anopheles_darlingi_mRNA,2164
XM_049679159.1,Anopheles_darlingi_mRNA,2198
XM_049679147.1,Anopheles_darlingi_mRNA,7348
XM_049679142.1,Anopheles_darlingi_mRNA,7312
XM_049679134.1,Anopheles_darlingi_mRNA,7644
XM_049679126.1,Anopheles_darlingi_mRNA,5238
XM_049679118.1,Anopheles_darlingi_mRNA,5604
XM_049679109.1,Anopheles_darlingi_mRNA,7604
XM_049679096.1,Anopheles_darlingi_mRNA,1318
XM_049679081.1,Anopheles_darlingi_mRNA,1564
XM_049679068.1,Anopheles_darlingi_mRNA,6452
XM_049679058.1,Anopheles_darlingi_mRNA,6108
XM_049679049.1,Anopheles_darlingi_mRNA,6304
XM_049679039.1,Anopheles_darlingi_mRNA,6240
XM_049679029.1,Anopheles_darlingi_mRNA,6457
XM_049679019.1,Anopheles_darlingi_mRNA,3003
XM_049679005.1,Anopheles_darlingi_mRNA,983
XM_049678992.1,Anopheles_darlingi_mRNA,2008
XM_049678986.1,Anopheles_darlingi_mRNA,1801
XM_049678977.1,Anopheles_darlingi_mRNA,1827
XM_049678968.1,Anopheles_darlingi_mRNA,1764
XM_049678959.1,Anopheles_darlingi_mRNA,1817
XM_049678951.1,Anopheles_darlingi_mRNA,1771
XM_049678943.1,Anopheles_darlingi_mRNA,1826
XM_049678932.1,Anopheles_darlingi_mRNA,6802
XM_049678923.1,Anopheles_darlingi_mRNA,7140
XM_049678914.1,Anopheles_darlingi_mRNA,6634
XM_049678906.1,Anopheles_darlingi_mRNA,2705
XM_049678897.1,Anopheles_darlingi_mRNA,5059
XM_049678889.1,Anopheles_darlingi_mRNA,5001
XM_049678879.1,Anopheles_darlingi_mRNA,5057
XM_049678869.1,Anopheles_darlingi_mRNA,5148
XM_049678828.1,Anopheles_darlingi_mRNA,2253
XM_049678814.1,Anopheles_darlingi_mRNA,1790
XM_049678803.1,Anopheles_darlingi_mRNA,1437
XM_049678796.1,Anopheles_darlingi_mRNA,1437
XM_049678785.1,Anopheles_darlingi_mRNA,2398
XM_049678776.1,Anopheles_darlingi_mRNA,1930
XM_049678762.1,Anopheles_darlingi_mRNA,2295
XM_049678753.1,Anopheles_darlingi_mRNA,1827
XM_049678739.1,Anopheles_darlingi_mRNA,2036
XM_049678730.1,Anopheles_darlingi_mRNA,1825
XM_049678718.1,Anopheles_darlingi_mRNA,2771
XM_049678708.1,Anopheles_darlingi_mRNA,3309
XM_049678697.1,Anopheles_darlingi_mRNA,2777
XM_049678689.1,Anopheles_darlingi_mRNA,3948
XM_049678681.1,Anopheles_darlingi_mRNA,4282
XM_049678672.1,Anopheles_darlingi_mRNA,4408
XM_049678664.1,Anopheles_darlingi_mRNA,2961
XM_049678657.1,Anopheles_darlingi_mRNA,2933
XM_049678649.1,Anopheles_darlingi_mRNA,2937
XM_049678641.1,Anopheles_darlingi_mRNA,4426
XM_049678633.1,Anopheles_darlingi_mRNA,4423
XM_049678624.1,Anopheles_darlingi_mRNA,4092
XM_049678616.1,Anopheles_darlingi_mRNA,4089
XM_049678604.1,Anopheles_darlingi_mRNA,2008
XM_049678595.1,Anopheles_darlingi_mRNA,2404
XM_049678587.1,Anopheles_darlingi_mRNA,2035
XM_049678578.1,Anopheles_darlingi_mRNA,2035
XM_049678570.1,Anopheles_darlingi_mRNA,2431
XM_049678555.1,Anopheles_darlingi_mRNA,1860
XM_049678541.1,Anopheles_darlingi_mRNA,3405
XM_049678526.1,Anopheles_darlingi_mRNA,9941
XM_049678517.1,Anopheles_darlingi_mRNA,8361
XM_049678509.1,Anopheles_darlingi_mRNA,9132
XM_049678501.1,Anopheles_darlingi_mRNA,9152
XM_049678491.1,Anopheles_darlingi_mRNA,10365
XM_049678482.1,Anopheles_darlingi_mRNA,10632
XM_049678473.1,Anopheles_darlingi_mRNA,10638
XM_049678464.1,Anopheles_darlingi_mRNA,10659
XM_049678457.1,Anopheles_darlingi_mRNA,11541
XM_049678449.1,Anopheles_darlingi_mRNA,10932
XM_049678436.1,Anopheles_darlingi_mRNA,677
XM_049678423.1,Anopheles_darlingi_mRNA,677
XM_049678411.1,Anopheles_darlingi_mRNA,570
XM_049678397.1,Anopheles_darlingi_mRNA,1250
XM_049678383.1,Anopheles_darlingi_mRNA,1054
XM_049678371.1,Anopheles_darlingi_mRNA,1124
XM_049678357.1,Anopheles_darlingi_mRNA,1251
XM_049678343.1,Anopheles_darlingi_mRNA,618
XM_049678330.1,Anopheles_darlingi_mRNA,685
XM_049678319.1,Anopheles_darlingi_mRNA,741
XM_049678307.1,Anopheles_darlingi_mRNA,957
XM_049678298.1,Anopheles_darlingi_mRNA,1149
XM_049678290.1,Anopheles_darlingi_mRNA,1149
XM_049678282.1,Anopheles_darlingi_mRNA,1557
XM_049678272.1,Anopheles_darlingi_mRNA,1255
XM_049678259.1,Anopheles_darlingi_mRNA,1314
XM_049678249.1,Anopheles_darlingi_mRNA,1414
XM_049678234.1,Anopheles_darlingi_mRNA,3414
XM_049678221.1,Anopheles_darlingi_mRNA,7258
XM_049678210.1,Anopheles_darlingi_mRNA,4622
XM_049678201.1,Anopheles_darlingi_mRNA,5745
XM_049678193.1,Anopheles_darlingi_mRNA,5668
XM_049678183.1,Anopheles_darlingi_mRNA,5781
XM_049678179.1,Anopheles_darlingi_mRNA,4877
XM_049678171.1,Anopheles_darlingi_mRNA,5795
XM_049678163.1,Anopheles_darlingi_mRNA,5813
XM_049678155.1,Anopheles_darlingi_mRNA,5837
XM_049678147.1,Anopheles_darlingi_mRNA,5843
XM_049678139.1,Anopheles_darlingi_mRNA,5855
XM_049678129.1,Anopheles_darlingi_mRNA,5861
XM_049678119.1,Anopheles_darlingi_mRNA,5876
XM_049678110.1,Anopheles_darlingi_mRNA,5873
XM_049678101.1,Anopheles_darlingi_mRNA,5878
XM_049677999.1,Anopheles_darlingi_mRNA,3406
XM_049677986.1,Anopheles_darlingi_mRNA,1928
XM_049677975.1,Anopheles_darlingi_mRNA,1865
XM_049677963.1,Anopheles_darlingi_mRNA,1793
XM_049677953.1,Anopheles_darlingi_mRNA,1912
XM_049677940.1,Anopheles_darlingi_mRNA,1683
XM_049677927.1,Anopheles_darlingi_mRNA,2758
XM_049677912.1,Anopheles_darlingi_mRNA,3829
XM_049677902.1,Anopheles_darlingi_mRNA,3841
XM_049677888.1,Anopheles_darlingi_mRNA,5893
XM_049677874.1,Anopheles_darlingi_mRNA,12610
XM_049677865.1,Anopheles_darlingi_mRNA,12671
XM_049677856.1,Anopheles_darlingi_mRNA,12738
XM_049677847.1,Anopheles_darlingi_mRNA,12637
XM_049677833.1,Anopheles_darlingi_mRNA,832
XM_049677820.1,Anopheles_darlingi_mRNA,840
XM_049677809.1,Anopheles_darlingi_mRNA,1054
XM_049677796.1,Anopheles_darlingi_mRNA,1141
XM_049677784.1,Anopheles_darlingi_mRNA,1170
XM_049677772.1,Anopheles_darlingi_mRNA,2285
XM_049677760.1,Anopheles_darlingi_mRNA,1596
XM_049677751.1,Anopheles_darlingi_mRNA,1568
XM_049677739.1,Anopheles_darlingi_mRNA,1918
XM_049677723.1,Anopheles_darlingi_mRNA,2990
XM_049677713.1,Anopheles_darlingi_mRNA,2998
XM_049677703.1,Anopheles_darlingi_mRNA,3080
XM_049677689.1,Anopheles_darlingi_mRNA,4919
XM_049677680.1,Anopheles_darlingi_mRNA,4919
XM_049677666.1,Anopheles_darlingi_mRNA,4206
XM_049677660.1,Anopheles_darlingi_mRNA,5378
XM_049677651.1,Anopheles_darlingi_mRNA,5451
XM_049677639.1,Anopheles_darlingi_mRNA,6656
XM_049677628.1,Anopheles_darlingi_mRNA,5859
XM_049677617.1,Anopheles_darlingi_mRNA,8480
XM_049677606.1,Anopheles_darlingi_mRNA,3900
XM_049677598.1,Anopheles_darlingi_mRNA,4167
XM_049677587.1,Anopheles_darlingi_mRNA,1343
XM_049677577.1,Anopheles_darlingi_mRNA,1350
XM_049677569.1,Anopheles_darlingi_mRNA,1353
XM_049677545.1,Anopheles_darlingi_mRNA,601
XM_049677533.1,Anopheles_darlingi_mRNA,1172
XM_049677520.1,Anopheles_darlingi_mRNA,1513
XM_049677507.1,Anopheles_darlingi_mRNA,646
XM_049677494.1,Anopheles_darlingi_mRNA,1843
XM_049677480.1,Anopheles_darlingi_mRNA,1051
XM_049677469.1,Anopheles_darlingi_mRNA,968
XM_049677460.1,Anopheles_darlingi_mRNA,1867
XM_049677448.1,Anopheles_darlingi_mRNA,1870
XM_049677439.1,Anopheles_darlingi_mRNA,1915
XM_049677425.1,Anopheles_darlingi_mRNA,814
XM_049677411.1,Anopheles_darlingi_mRNA,892
XM_049677398.1,Anopheles_darlingi_mRNA,1881
XM_049677387.1,Anopheles_darlingi_mRNA,1258
XM_049677379.1,Anopheles_darlingi_mRNA,1258
XM_049677368.1,Anopheles_darlingi_mRNA,1257
XM_049677359.1,Anopheles_darlingi_mRNA,1255
XM_049677349.1,Anopheles_darlingi_mRNA,1959
XM_049677340.1,Anopheles_darlingi_mRNA,1966
XM_049677330.1,Anopheles_darlingi_mRNA,1236
XM_049677322.1,Anopheles_darlingi_mRNA,1236
XM_049677313.1,Anopheles_darlingi_mRNA,1235
XM_049677305.1,Anopheles_darlingi_mRNA,1233
XM_049677294.1,Anopheles_darlingi_mRNA,887
XM_049677282.1,Anopheles_darlingi_mRNA,2226
XM_049677269.1,Anopheles_darlingi_mRNA,1845
XM_049677255.1,Anopheles_darlingi_mRNA,1954
XM_049677243.1,Anopheles_darlingi_mRNA,1084
XM_049677229.1,Anopheles_darlingi_mRNA,1594
XM_049677219.1,Anopheles_darlingi_mRNA,1566
XM_049677206.1,Anopheles_darlingi_mRNA,1351
XM_049677191.1,Anopheles_darlingi_mRNA,1896
XM_049677176.1,Anopheles_darlingi_mRNA,937
XM_049677161.1,Anopheles_darlingi_mRNA,2833
XM_049677148.1,Anopheles_darlingi_mRNA,3369
XM_049677140.1,Anopheles_darlingi_mRNA,3795
XM_049677130.1,Anopheles_darlingi_mRNA,3310
XM_049677124.1,Anopheles_darlingi_mRNA,3224
XM_049677116.1,Anopheles_darlingi_mRNA,3226
XM_049677104.1,Anopheles_darlingi_mRNA,1042
XM_049677091.1,Anopheles_darlingi_mRNA,2550
XM_049677083.1,Anopheles_darlingi_mRNA,2667
XM_049677071.1,Anopheles_darlingi_mRNA,1510
XM_049677059.1,Anopheles_darlingi_mRNA,1108
XM_049677047.1,Anopheles_darlingi_mRNA,1628
XM_049677035.1,Anopheles_darlingi_mRNA,2153
XM_049677026.1,Anopheles_darlingi_mRNA,2374
XM_049677002.1,Anopheles_darlingi_mRNA,1764
XM_049676973.1,Anopheles_darlingi_mRNA,1377
XM_049676960.1,Anopheles_darlingi_mRNA,1656
XM_049676952.1,Anopheles_darlingi_mRNA,1816
XM_049676943.1,Anopheles_darlingi_mRNA,1835
XM_049676935.1,Anopheles_darlingi_mRNA,1839
XM_049676924.1,Anopheles_darlingi_mRNA,2086
XM_049676912.1,Anopheles_darlingi_mRNA,1452
XM_049676899.1,Anopheles_darlingi_mRNA,5311
XM_049676890.1,Anopheles_darlingi_mRNA,5277
XM_049676880.1,Anopheles_darlingi_mRNA,5369
XM_049676867.1,Anopheles_darlingi_mRNA,1421
XM_049676858.1,Anopheles_darlingi_mRNA,1493
XM_049676845.1,Anopheles_darlingi_mRNA,3043
XM_049676830.1,Anopheles_darlingi_mRNA,2124
XM_049676815.1,Anopheles_darlingi_mRNA,4308
XM_049676801.1,Anopheles_darlingi_mRNA,2069
XM_049676786.1,Anopheles_darlingi_mRNA,2463
XM_049676771.1,Anopheles_darlingi_mRNA,3351
XM_049676755.1,Anopheles_darlingi_mRNA,3532
XM_049676742.1,Anopheles_darlingi_mRNA,2307
XM_049676730.1,Anopheles_darlingi_mRNA,2556
XM_049676722.1,Anopheles_darlingi_mRNA,2831
XM_049676714.1,Anopheles_darlingi_mRNA,2819
XM_049676706.1,Anopheles_darlingi_mRNA,2896
XM_049676698.1,Anopheles_darlingi_mRNA,2722
XM_049676690.1,Anopheles_darlingi_mRNA,3062
XM_049676682.1,Anopheles_darlingi_mRNA,3111
XM_049676674.1,Anopheles_darlingi_mRNA,3127
XM_049676666.1,Anopheles_darlingi_mRNA,2787
XM_049676653.1,Anopheles_darlingi_mRNA,1988
XM_049676642.1,Anopheles_darlingi_mRNA,4315
XM_049676634.1,Anopheles_darlingi_mRNA,4366
XM_049676620.1,Anopheles_darlingi_mRNA,3629
XM_049676607.1,Anopheles_darlingi_mRNA,3839
XM_049676599.1,Anopheles_darlingi_mRNA,3897
XM_049676589.1,Anopheles_darlingi_mRNA,3916
XM_049676579.1,Anopheles_darlingi_mRNA,3915
XM_049676569.1,Anopheles_darlingi_mRNA,3931
XM_049676555.1,Anopheles_darlingi_mRNA,3216
XM_049676544.1,Anopheles_darlingi_mRNA,3290
XM_049676533.1,Anopheles_darlingi_mRNA,3311
XM_049676517.1,Anopheles_darlingi_mRNA,2450
XM_049676507.1,Anopheles_darlingi_mRNA,3182
XM_049676498.1,Anopheles_darlingi_mRNA,3251
XM_049676488.1,Anopheles_darlingi_mRNA,3108
XM_049676479.1,Anopheles_darlingi_mRNA,2954
XM_049676469.1,Anopheles_darlingi_mRNA,2705
XM_049676457.1,Anopheles_darlingi_mRNA,3000
XM_049676445.1,Anopheles_darlingi_mRNA,3821
XM_049676430.1,Anopheles_darlingi_mRNA,4622
XM_049676421.1,Anopheles_darlingi_mRNA,4286
XM_049676413.1,Anopheles_darlingi_mRNA,4286
XM_049676401.1,Anopheles_darlingi_mRNA,3092
XM_049676393.1,Anopheles_darlingi_mRNA,3354
XM_049676380.1,Anopheles_darlingi_mRNA,3441
XM_049676368.1,Anopheles_darlingi_mRNA,3589
XM_049676358.1,Anopheles_darlingi_mRNA,3589
XM_049676350.1,Anopheles_darlingi_mRNA,3739
XM_049676337.1,Anopheles_darlingi_mRNA,4798
XM_049676326.1,Anopheles_darlingi_mRNA,3559
XM_049676310.1,Anopheles_darlingi_mRNA,4440
XM_049676303.1,Anopheles_darlingi_mRNA,4149
XM_049676295.1,Anopheles_darlingi_mRNA,3959
XM_049676286.1,Anopheles_darlingi_mRNA,3999
XM_049676277.1,Anopheles_darlingi_mRNA,4170
XM_049676268.1,Anopheles_darlingi_mRNA,4484
XM_049676256.1,Anopheles_darlingi_mRNA,4493
XM_049676246.1,Anopheles_darlingi_mRNA,4792
XM_049676236.1,Anopheles_darlingi_mRNA,4406
XM_049676222.1,Anopheles_darlingi_mRNA,5085
XM_049676213.1,Anopheles_darlingi_mRNA,5133
XM_049676200.1,Anopheles_darlingi_mRNA,4032
XM_049676187.1,Anopheles_darlingi_mRNA,4585
XM_049676175.1,Anopheles_darlingi_mRNA,4630
XM_049676167.1,Anopheles_darlingi_mRNA,5490
XM_049676154.1,Anopheles_darlingi_mRNA,4796
XM_049676140.1,Anopheles_darlingi_mRNA,4524
XM_049676130.1,Anopheles_darlingi_mRNA,4573
XM_049676114.1,Anopheles_darlingi_mRNA,4689
XM_049676101.1,Anopheles_darlingi_mRNA,5918
XM_049676086.1,Anopheles_darlingi_mRNA,7916
XM_049676077.1,Anopheles_darlingi_mRNA,8605
XM_049676067.1,Anopheles_darlingi_mRNA,7770
XM_049676054.1,Anopheles_darlingi_mRNA,6583
XM_049676044.1,Anopheles_darlingi_mRNA,6654
XM_049676035.1,Anopheles_darlingi_mRNA,6417
XM_049676024.1,Anopheles_darlingi_mRNA,6693
XM_049676014.1,Anopheles_darlingi_mRNA,6616
XM_049676006.1,Anopheles_darlingi_mRNA,7209
XM_049675997.1,Anopheles_darlingi_mRNA,6627
XM_049675985.1,Anopheles_darlingi_mRNA,6736
XM_049675972.1,Anopheles_darlingi_mRNA,7731
XM_049675963.1,Anopheles_darlingi_mRNA,7689
XM_049675955.1,Anopheles_darlingi_mRNA,7927
XM_049675945.1,Anopheles_darlingi_mRNA,8269
XM_049675937.1,Anopheles_darlingi_mRNA,7873
XM_049675928.1,Anopheles_darlingi_mRNA,7960
XM_049675920.1,Anopheles_darlingi_mRNA,8119
XM_049675907.1,Anopheles_darlingi_mRNA,8760
XM_049675899.1,Anopheles_darlingi_mRNA,9630
XM_049675891.1,Anopheles_darlingi_mRNA,9022
XM_049675879.1,Anopheles_darlingi_mRNA,7703
XM_049675870.1,Anopheles_darlingi_mRNA,9894
XM_049675855.1,Anopheles_darlingi_mRNA,8776
XM_049675846.1,Anopheles_darlingi_mRNA,9813
XM_049675832.1,Anopheles_darlingi_mRNA,15063
XM_049675822.1,Anopheles_darlingi_mRNA,10369
XM_049675812.1,Anopheles_darlingi_mRNA,10660
XM_049675750.1,Anopheles_darlingi_mRNA,1152
XM_049675739.1,Anopheles_darlingi_mRNA,862
XM_049675728.1,Anopheles_darlingi_mRNA,2523
XM_049675716.1,Anopheles_darlingi_mRNA,791
XM_049675703.1,Anopheles_darlingi_mRNA,1137
XM_049675690.1,Anopheles_darlingi_mRNA,1627
XM_049675676.1,Anopheles_darlingi_mRNA,1771
XM_049675663.1,Anopheles_darlingi_mRNA,880
XM_049675648.1,Anopheles_darlingi_mRNA,908
XM_049675634.1,Anopheles_darlingi_mRNA,927
XM_049675629.1,Anopheles_darlingi_mRNA,1062
XM_049675619.1,Anopheles_darlingi_mRNA,952
XM_049675603.1,Anopheles_darlingi_mRNA,1430
XM_049675592.1,Anopheles_darlingi_mRNA,1420
XM_049675581.1,Anopheles_darlingi_mRNA,1449
XM_049675567.1,Anopheles_darlingi_mRNA,2847
XM_049675552.1,Anopheles_darlingi_mRNA,1561
XM_049675539.1,Anopheles_darlingi_mRNA,1622
XM_049675528.1,Anopheles_darlingi_mRNA,1611
XM_049675519.1,Anopheles_darlingi_mRNA,1621
XM_049675509.1,Anopheles_darlingi_mRNA,1349
XM_049675498.1,Anopheles_darlingi_mRNA,1207
XM_049675490.1,Anopheles_darlingi_mRNA,1276
XM_049675482.1,Anopheles_darlingi_mRNA,3355
XM_049675472.1,Anopheles_darlingi_mRNA,3383
XM_049675463.1,Anopheles_darlingi_mRNA,3358
XM_049675449.1,Anopheles_darlingi_mRNA,1968
XM_049675437.1,Anopheles_darlingi_mRNA,1733
XM_049675430.1,Anopheles_darlingi_mRNA,3614
XM_049675422.1,Anopheles_darlingi_mRNA,3524
XM_049675411.1,Anopheles_darlingi_mRNA,3709
XM_049675405.1,Anopheles_darlingi_mRNA,1991
XM_049675394.1,Anopheles_darlingi_mRNA,1686
XM_049675383.1,Anopheles_darlingi_mRNA,1836
XM_049675369.1,Anopheles_darlingi_mRNA,2442
XM_049675355.1,Anopheles_darlingi_mRNA,1479
XM_049675347.1,Anopheles_darlingi_mRNA,1608
XM_049675338.1,Anopheles_darlingi_mRNA,1737
XM_049675325.1,Anopheles_darlingi_mRNA,3043
XM_049675311.1,Anopheles_darlingi_mRNA,2376
XM_049675303.1,Anopheles_darlingi_mRNA,2216
XM_049675290.1,Anopheles_darlingi_mRNA,5285
XM_049675281.1,Anopheles_darlingi_mRNA,4807
XM_049675272.1,Anopheles_darlingi_mRNA,5294
XM_049675257.1,Anopheles_darlingi_mRNA,2762
XM_049675248.1,Anopheles_darlingi_mRNA,2765
XM_049675240.1,Anopheles_darlingi_mRNA,2636
XM_049675224.1,Anopheles_darlingi_mRNA,2650
XM_049675211.1,Anopheles_darlingi_mRNA,3733
XM_049675202.1,Anopheles_darlingi_mRNA,3051
XM_049675195.1,Anopheles_darlingi_mRNA,3096
XM_049675185.1,Anopheles_darlingi_mRNA,4832
XM_049675171.1,Anopheles_darlingi_mRNA,2975
XM_049675160.1,Anopheles_darlingi_mRNA,3057
XM_049675151.1,Anopheles_darlingi_mRNA,2927
XM_049675144.1,Anopheles_darlingi_mRNA,3415
XM_049675136.1,Anopheles_darlingi_mRNA,3050
XM_049675128.1,Anopheles_darlingi_mRNA,2989
XM_049675119.1,Anopheles_darlingi_mRNA,3117
XM_049675111.1,Anopheles_darlingi_mRNA,3226
XM_049675096.1,Anopheles_darlingi_mRNA,5675
XM_049675088.1,Anopheles_darlingi_mRNA,5701
XM_049675084.1,Anopheles_darlingi_mRNA,3731
XM_049675076.1,Anopheles_darlingi_mRNA,3911
XM_049675065.1,Anopheles_darlingi_mRNA,4297
XM_049675057.1,Anopheles_darlingi_mRNA,4254
XM_049675047.1,Anopheles_darlingi_mRNA,4187
XM_049675039.1,Anopheles_darlingi_mRNA,4411
XM_049675030.1,Anopheles_darlingi_mRNA,4896
XM_049675019.1,Anopheles_darlingi_mRNA,4309
XM_049675007.1,Anopheles_darlingi_mRNA,2558
XM_049674969.1,Anopheles_darlingi_mRNA,5038
XM_049674960.1,Anopheles_darlingi_mRNA,5016
XM_049674952.1,Anopheles_darlingi_mRNA,4844
XM_049674942.1,Anopheles_darlingi_mRNA,5123
XM_049674933.1,Anopheles_darlingi_mRNA,5191
XM_049674920.1,Anopheles_darlingi_mRNA,4089
XM_049674913.1,Anopheles_darlingi_mRNA,4106
XM_049674901.1,Anopheles_darlingi_mRNA,5377
XM_049674893.1,Anopheles_darlingi_mRNA,5431
XM_049674879.1,Anopheles_darlingi_mRNA,3179
XM_049674871.1,Anopheles_darlingi_mRNA,3543
XM_049674859.1,Anopheles_darlingi_mRNA,4365
XM_049674844.1,Anopheles_darlingi_mRNA,4355
XM_049674834.1,Anopheles_darlingi_mRNA,4404
XM_049674822.1,Anopheles_darlingi_mRNA,4574
XM_049674814.1,Anopheles_darlingi_mRNA,4574
XM_049674805.1,Anopheles_darlingi_mRNA,4517
XM_049674796.1,Anopheles_darlingi_mRNA,4613
XM_049674787.1,Anopheles_darlingi_mRNA,4613
XM_049674763.1,Anopheles_darlingi_mRNA,6434
XM_049674754.1,Anopheles_darlingi_mRNA,6453
XM_049674745.1,Anopheles_darlingi_mRNA,6277
XM_049674737.1,Anopheles_darlingi_mRNA,6212
XM_049674729.1,Anopheles_darlingi_mRNA,6212
XM_049674722.1,Anopheles_darlingi_mRNA,6281
XM_049674713.1,Anopheles_darlingi_mRNA,6594
XM_049674703.1,Anopheles_darlingi_mRNA,6286
XM_049674694.1,Anopheles_darlingi_mRNA,6599
XM_049674686.1,Anopheles_darlingi_mRNA,6217
XM_049674676.1,Anopheles_darlingi_mRNA,6500
XM_049674666.1,Anopheles_darlingi_mRNA,6291
XM_049674657.1,Anopheles_darlingi_mRNA,6678
XM_049674647.1,Anopheles_darlingi_mRNA,6365
XM_049674639.1,Anopheles_darlingi_mRNA,6296
XM_049674627.1,Anopheles_darlingi_mRNA,4897
XM_049674618.1,Anopheles_darlingi_mRNA,4590
XM_049674609.1,Anopheles_darlingi_mRNA,4617
XM_049674599.1,Anopheles_darlingi_mRNA,4600
XM_049674586.1,Anopheles_darlingi_mRNA,10131
XM_049674577.1,Anopheles_darlingi_mRNA,7245
XM_049674568.1,Anopheles_darlingi_mRNA,7413
XM_049674559.1,Anopheles_darlingi_mRNA,6879
XM_049674548.1,Anopheles_darlingi_mRNA,8124
XM_049674537.1,Anopheles_darlingi_mRNA,7391
XM_049674527.1,Anopheles_darlingi_mRNA,7934
XM_049674518.1,Anopheles_darlingi_mRNA,8172
XM_049674508.1,Anopheles_darlingi_mRNA,8149
XM_049674494.1,Anopheles_darlingi_mRNA,8946
XM_049674485.1,Anopheles_darlingi_mRNA,8967
XM_049674477.1,Anopheles_darlingi_mRNA,8967
XM_049674462.1,Anopheles_darlingi_mRNA,11308
XM_049674453.1,Anopheles_darlingi_mRNA,10743
XM_049674446.1,Anopheles_darlingi_mRNA,10779
XM_049674436.1,Anopheles_darlingi_mRNA,11194
XM_049674425.1,Anopheles_darlingi_mRNA,11067
XM_049674417.1,Anopheles_darlingi_mRNA,11079
XM_049674408.1,Anopheles_darlingi_mRNA,11276
XM_049674395.1,Anopheles_darlingi_mRNA,14394
XM_049674387.1,Anopheles_darlingi_mRNA,13535
XM_049674379.1,Anopheles_darlingi_mRNA,13766
XM_049674371.1,Anopheles_darlingi_mRNA,13565
XM_049674366.1,Anopheles_darlingi_mRNA,13796
XM_049674359.1,Anopheles_darlingi_mRNA,13811
XM_049674350.1,Anopheles_darlingi_mRNA,14012
XM_049674342.1,Anopheles_darlingi_mRNA,14027
XM_049674336.1,Anopheles_darlingi_mRNA,14625
XM_049674326.1,Anopheles_darlingi_mRNA,14625
XM_049674317.1,Anopheles_darlingi_mRNA,14655
XM_049674309.1,Anopheles_darlingi_mRNA,14670
XM_049674301.1,Anopheles_darlingi_mRNA,14856
XM_049674291.1,Anopheles_darlingi_mRNA,14871
XM_049674282.1,Anopheles_darlingi_mRNA,14886
XM_049674257.1,Anopheles_darlingi_mRNA,1421
XM_049674245.1,Anopheles_darlingi_mRNA,2514
XM_049674232.1,Anopheles_darlingi_mRNA,2072
XM_049674222.1,Anopheles_darlingi_mRNA,1527
XM_049674213.1,Anopheles_darlingi_mRNA,1594
XM_049674197.1,Anopheles_darlingi_mRNA,1658
XM_049674184.1,Anopheles_darlingi_mRNA,5140
XM_049674172.1,Anopheles_darlingi_mRNA,3849
XM_049674162.1,Anopheles_darlingi_mRNA,3844
XM_049674150.1,Anopheles_darlingi_mRNA,2720
XM_049674142.1,Anopheles_darlingi_mRNA,2911
XM_049674132.1,Anopheles_darlingi_mRNA,2892
XM_049674121.1,Anopheles_darlingi_mRNA,2942
XM_049674111.1,Anopheles_darlingi_mRNA,2927
XM_049674098.1,Anopheles_darlingi_mRNA,3209
XM_049674090.1,Anopheles_darlingi_mRNA,3206
XM_049674079.1,Anopheles_darlingi_mRNA,3212
XM_049674070.1,Anopheles_darlingi_mRNA,3215
XM_049674061.1,Anopheles_darlingi_mRNA,3386
XM_049674050.1,Anopheles_darlingi_mRNA,5589
XM_049674042.1,Anopheles_darlingi_mRNA,6017
XM_049674030.1,Anopheles_darlingi_mRNA,4523
XM_049674021.1,Anopheles_darlingi_mRNA,4588
XM_049674007.1,Anopheles_darlingi_mRNA,5786
XM_049674000.1,Anopheles_darlingi_mRNA,6010
XM_049673959.1,Anopheles_darlingi_mRNA,1654
XM_049673944.1,Anopheles_darlingi_mRNA,2669
XM_049673937.1,Anopheles_darlingi_mRNA,2700
XM_049673928.1,Anopheles_darlingi_mRNA,2736
XM_049673918.1,Anopheles_darlingi_mRNA,2641
XM_049673905.1,Anopheles_darlingi_mRNA,2660
XM_049673893.1,Anopheles_darlingi_mRNA,3958
XM_049673880.1,Anopheles_darlingi_mRNA,4282
XM_049673870.1,Anopheles_darlingi_mRNA,4339
XM_049673861.1,Anopheles_darlingi_mRNA,4119
XM_049673852.1,Anopheles_darlingi_mRNA,4235
XM_049673844.1,Anopheles_darlingi_mRNA,4340
XM_049673829.1,Anopheles_darlingi_mRNA,1726
XM_049673818.1,Anopheles_darlingi_mRNA,2099
XM_049673801.1,Anopheles_darlingi_mRNA,6197
XM_049673790.1,Anopheles_darlingi_mRNA,4820
XM_049673782.1,Anopheles_darlingi_mRNA,4789
XM_049673774.1,Anopheles_darlingi_mRNA,6229
XM_049673766.1,Anopheles_darlingi_mRNA,5374
XM_049673757.1,Anopheles_darlingi_mRNA,5657
XM_049673744.1,Anopheles_darlingi_mRNA,11434
XM_049673735.1,Anopheles_darlingi_mRNA,9457
XM_049673725.1,Anopheles_darlingi_mRNA,11443
XM_049673716.1,Anopheles_darlingi_mRNA,10060
XM_049673705.1,Anopheles_darlingi_mRNA,9473
XM_049673697.1,Anopheles_darlingi_mRNA,11448
XM_049673686.1,Anopheles_darlingi_mRNA,3517
XM_049673676.1,Anopheles_darlingi_mRNA,924
XM_049673666.1,Anopheles_darlingi_mRNA,941
XM_049673654.1,Anopheles_darlingi_mRNA,1180
XM_049673646.1,Anopheles_darlingi_mRNA,1463
XM_049673635.1,Anopheles_darlingi_mRNA,5170
XM_049673623.1,Anopheles_darlingi_mRNA,7864
XM_049673615.1,Anopheles_darlingi_mRNA,3394
XM_049673606.1,Anopheles_darlingi_mRNA,3641
XM_049673593.1,Anopheles_darlingi_mRNA,6009
XM_049673586.1,Anopheles_darlingi_mRNA,6038
XM_049673574.1,Anopheles_darlingi_mRNA,6021
XM_049673567.1,Anopheles_darlingi_mRNA,4811
XM_049673559.1,Anopheles_darlingi_mRNA,4915
XM_049673550.1,Anopheles_darlingi_mRNA,6064
XM_049673536.1,Anopheles_darlingi_mRNA,8490
XM_049673526.1,Anopheles_darlingi_mRNA,8245
XM_049673515.1,Anopheles_darlingi_mRNA,8306
XM_049673505.1,Anopheles_darlingi_mRNA,8444
XM_049673496.1,Anopheles_darlingi_mRNA,8390
XM_049673487.1,Anopheles_darlingi_mRNA,8517
XM_049673479.1,Anopheles_darlingi_mRNA,8270
XM_049673470.1,Anopheles_darlingi_mRNA,8563
XM_049673455.1,Anopheles_darlingi_mRNA,7849
XM_049673442.1,Anopheles_darlingi_mRNA,15417
XM_049673429.1,Anopheles_darlingi_mRNA,760
XM_049673418.1,Anopheles_darlingi_mRNA,718
XM_049673404.1,Anopheles_darlingi_mRNA,4651
XM_049673394.1,Anopheles_darlingi_mRNA,4598
XM_049673384.1,Anopheles_darlingi_mRNA,5105
XM_049673374.1,Anopheles_darlingi_mRNA,3037
XM_049673366.1,Anopheles_darlingi_mRNA,5202
XM_049673355.1,Anopheles_darlingi_mRNA,3061
XM_049673349.1,Anopheles_darlingi_mRNA,5237
XM_049673341.1,Anopheles_darlingi_mRNA,4673
XM_049673328.1,Anopheles_darlingi_mRNA,1810
XM_049673316.1,Anopheles_darlingi_mRNA,2501
XM_049673302.1,Anopheles_darlingi_mRNA,2870
XM_049673290.1,Anopheles_darlingi_mRNA,5242
XM_049693522.1,Anopheles_darlingi_mRNA,9600
XM_049693512.1,Anopheles_darlingi_mRNA,9631
XM_049693494.1,Anopheles_darlingi_mRNA,4652
XM_049693483.1,Anopheles_darlingi_mRNA,6703
XM_049693477.1,Anopheles_darlingi_mRNA,6845
XM_049693468.1,Anopheles_darlingi_mRNA,6725
XM_049693459.1,Anopheles_darlingi_mRNA,7366
XM_049693451.1,Anopheles_darlingi_mRNA,6729
XM_049693441.1,Anopheles_darlingi_mRNA,6868
XM_049693429.1,Anopheles_darlingi_mRNA,7166
XM_049693422.1,Anopheles_darlingi_mRNA,7276
XM_049693414.1,Anopheles_darlingi_mRNA,8353
XM_049693405.1,Anopheles_darlingi_mRNA,8555
XM_049693397.1,Anopheles_darlingi_mRNA,8643
XM_049693388.1,Anopheles_darlingi_mRNA,8647
XM_049693379.1,Anopheles_darlingi_mRNA,8646
XM_049693371.1,Anopheles_darlingi_mRNA,8650
XM_049693362.1,Anopheles_darlingi_mRNA,8662
XM_049693353.1,Anopheles_darlingi_mRNA,8662
XM_049693344.1,Anopheles_darlingi_mRNA,8662
XM_049693337.1,Anopheles_darlingi_mRNA,8665
XM_049693328.1,Anopheles_darlingi_mRNA,871
XM_049693298.1,Anopheles_darlingi_mRNA,519
XM_049693287.1,Anopheles_darlingi_mRNA,553
XM_049693274.1,Anopheles_darlingi_mRNA,629
XM_049693261.1,Anopheles_darlingi_mRNA,696
XM_049693252.1,Anopheles_darlingi_mRNA,764
XM_049693244.1,Anopheles_darlingi_mRNA,784
XM_049693234.1,Anopheles_darlingi_mRNA,734
XM_049693222.1,Anopheles_darlingi_mRNA,723
XM_049693208.1,Anopheles_darlingi_mRNA,1465
XM_049693196.1,Anopheles_darlingi_mRNA,1104
XM_049693183.1,Anopheles_darlingi_mRNA,1220
XM_049693169.1,Anopheles_darlingi_mRNA,1367
XM_049693154.1,Anopheles_darlingi_mRNA,1649
XM_049693138.1,Anopheles_darlingi_mRNA,1231
XM_049693127.1,Anopheles_darlingi_mRNA,1283
XM_049693114.1,Anopheles_darlingi_mRNA,1296
XM_049693103.1,Anopheles_darlingi_mRNA,2303
XM_049693095.1,Anopheles_darlingi_mRNA,2097
XM_049693082.1,Anopheles_darlingi_mRNA,1389
XM_049693075.1,Anopheles_darlingi_mRNA,1580
XM_049693060.1,Anopheles_darlingi_mRNA,1904
XM_049693051.1,Anopheles_darlingi_mRNA,2099
XM_049693037.1,Anopheles_darlingi_mRNA,2023
XM_049693028.1,Anopheles_darlingi_mRNA,2079
XM_049693016.1,Anopheles_darlingi_mRNA,2097
XM_049693004.1,Anopheles_darlingi_mRNA,2024
XM_049692993.1,Anopheles_darlingi_mRNA,3150
XM_049692979.1,Anopheles_darlingi_mRNA,5174
XM_049692967.1,Anopheles_darlingi_mRNA,3423
XM_049692960.1,Anopheles_darlingi_mRNA,4055
XM_049692950.1,Anopheles_darlingi_mRNA,4287
XM_049692941.1,Anopheles_darlingi_mRNA,4351
XM_049692928.1,Anopheles_darlingi_mRNA,7061
XM_049692915.1,Anopheles_darlingi_mRNA,6022
XM_049692907.1,Anopheles_darlingi_mRNA,6025
XM_049692898.1,Anopheles_darlingi_mRNA,5628
XM_049692891.1,Anopheles_darlingi_mRNA,536
XM_049692859.1,Anopheles_darlingi_mRNA,1453
XM_049692848.1,Anopheles_darlingi_mRNA,1443
XM_049692777.1,Anopheles_darlingi_mRNA,2795
XM_049692769.1,Anopheles_darlingi_mRNA,2793
XM_049692753.1,Anopheles_darlingi_mRNA,2392
XM_049692744.1,Anopheles_darlingi_mRNA,2565
XM_049692721.1,Anopheles_darlingi_mRNA,3275
XM_049692710.1,Anopheles_darlingi_mRNA,2413
XM_049692698.1,Anopheles_darlingi_mRNA,1702
XM_049692685.1,Anopheles_darlingi_mRNA,2210
XM_049692672.1,Anopheles_darlingi_mRNA,1894
XM_049692662.1,Anopheles_darlingi_mRNA,1927
XM_049692653.1,Anopheles_darlingi_mRNA,3199
XM_049692636.1,Anopheles_darlingi_mRNA,2947
XM_049692627.1,Anopheles_darlingi_mRNA,3330
XM_049692615.1,Anopheles_darlingi_mRNA,3399
XM_049692603.1,Anopheles_darlingi_mRNA,6843
XM_049692591.1,Anopheles_darlingi_mRNA,14394
XM_049692583.1,Anopheles_darlingi_mRNA,15476
XM_049692573.1,Anopheles_darlingi_mRNA,15730
XM_049692564.1,Anopheles_darlingi_mRNA,16019
XM_049692555.1,Anopheles_darlingi_mRNA,16010
XM_049692546.1,Anopheles_darlingi_mRNA,15982
XM_049692536.1,Anopheles_darlingi_mRNA,16013
XM_049692445.1,Anopheles_darlingi_mRNA,1241
XM_049692374.1,Anopheles_darlingi_mRNA,3594
XM_049692343.1,Anopheles_darlingi_mRNA,597
XM_049692332.1,Anopheles_darlingi_mRNA,1020
XM_049692321.1,Anopheles_darlingi_mRNA,1923
XM_049692308.1,Anopheles_darlingi_mRNA,1905
XM_049692297.1,Anopheles_darlingi_mRNA,2052
XM_049692286.1,Anopheles_darlingi_mRNA,3931
XM_049692276.1,Anopheles_darlingi_mRNA,6370
XM_049692265.1,Anopheles_darlingi_mRNA,1024
XM_049692254.1,Anopheles_darlingi_mRNA,1347
XM_049692244.1,Anopheles_darlingi_mRNA,3732
XM_049692233.1,Anopheles_darlingi_mRNA,11544
XM_049692223.1,Anopheles_darlingi_mRNA,595
XM_049692212.1,Anopheles_darlingi_mRNA,4144
XM_049692199.1,Anopheles_darlingi_mRNA,4086
XM_049692189.1,Anopheles_darlingi_mRNA,540
XM_049692179.1,Anopheles_darlingi_mRNA,654
XM_049692168.1,Anopheles_darlingi_mRNA,4330
XM_049692162.1,Anopheles_darlingi_mRNA,4295
XM_049692155.1,Anopheles_darlingi_mRNA,4366
XM_049692145.1,Anopheles_darlingi_mRNA,959
XM_049692139.1,Anopheles_darlingi_mRNA,811
XM_049692128.1,Anopheles_darlingi_mRNA,1066
XM_049692117.1,Anopheles_darlingi_mRNA,1178
XM_049692109.1,Anopheles_darlingi_mRNA,1356
XM_049692100.1,Anopheles_darlingi_mRNA,1393
XM_049692089.1,Anopheles_darlingi_mRNA,2382
XM_049692078.1,Anopheles_darlingi_mRNA,1145
XM_049692067.1,Anopheles_darlingi_mRNA,1320
XM_049692061.1,Anopheles_darlingi_mRNA,2408
XM_049692053.1,Anopheles_darlingi_mRNA,1750
XM_049692042.1,Anopheles_darlingi_mRNA,1592
XM_049692035.1,Anopheles_darlingi_mRNA,1600
XM_049692023.1,Anopheles_darlingi_mRNA,1949
XM_049692016.1,Anopheles_darlingi_mRNA,1915
XM_049692005.1,Anopheles_darlingi_mRNA,3130
XM_049691994.1,Anopheles_darlingi_mRNA,3664
XM_049691983.1,Anopheles_darlingi_mRNA,2382
XM_049691975.1,Anopheles_darlingi_mRNA,3138
XM_049691964.1,Anopheles_darlingi_mRNA,2962
XM_049691956.1,Anopheles_darlingi_mRNA,2940
XM_049691948.1,Anopheles_darlingi_mRNA,2942
XM_049691937.1,Anopheles_darlingi_mRNA,4494
XM_049691924.1,Anopheles_darlingi_mRNA,4558
XM_049691915.1,Anopheles_darlingi_mRNA,4672
XM_049691902.1,Anopheles_darlingi_mRNA,8009
XM_049691893.1,Anopheles_darlingi_mRNA,8057
XM_049691885.1,Anopheles_darlingi_mRNA,8031
XM_049691877.1,Anopheles_darlingi_mRNA,8113
XM_049691871.1,Anopheles_darlingi_mRNA,8060
XM_049691859.1,Anopheles_darlingi_mRNA,9861
XM_049691848.1,Anopheles_darlingi_mRNA,1239
XM_049691833.1,Anopheles_darlingi_mRNA,2571
XM_049691818.1,Anopheles_darlingi_mRNA,1155
XM_049691803.1,Anopheles_darlingi_mRNA,2681
XM_049691791.1,Anopheles_darlingi_mRNA,2340
XM_049691778.1,Anopheles_darlingi_mRNA,3609
XM_049691765.1,Anopheles_darlingi_mRNA,16377
XM_049691751.1,Anopheles_darlingi_mRNA,8189
XM_049691736.1,Anopheles_darlingi_mRNA,1593
XM_049691723.1,Anopheles_darlingi_mRNA,867
XM_049691713.1,Anopheles_darlingi_mRNA,996
XM_049691640.1,Anopheles_darlingi_mRNA,1031
XM_049691521.1,Anopheles_darlingi_mRNA,1353
XM_049691391.1,Anopheles_darlingi_mRNA,1201
XM_049691260.1,Anopheles_darlingi_mRNA,810
XM_049691141.1,Anopheles_darlingi_mRNA,513
XM_049691024.1,Anopheles_darlingi_mRNA,3900
XM_049690909.1,Anopheles_darlingi_mRNA,891
XM_049690786.1,Anopheles_darlingi_mRNA,1749
XM_049690649.1,Anopheles_darlingi_mRNA,2048
XM_049690527.1,Anopheles_darlingi_mRNA,1965
XM_049690407.1,Anopheles_darlingi_mRNA,747
XM_049690279.1,Anopheles_darlingi_mRNA,1907
XM_049690152.1,Anopheles_darlingi_mRNA,1756
XM_049690025.1,Anopheles_darlingi_mRNA,921
XM_049689899.1,Anopheles_darlingi_mRNA,1890
XM_049689772.1,Anopheles_darlingi_mRNA,1886
XM_049689640.1,Anopheles_darlingi_mRNA,2402
XM_049689509.1,Anopheles_darlingi_mRNA,525
XM_049689375.1,Anopheles_darlingi_mRNA,1188
XM_049689248.1,Anopheles_darlingi_mRNA,1197
XM_049689123.1,Anopheles_darlingi_mRNA,2614
XM_049688863.1,Anopheles_darlingi_mRNA,3654
XM_049688737.1,Anopheles_darlingi_mRNA,554
XM_049688612.1,Anopheles_darlingi_mRNA,1044
XM_049688481.1,Anopheles_darlingi_mRNA,3295
XM_049688350.1,Anopheles_darlingi_mRNA,783
XM_049688217.1,Anopheles_darlingi_mRNA,1954
XM_049688087.1,Anopheles_darlingi_mRNA,1506
XM_049687959.1,Anopheles_darlingi_mRNA,1137
XM_049687826.1,Anopheles_darlingi_mRNA,1325
XM_049687704.1,Anopheles_darlingi_mRNA,2568
XM_049687569.1,Anopheles_darlingi_mRNA,2940
XM_049687438.1,Anopheles_darlingi_mRNA,561
XM_049687310.1,Anopheles_darlingi_mRNA,2488
XM_049687176.1,Anopheles_darlingi_mRNA,1772
XM_049687048.1,Anopheles_darlingi_mRNA,1797
XM_049686913.1,Anopheles_darlingi_mRNA,1306
XM_049686805.1,Anopheles_darlingi_mRNA,1580
XM_049686693.1,Anopheles_darlingi_mRNA,1017
XM_049686592.1,Anopheles_darlingi_mRNA,2337
XM_049686487.1,Anopheles_darlingi_mRNA,3468
XM_049686364.1,Anopheles_darlingi_mRNA,1731
XM_049686225.1,Anopheles_darlingi_mRNA,1584
XM_049686001.1,Anopheles_darlingi_mRNA,1206
XM_049685918.1,Anopheles_darlingi_mRNA,1218
XM_049685788.1,Anopheles_darlingi_mRNA,2980
XM_049685698.1,Anopheles_darlingi_mRNA,3364
XM_049685608.1,Anopheles_darlingi_mRNA,3566
XM_049685482.1,Anopheles_darlingi_mRNA,1675
XM_049685397.1,Anopheles_darlingi_mRNA,1674
XM_049685265.1,Anopheles_darlingi_mRNA,1672
XM_049685138.1,Anopheles_darlingi_mRNA,1795
XM_049685056.1,Anopheles_darlingi_mRNA,2155
XM_049684929.1,Anopheles_darlingi_mRNA,1370
XM_049684808.1,Anopheles_darlingi_mRNA,3483
XM_049684666.1,Anopheles_darlingi_mRNA,2288
XM_049684578.1,Anopheles_darlingi_mRNA,2349
XM_049684496.1,Anopheles_darlingi_mRNA,2840
XM_049684367.1,Anopheles_darlingi_mRNA,3165
XM_049684282.1,Anopheles_darlingi_mRNA,3287
XM_049684153.1,Anopheles_darlingi_mRNA,2246
XM_049684027.1,Anopheles_darlingi_mRNA,2993
XM_049683899.1,Anopheles_darlingi_mRNA,2542
XM_049683764.1,Anopheles_darlingi_mRNA,5640
XM_049683680.1,Anopheles_darlingi_mRNA,6099
XM_049683606.1,Anopheles_darlingi_mRNA,6348
XM_049683485.1,Anopheles_darlingi_mRNA,5647
XM_049683360.1,Anopheles_darlingi_mRNA,5425
XM_049683230.1,Anopheles_darlingi_mRNA,4051
XM_049683151.1,Anopheles_darlingi_mRNA,4561
XM_049683073.1,Anopheles_darlingi_mRNA,3912
XM_049682990.1,Anopheles_darlingi_mRNA,4062
XM_049682855.1,Anopheles_darlingi_mRNA,914
XM_049682732.1,Anopheles_darlingi_mRNA,1054
XM_049682691.1,Anopheles_darlingi_mRNA,738
XM_049682678.1,Anopheles_darlingi_mRNA,2184
XM_049682602.1,Anopheles_darlingi_mRNA,1863
XM_049682481.1,Anopheles_darlingi_mRNA,2291
XM_049682392.1,Anopheles_darlingi_mRNA,2360
XM_049682267.1,Anopheles_darlingi_mRNA,1506
XM_049682136.1,Anopheles_darlingi_mRNA,1092
XM_049682009.1,Anopheles_darlingi_mRNA,3868
XM_049681889.1,Anopheles_darlingi_mRNA,4735
XM_049681772.1,Anopheles_darlingi_mRNA,7135
XM_049681639.1,Anopheles_darlingi_mRNA,2773
XM_049681516.1,Anopheles_darlingi_mRNA,1677
XM_049681389.1,Anopheles_darlingi_mRNA,2016
XM_049681260.1,Anopheles_darlingi_mRNA,2245
XM_049681131.1,Anopheles_darlingi_mRNA,1904
XM_049681010.1,Anopheles_darlingi_mRNA,4770
XM_049680880.1,Anopheles_darlingi_mRNA,886
XM_049680752.1,Anopheles_darlingi_mRNA,5357
XM_049680632.1,Anopheles_darlingi_mRNA,1524
XM_049680511.1,Anopheles_darlingi_mRNA,2047
XM_049680383.1,Anopheles_darlingi_mRNA,1314
XM_049680258.1,Anopheles_darlingi_mRNA,4065
XM_049680134.1,Anopheles_darlingi_mRNA,2516
XM_049680003.1,Anopheles_darlingi_mRNA,2208
XM_049679874.1,Anopheles_darlingi_mRNA,2148
XM_049679746.1,Anopheles_darlingi_mRNA,10691
XM_049679607.1,Anopheles_darlingi_mRNA,2871
XM_049679482.1,Anopheles_darlingi_mRNA,2207
XM_049679388.1,Anopheles_darlingi_mRNA,3432
XM_049679303.1,Anopheles_darlingi_mRNA,3685
XM_049679178.1,Anopheles_darlingi_mRNA,2662
XM_049679095.1,Anopheles_darlingi_mRNA,4736
XM_049679004.1,Anopheles_darlingi_mRNA,4745
XM_049678884.1,Anopheles_darlingi_mRNA,1081
XM_049678758.1,Anopheles_darlingi_mRNA,1770
XM_049678629.1,Anopheles_darlingi_mRNA,3091
XM_049678496.1,Anopheles_darlingi_mRNA,3012
XM_049678410.1,Anopheles_darlingi_mRNA,3150
XM_049678281.1,Anopheles_darlingi_mRNA,3430
XM_049678188.1,Anopheles_darlingi_mRNA,4223
XM_049678062.1,Anopheles_darlingi_mRNA,2456
XM_049677936.1,Anopheles_darlingi_mRNA,2528
XM_049677842.1,Anopheles_darlingi_mRNA,2559
XM_049677712.1,Anopheles_darlingi_mRNA,1512
XM_049677582.1,Anopheles_darlingi_mRNA,1514
XM_049677456.1,Anopheles_darlingi_mRNA,1132
XM_049677321.1,Anopheles_darlingi_mRNA,1443
XM_049677190.1,Anopheles_darlingi_mRNA,2642
XM_049677103.1,Anopheles_darlingi_mRNA,2680
XM_049676978.1,Anopheles_darlingi_mRNA,1266
XM_049676895.1,Anopheles_darlingi_mRNA,1236
XM_049676800.1,Anopheles_darlingi_mRNA,1284
XM_049676710.1,Anopheles_darlingi_mRNA,1298
XM_049676629.1,Anopheles_darlingi_mRNA,1311
XM_049676484.1,Anopheles_darlingi_mRNA,1527
XM_049676363.1,Anopheles_darlingi_mRNA,792
XM_049676235.1,Anopheles_darlingi_mRNA,963
XM_049676149.1,Anopheles_darlingi_mRNA,918
XM_049676005.1,Anopheles_darlingi_mRNA,1387
XM_049675884.1,Anopheles_darlingi_mRNA,3622
XM_049675793.1,Anopheles_darlingi_mRNA,3831
XM_049675675.1,Anopheles_darlingi_mRNA,906
XM_049675538.1,Anopheles_darlingi_mRNA,1696
XM_049675417.1,Anopheles_darlingi_mRNA,2026
XM_049675329.1,Anopheles_darlingi_mRNA,2002
XM_049675239.1,Anopheles_darlingi_mRNA,2040
XM_049675105.1,Anopheles_darlingi_mRNA,2192
XM_049675029.1,Anopheles_darlingi_mRNA,2498
XM_049674941.1,Anopheles_darlingi_mRNA,2317
XM_049674858.1,Anopheles_darlingi_mRNA,2749
XM_049674772.1,Anopheles_darlingi_mRNA,3318
XM_049674685.1,Anopheles_darlingi_mRNA,2819
XM_049674595.1,Anopheles_darlingi_mRNA,2899
XM_049674504.1,Anopheles_darlingi_mRNA,3136
XM_049674413.1,Anopheles_darlingi_mRNA,2955
XM_049674335.1,Anopheles_darlingi_mRNA,3712
XM_049674212.1,Anopheles_darlingi_mRNA,2752
XM_049674074.1,Anopheles_darlingi_mRNA,2420
XM_049673949.1,Anopheles_darlingi_mRNA,2917
XM_049673812.1,Anopheles_darlingi_mRNA,1533
XM_049673680.1,Anopheles_darlingi_mRNA,5723
XM_049673601.1,Anopheles_darlingi_mRNA,2034
XM_049673514.1,Anopheles_darlingi_mRNA,6689
XM_049673423.1,Anopheles_darlingi_mRNA,6809
XM_049673333.1,Anopheles_darlingi_mRNA,6899
XM_049693488.1,Anopheles_darlingi_mRNA,6809
XM_049693361.1,Anopheles_darlingi_mRNA,1802
XM_049693239.1,Anopheles_darlingi_mRNA,2442
XM_049693149.1,Anopheles_darlingi_mRNA,2522
XM_049693015.1,Anopheles_darlingi_mRNA,2780
XM_049692897.1,Anopheles_darlingi_mRNA,3896
XM_049692784.1,Anopheles_darlingi_mRNA,4044
XM_049692661.1,Anopheles_darlingi_mRNA,5265
XM_049692578.1,Anopheles_darlingi_mRNA,7182
XM_049692456.1,Anopheles_darlingi_mRNA,2808
XM_049692388.1,Anopheles_darlingi_mRNA,2910
XM_049692317.1,Anopheles_darlingi_mRNA,3216
XM_049692207.1,Anopheles_darlingi_mRNA,6387
XM_049692105.1,Anopheles_darlingi_mRNA,11129
XM_049692031.1,Anopheles_darlingi_mRNA,11324
XM_049691955.1,Anopheles_darlingi_mRNA,11110
XM_049691874.1,Anopheles_darlingi_mRNA,11090
XM_049691787.1,Anopheles_darlingi_mRNA,11652
XM_049691702.1,Anopheles_darlingi_mRNA,11419
XM_049690949.1,Anopheles_darlingi_mRNA,11829
XM_049687958.1,Anopheles_darlingi_mRNA,658
XM_049686692.1,Anopheles_darlingi_mRNA,1469
XM_049685439.1,Anopheles_darlingi_mRNA,3091
XM_049684577.1,Anopheles_darlingi_mRNA,2945
XM_049683314.1,Anopheles_darlingi_mRNA,3223
XM_049682305.1,Anopheles_darlingi_mRNA,2495
XM_049681052.1,Anopheles_darlingi_mRNA,3488
XM_049679788.1,Anopheles_darlingi_mRNA,3219
XM_049678495.1,Anopheles_darlingi_mRNA,4011
XM_049677627.1,Anopheles_darlingi_mRNA,4011
XM_049676322.1,Anopheles_darlingi_mRNA,1221
XM_049675458.1,Anopheles_darlingi_mRNA,2297
XM_049674594.1,Anopheles_darlingi_mRNA,2291
XM_049673289.1,Anopheles_darlingi_mRNA,1944
XM_049692316.1,Anopheles_darlingi_mRNA,4908
XM_049685875.1,Anopheles_darlingi_mRNA,3295
XM_049677626.1,Anopheles_darlingi_mRNA,3276
XM_049691695.1,Anopheles_darlingi_mRNA,806
XM_049691694.1,Anopheles_darlingi_mRNA,790
XM_049691693.1,Anopheles_darlingi_mRNA,1053
XM_049691692.1,Anopheles_darlingi_mRNA,2001
XM_049691691.1,Anopheles_darlingi_mRNA,1687
XM_049691690.1,Anopheles_darlingi_mRNA,1135
XM_049691688.1,Anopheles_darlingi_mRNA,1844
XM_049691687.1,Anopheles_darlingi_mRNA,603
XM_049691686.1,Anopheles_darlingi_mRNA,939
XM_049691685.1,Anopheles_darlingi_mRNA,1605
XM_049691684.1,Anopheles_darlingi_mRNA,4204
XM_049691683.1,Anopheles_darlingi_mRNA,1779
XM_049691682.1,Anopheles_darlingi_mRNA,1371
XM_049691680.1,Anopheles_darlingi_mRNA,1278
XM_049691679.1,Anopheles_darlingi_mRNA,2692
XM_049691678.1,Anopheles_darlingi_mRNA,2669
XM_049691677.1,Anopheles_darlingi_mRNA,2735
XM_049691676.1,Anopheles_darlingi_mRNA,2361
XM_049691675.1,Anopheles_darlingi_mRNA,4761
XM_049691674.1,Anopheles_darlingi_mRNA,6909
XM_049691673.1,Anopheles_darlingi_mRNA,6844
XM_049691672.1,Anopheles_darlingi_mRNA,6912
XM_049691671.1,Anopheles_darlingi_mRNA,642
XM_049691670.1,Anopheles_darlingi_mRNA,984
XM_049691668.1,Anopheles_darlingi_mRNA,3600
XM_049691667.1,Anopheles_darlingi_mRNA,2078
XM_049691666.1,Anopheles_darlingi_mRNA,1060
XM_049691665.1,Anopheles_darlingi_mRNA,2680
XM_049691664.1,Anopheles_darlingi_mRNA,1730
XM_049691663.1,Anopheles_darlingi_mRNA,536
XM_049691662.1,Anopheles_darlingi_mRNA,2855
XM_049691660.1,Anopheles_darlingi_mRNA,562
XM_049691659.1,Anopheles_darlingi_mRNA,802
XM_049691658.1,Anopheles_darlingi_mRNA,2508
XM_049691657.1,Anopheles_darlingi_mRNA,2503
XM_049691656.1,Anopheles_darlingi_mRNA,2151
XM_049691655.1,Anopheles_darlingi_mRNA,2641
XM_049691654.1,Anopheles_darlingi_mRNA,3858
XM_049691653.1,Anopheles_darlingi_mRNA,2553
XM_049691652.1,Anopheles_darlingi_mRNA,4930
XM_049691651.1,Anopheles_darlingi_mRNA,921
XM_049691650.1,Anopheles_darlingi_mRNA,1602
XM_049691649.1,Anopheles_darlingi_mRNA,2996
XM_049691648.1,Anopheles_darlingi_mRNA,1483
XM_049691647.1,Anopheles_darlingi_mRNA,945
XM_049691645.1,Anopheles_darlingi_mRNA,1818
XM_049691644.1,Anopheles_darlingi_mRNA,1015
XM_049691643.1,Anopheles_darlingi_mRNA,1009
XM_049691642.1,Anopheles_darlingi_mRNA,1006
XM_049691641.1,Anopheles_darlingi_mRNA,999
XM_049691639.1,Anopheles_darlingi_mRNA,1000
XM_049691638.1,Anopheles_darlingi_mRNA,813
XM_049691637.1,Anopheles_darlingi_mRNA,813
XM_049691636.1,Anopheles_darlingi_mRNA,831
XM_049691635.1,Anopheles_darlingi_mRNA,819
XM_049691634.1,Anopheles_darlingi_mRNA,843
XM_049691633.1,Anopheles_darlingi_mRNA,1533
XM_049691631.1,Anopheles_darlingi_mRNA,867
XM_049691630.1,Anopheles_darlingi_mRNA,894
XM_049691629.1,Anopheles_darlingi_mRNA,894
XM_049691628.1,Anopheles_darlingi_mRNA,915
XM_049691627.1,Anopheles_darlingi_mRNA,909
XM_049691626.1,Anopheles_darlingi_mRNA,912
XM_049691625.1,Anopheles_darlingi_mRNA,1169
XM_049691624.1,Anopheles_darlingi_mRNA,948
XM_049691623.1,Anopheles_darlingi_mRNA,990
XM_049691622.1,Anopheles_darlingi_mRNA,1353
XM_049691621.1,Anopheles_darlingi_mRNA,1485
XM_049691620.1,Anopheles_darlingi_mRNA,1595
XM_049691619.1,Anopheles_darlingi_mRNA,3518
XM_049691617.1,Anopheles_darlingi_mRNA,1452
XM_049691616.1,Anopheles_darlingi_mRNA,1576
XM_049691615.1,Anopheles_darlingi_mRNA,1792
XM_049691614.1,Anopheles_darlingi_mRNA,2453
XM_049691613.1,Anopheles_darlingi_mRNA,2632
XM_049691612.1,Anopheles_darlingi_mRNA,3029
XM_049691611.1,Anopheles_darlingi_mRNA,3011
XM_049691609.1,Anopheles_darlingi_mRNA,6024
XM_049691608.1,Anopheles_darlingi_mRNA,5035
XM_049691607.1,Anopheles_darlingi_mRNA,5160
XM_049691606.1,Anopheles_darlingi_mRNA,8391
XM_049691605.1,Anopheles_darlingi_mRNA,8538
XM_049691604.1,Anopheles_darlingi_mRNA,8554
XM_049691603.1,Anopheles_darlingi_mRNA,8943
XM_049691602.1,Anopheles_darlingi_mRNA,8624
XM_049691600.1,Anopheles_darlingi_mRNA,12288
XM_049691599.1,Anopheles_darlingi_mRNA,11511
XM_049691598.1,Anopheles_darlingi_mRNA,12393
XM_049691597.1,Anopheles_darlingi_mRNA,12396
XM_049691596.1,Anopheles_darlingi_mRNA,12432
XM_049691595.1,Anopheles_darlingi_mRNA,12447
XM_049691594.1,Anopheles_darlingi_mRNA,12479
XM_049691593.1,Anopheles_darlingi_mRNA,12459
XM_049691592.1,Anopheles_darlingi_mRNA,1401
XM_049691591.1,Anopheles_darlingi_mRNA,1681
XM_049691590.1,Anopheles_darlingi_mRNA,1410
XM_049691589.1,Anopheles_darlingi_mRNA,3115
XM_049691587.1,Anopheles_darlingi_mRNA,1299
XM_049691586.1,Anopheles_darlingi_mRNA,3736
XM_049691585.1,Anopheles_darlingi_mRNA,3758
XM_049691584.1,Anopheles_darlingi_mRNA,13857
XM_049691583.1,Anopheles_darlingi_mRNA,800
XM_049691582.1,Anopheles_darlingi_mRNA,9178
XM_049691581.1,Anopheles_darlingi_mRNA,2868
XM_049691580.1,Anopheles_darlingi_mRNA,2334
XM_049691579.1,Anopheles_darlingi_mRNA,4306
XM_049691578.1,Anopheles_darlingi_mRNA,2701
XM_049691575.1,Anopheles_darlingi_mRNA,1362
XM_049691574.1,Anopheles_darlingi_mRNA,2774
XM_049691573.1,Anopheles_darlingi_mRNA,3167
XM_049691572.1,Anopheles_darlingi_mRNA,3149
XM_049691571.1,Anopheles_darlingi_mRNA,3333
XM_049691570.1,Anopheles_darlingi_mRNA,4076
XM_049691569.1,Anopheles_darlingi_mRNA,1428
XM_049691568.1,Anopheles_darlingi_mRNA,2236
XM_049691567.1,Anopheles_darlingi_mRNA,1951
XM_049691565.1,Anopheles_darlingi_mRNA,1347
XM_049691564.1,Anopheles_darlingi_mRNA,726
XM_049691563.1,Anopheles_darlingi_mRNA,891
XM_049691562.1,Anopheles_darlingi_mRNA,816
XM_049691561.1,Anopheles_darlingi_mRNA,3609
XM_049691560.1,Anopheles_darlingi_mRNA,3719
XM_049691559.1,Anopheles_darlingi_mRNA,3673
XM_049691558.1,Anopheles_darlingi_mRNA,3747
XM_049691557.1,Anopheles_darlingi_mRNA,3713
XM_049691555.1,Anopheles_darlingi_mRNA,721
XM_049691554.1,Anopheles_darlingi_mRNA,871
XM_049691553.1,Anopheles_darlingi_mRNA,1340
XM_049691552.1,Anopheles_darlingi_mRNA,1396
XM_049691551.1,Anopheles_darlingi_mRNA,3609
XM_049691550.1,Anopheles_darlingi_mRNA,3612
XM_049691549.1,Anopheles_darlingi_mRNA,876
XM_049691548.1,Anopheles_darlingi_mRNA,2075
XM_049691547.1,Anopheles_darlingi_mRNA,2246
XM_049691546.1,Anopheles_darlingi_mRNA,2307
XM_049691545.1,Anopheles_darlingi_mRNA,2170
XM_049691544.1,Anopheles_darlingi_mRNA,2202
XM_049691542.1,Anopheles_darlingi_mRNA,2120
XM_049691541.1,Anopheles_darlingi_mRNA,2422
XM_049691540.1,Anopheles_darlingi_mRNA,2419
XM_049691539.1,Anopheles_darlingi_mRNA,2483
XM_049691538.1,Anopheles_darlingi_mRNA,2368
XM_049691537.1,Anopheles_darlingi_mRNA,2394
XM_049691536.1,Anopheles_darlingi_mRNA,2370
XM_049691535.1,Anopheles_darlingi_mRNA,2390
XM_049691534.1,Anopheles_darlingi_mRNA,2371
XM_049691533.1,Anopheles_darlingi_mRNA,1227
XM_049691532.1,Anopheles_darlingi_mRNA,1658
XM_049691531.1,Anopheles_darlingi_mRNA,3447
XM_049691530.1,Anopheles_darlingi_mRNA,4276
XM_049691529.1,Anopheles_darlingi_mRNA,3978
XM_049691527.1,Anopheles_darlingi_mRNA,1250
XM_049691526.1,Anopheles_darlingi_mRNA,1094
XM_049691525.1,Anopheles_darlingi_mRNA,2592
XM_049691524.1,Anopheles_darlingi_mRNA,1372
XM_049691523.1,Anopheles_darlingi_mRNA,1961
XM_049691522.1,Anopheles_darlingi_mRNA,2116
XM_049691520.1,Anopheles_darlingi_mRNA,2112
XM_049691519.1,Anopheles_darlingi_mRNA,2352
XM_049691518.1,Anopheles_darlingi_mRNA,2391
XM_049691517.1,Anopheles_darlingi_mRNA,2473
XM_049691515.1,Anopheles_darlingi_mRNA,2029
XM_049691514.1,Anopheles_darlingi_mRNA,2931
XM_049691513.1,Anopheles_darlingi_mRNA,2836
XM_049691512.1,Anopheles_darlingi_mRNA,2918
XM_049691511.1,Anopheles_darlingi_mRNA,3358
XM_049691510.1,Anopheles_darlingi_mRNA,3991
XM_049691509.1,Anopheles_darlingi_mRNA,4964
XM_049691508.1,Anopheles_darlingi_mRNA,5061
XM_049691507.1,Anopheles_darlingi_mRNA,7039
XM_049691506.1,Anopheles_darlingi_mRNA,6864
XM_049691505.1,Anopheles_darlingi_mRNA,6867
XM_049691503.1,Anopheles_darlingi_mRNA,6430
XM_049691502.1,Anopheles_darlingi_mRNA,6416
XM_049691501.1,Anopheles_darlingi_mRNA,6401
XM_049691500.1,Anopheles_darlingi_mRNA,6432
XM_049691499.1,Anopheles_darlingi_mRNA,3349
XM_049691498.1,Anopheles_darlingi_mRNA,5626
XM_049691497.1,Anopheles_darlingi_mRNA,7579
XM_049691496.1,Anopheles_darlingi_mRNA,7663
XM_049691495.1,Anopheles_darlingi_mRNA,7681
XM_049691493.1,Anopheles_darlingi_mRNA,7735
XM_049691492.1,Anopheles_darlingi_mRNA,5043
XM_049691491.1,Anopheles_darlingi_mRNA,5040
XM_049691490.1,Anopheles_darlingi_mRNA,5356
XM_049691489.1,Anopheles_darlingi_mRNA,6950
XM_049691488.1,Anopheles_darlingi_mRNA,6947
XM_049691487.1,Anopheles_darlingi_mRNA,1413
XM_049691486.1,Anopheles_darlingi_mRNA,1644
XM_049691484.1,Anopheles_darlingi_mRNA,624
XM_049691483.1,Anopheles_darlingi_mRNA,2884
XM_049691482.1,Anopheles_darlingi_mRNA,1332
XM_049691481.1,Anopheles_darlingi_mRNA,1071
XM_049691480.1,Anopheles_darlingi_mRNA,2631
XM_049691479.1,Anopheles_darlingi_mRNA,1359
XM_049691477.1,Anopheles_darlingi_mRNA,3618
XM_049691476.1,Anopheles_darlingi_mRNA,1924
XM_049691475.1,Anopheles_darlingi_mRNA,2113
XM_049691474.1,Anopheles_darlingi_mRNA,1746
XM_049691473.1,Anopheles_darlingi_mRNA,1704
XM_049691472.1,Anopheles_darlingi_mRNA,746
XM_049691471.1,Anopheles_darlingi_mRNA,1367
XM_049691470.1,Anopheles_darlingi_mRNA,1607
XM_049691469.1,Anopheles_darlingi_mRNA,1836
XM_049691468.1,Anopheles_darlingi_mRNA,1027
XM_049691466.1,Anopheles_darlingi_mRNA,1083
XM_049691464.1,Anopheles_darlingi_mRNA,2278
XM_049691463.1,Anopheles_darlingi_mRNA,1761
XM_049691462.1,Anopheles_darlingi_mRNA,1489
XM_049691461.1,Anopheles_darlingi_mRNA,681
XM_049691459.1,Anopheles_darlingi_mRNA,719
XM_049691458.1,Anopheles_darlingi_mRNA,956
XM_049691457.1,Anopheles_darlingi_mRNA,884
XM_049691456.1,Anopheles_darlingi_mRNA,1405
XM_049691455.1,Anopheles_darlingi_mRNA,1317
XM_049691454.1,Anopheles_darlingi_mRNA,1453
XM_049691453.1,Anopheles_darlingi_mRNA,913
XM_049691452.1,Anopheles_darlingi_mRNA,1886
XM_049691451.1,Anopheles_darlingi_mRNA,2007
XM_049691450.1,Anopheles_darlingi_mRNA,2030
XM_049691449.1,Anopheles_darlingi_mRNA,1227
XM_049691448.1,Anopheles_darlingi_mRNA,1286
XM_049691446.1,Anopheles_darlingi_mRNA,1371
XM_049691445.1,Anopheles_darlingi_mRNA,1399
XM_049691444.1,Anopheles_darlingi_mRNA,1444
XM_049691443.1,Anopheles_darlingi_mRNA,1450
XM_049691442.1,Anopheles_darlingi_mRNA,1240
XM_049691441.1,Anopheles_darlingi_mRNA,1512
XM_049691440.1,Anopheles_darlingi_mRNA,2266
XM_049691439.1,Anopheles_darlingi_mRNA,2293
XM_049691438.1,Anopheles_darlingi_mRNA,1456
XM_049691437.1,Anopheles_darlingi_mRNA,2027
XM_049691436.1,Anopheles_darlingi_mRNA,8188
XM_049691435.1,Anopheles_darlingi_mRNA,8600
XM_049691434.1,Anopheles_darlingi_mRNA,8619
XM_049691432.1,Anopheles_darlingi_mRNA,8918
XM_049691431.1,Anopheles_darlingi_mRNA,8834
XM_049691430.1,Anopheles_darlingi_mRNA,1401
XM_049691429.1,Anopheles_darlingi_mRNA,1556
XM_049691428.1,Anopheles_darlingi_mRNA,4274
XM_049691427.1,Anopheles_darlingi_mRNA,1506
XM_049691426.1,Anopheles_darlingi_mRNA,1880
XM_049691424.1,Anopheles_darlingi_mRNA,1360
XM_049691423.1,Anopheles_darlingi_mRNA,1365
XM_049691422.1,Anopheles_darlingi_mRNA,1537
XM_049691421.1,Anopheles_darlingi_mRNA,1540
XM_049691420.1,Anopheles_darlingi_mRNA,1450
XM_049691419.1,Anopheles_darlingi_mRNA,2542
XM_049691418.1,Anopheles_darlingi_mRNA,2662
XM_049691417.1,Anopheles_darlingi_mRNA,2555
XM_049691415.1,Anopheles_darlingi_mRNA,2704
XM_049691414.1,Anopheles_darlingi_mRNA,1491
XM_049691413.1,Anopheles_darlingi_mRNA,1503
XM_049691412.1,Anopheles_darlingi_mRNA,1370
XM_049691411.1,Anopheles_darlingi_mRNA,1508
XM_049691410.1,Anopheles_darlingi_mRNA,1373
XM_049691409.1,Anopheles_darlingi_mRNA,1566
XM_049691408.1,Anopheles_darlingi_mRNA,1435
XM_049691407.1,Anopheles_darlingi_mRNA,1441
XM_049691405.1,Anopheles_darlingi_mRNA,1440
XM_049691404.1,Anopheles_darlingi_mRNA,1453
XM_049691403.1,Anopheles_darlingi_mRNA,1424
XM_049691402.1,Anopheles_darlingi_mRNA,1412
XM_049691401.1,Anopheles_darlingi_mRNA,1433
XM_049691400.1,Anopheles_darlingi_mRNA,1491
XM_049691399.1,Anopheles_darlingi_mRNA,1812
XM_049691398.1,Anopheles_darlingi_mRNA,2191
XM_049691397.1,Anopheles_darlingi_mRNA,2425
XM_049691396.1,Anopheles_darlingi_mRNA,1944
XM_049691395.1,Anopheles_darlingi_mRNA,2327
XM_049691394.1,Anopheles_darlingi_mRNA,2498
XM_049691393.1,Anopheles_darlingi_mRNA,2017
XM_049691390.1,Anopheles_darlingi_mRNA,2017
XM_049691389.1,Anopheles_darlingi_mRNA,2400
XM_049691388.1,Anopheles_darlingi_mRNA,2038
XM_049691387.1,Anopheles_darlingi_mRNA,2038
XM_049691386.1,Anopheles_darlingi_mRNA,2421
XM_049691385.1,Anopheles_darlingi_mRNA,2038
XM_049691384.1,Anopheles_darlingi_mRNA,3049
XM_049691383.1,Anopheles_darlingi_mRNA,1840
XM_049691382.1,Anopheles_darlingi_mRNA,17762
XM_049691381.1,Anopheles_darlingi_mRNA,17287
XM_049691380.1,Anopheles_darlingi_mRNA,17181
XM_049691379.1,Anopheles_darlingi_mRNA,17356
XM_049691378.1,Anopheles_darlingi_mRNA,2758
XM_049691376.1,Anopheles_darlingi_mRNA,2949
XM_049691375.1,Anopheles_darlingi_mRNA,5179
XM_049691374.1,Anopheles_darlingi_mRNA,5267
XM_049691373.1,Anopheles_darlingi_mRNA,9594
XM_049691372.1,Anopheles_darlingi_mRNA,10640
XM_049691371.1,Anopheles_darlingi_mRNA,9780
XM_049691370.1,Anopheles_darlingi_mRNA,9793
XM_049691369.1,Anopheles_darlingi_mRNA,10022
XM_049691368.1,Anopheles_darlingi_mRNA,9877
XM_049691367.1,Anopheles_darlingi_mRNA,9921
XM_049691366.1,Anopheles_darlingi_mRNA,9886
XM_049691365.1,Anopheles_darlingi_mRNA,9964
XM_049691364.1,Anopheles_darlingi_mRNA,10054
XM_049691362.1,Anopheles_darlingi_mRNA,4873
XM_049691361.1,Anopheles_darlingi_mRNA,1587
XM_049691360.1,Anopheles_darlingi_mRNA,747
XM_049691359.1,Anopheles_darlingi_mRNA,1498
XM_049691358.1,Anopheles_darlingi_mRNA,1513
XM_049691357.1,Anopheles_darlingi_mRNA,4125
XM_049691356.1,Anopheles_darlingi_mRNA,1865
XM_049691354.1,Anopheles_darlingi_mRNA,3851
XM_049691353.1,Anopheles_darlingi_mRNA,1053
XM_049691352.1,Anopheles_darlingi_mRNA,3895
XM_049691351.1,Anopheles_darlingi_mRNA,1281
XM_049691350.1,Anopheles_darlingi_mRNA,2496
XM_049691349.1,Anopheles_darlingi_mRNA,2848
XM_049691348.1,Anopheles_darlingi_mRNA,3244
XM_049691347.1,Anopheles_darlingi_mRNA,3500
XM_049691345.1,Anopheles_darlingi_mRNA,3535
XM_049691344.1,Anopheles_darlingi_mRNA,1521
XM_049691343.1,Anopheles_darlingi_mRNA,1750
XM_049691342.1,Anopheles_darlingi_mRNA,3342
XM_049691341.1,Anopheles_darlingi_mRNA,2748
XM_049691339.1,Anopheles_darlingi_mRNA,806
XM_049691337.1,Anopheles_darlingi_mRNA,1160
XM_049691336.1,Anopheles_darlingi_mRNA,1076
XM_049691335.1,Anopheles_darlingi_mRNA,1576
XM_049691334.1,Anopheles_darlingi_mRNA,917
XM_049691333.1,Anopheles_darlingi_mRNA,728
XM_049691332.1,Anopheles_darlingi_mRNA,2557
XM_049691331.1,Anopheles_darlingi_mRNA,2581
XM_049691329.1,Anopheles_darlingi_mRNA,875
XM_049691328.1,Anopheles_darlingi_mRNA,1003
XM_049691327.1,Anopheles_darlingi_mRNA,1185
XM_049691326.1,Anopheles_darlingi_mRNA,956
XM_049691325.1,Anopheles_darlingi_mRNA,1228
XM_049691324.1,Anopheles_darlingi_mRNA,1947
XM_049691323.1,Anopheles_darlingi_mRNA,2516
XM_049691321.1,Anopheles_darlingi_mRNA,2162
XM_049691320.1,Anopheles_darlingi_mRNA,2116
XM_049691319.1,Anopheles_darlingi_mRNA,1322
XM_049691318.1,Anopheles_darlingi_mRNA,1410
XM_049691317.1,Anopheles_darlingi_mRNA,2381
XM_049691316.1,Anopheles_darlingi_mRNA,1957
XM_049691315.1,Anopheles_darlingi_mRNA,1552
XM_049691314.1,Anopheles_darlingi_mRNA,1741
XM_049691312.1,Anopheles_darlingi_mRNA,6231
XM_049691311.1,Anopheles_darlingi_mRNA,6545
XM_049691310.1,Anopheles_darlingi_mRNA,2224
XM_049691309.1,Anopheles_darlingi_mRNA,2194
XM_049691308.1,Anopheles_darlingi_mRNA,2682
XM_049691307.1,Anopheles_darlingi_mRNA,2599
XM_049691306.1,Anopheles_darlingi_mRNA,2601
XM_049691305.1,Anopheles_darlingi_mRNA,2651
XM_049691303.1,Anopheles_darlingi_mRNA,1709
XM_049691302.1,Anopheles_darlingi_mRNA,1818
XM_049691301.1,Anopheles_darlingi_mRNA,2502
XM_049691300.1,Anopheles_darlingi_mRNA,2001
XM_049691299.1,Anopheles_darlingi_mRNA,2403
XM_049691298.1,Anopheles_darlingi_mRNA,2186
XM_049691297.1,Anopheles_darlingi_mRNA,3667
XM_049691295.1,Anopheles_darlingi_mRNA,3873
XM_049691294.1,Anopheles_darlingi_mRNA,4721
XM_049691293.1,Anopheles_darlingi_mRNA,2600
XM_049691292.1,Anopheles_darlingi_mRNA,2794
XM_049691291.1,Anopheles_darlingi_mRNA,3401
XM_049691290.1,Anopheles_darlingi_mRNA,4430
XM_049691289.1,Anopheles_darlingi_mRNA,4550
XM_049691288.1,Anopheles_darlingi_mRNA,5384
XM_049691287.1,Anopheles_darlingi_mRNA,5411
XM_049691286.1,Anopheles_darlingi_mRNA,4665
XM_049691285.1,Anopheles_darlingi_mRNA,5909
XM_049691284.1,Anopheles_darlingi_mRNA,5863
XM_049691283.1,Anopheles_darlingi_mRNA,5946
XM_049691281.1,Anopheles_darlingi_mRNA,4069
XM_049691280.1,Anopheles_darlingi_mRNA,4223
XM_049691279.1,Anopheles_darlingi_mRNA,4354
XM_049691278.1,Anopheles_darlingi_mRNA,5024
XM_049691277.1,Anopheles_darlingi_mRNA,4623
XM_049691276.1,Anopheles_darlingi_mRNA,4323
XM_049691275.1,Anopheles_darlingi_mRNA,4681
XM_049691274.1,Anopheles_darlingi_mRNA,4196
XM_049691273.1,Anopheles_darlingi_mRNA,9836
XM_049691272.1,Anopheles_darlingi_mRNA,9817
XM_049691271.1,Anopheles_darlingi_mRNA,602
XM_049691268.1,Anopheles_darlingi_mRNA,1502
XM_049691267.1,Anopheles_darlingi_mRNA,994
XM_049691266.1,Anopheles_darlingi_mRNA,1466
XM_049691265.1,Anopheles_darlingi_mRNA,6029
XM_049691264.1,Anopheles_darlingi_mRNA,6212
XM_049691263.1,Anopheles_darlingi_mRNA,6034
XM_049691262.1,Anopheles_darlingi_mRNA,6284
XM_049691261.1,Anopheles_darlingi_mRNA,5994
XM_049691259.1,Anopheles_darlingi_mRNA,6041
XM_049691258.1,Anopheles_darlingi_mRNA,1535
XM_049691257.1,Anopheles_darlingi_mRNA,1298
XM_049691255.1,Anopheles_darlingi_mRNA,891
XM_049691254.1,Anopheles_darlingi_mRNA,2506
XM_049691253.1,Anopheles_darlingi_mRNA,2148
XM_049691252.1,Anopheles_darlingi_mRNA,1422
XM_049691251.1,Anopheles_darlingi_mRNA,5889
XM_049691250.1,Anopheles_darlingi_mRNA,3828
XM_049691249.1,Anopheles_darlingi_mRNA,752
XM_049691248.1,Anopheles_darlingi_mRNA,1458
XM_049691247.1,Anopheles_darlingi_mRNA,1638
XM_049691246.1,Anopheles_darlingi_mRNA,3500
XM_049691244.1,Anopheles_darlingi_mRNA,1770
XM_049691243.1,Anopheles_darlingi_mRNA,2795
XM_049691241.1,Anopheles_darlingi_mRNA,636
XM_049691240.1,Anopheles_darlingi_mRNA,1366
XM_049691239.1,Anopheles_darlingi_mRNA,1465
XM_049691238.1,Anopheles_darlingi_mRNA,1101
XM_049691237.1,Anopheles_darlingi_mRNA,1665
XM_049691236.1,Anopheles_darlingi_mRNA,516
XM_049691235.1,Anopheles_darlingi_mRNA,2665
XM_049691233.1,Anopheles_darlingi_mRNA,1640
XM_049691232.1,Anopheles_darlingi_mRNA,2318
XM_049691231.1,Anopheles_darlingi_mRNA,3230
XM_049691230.1,Anopheles_darlingi_mRNA,1467
XM_049691229.1,Anopheles_darlingi_mRNA,2401
XM_049691228.1,Anopheles_darlingi_mRNA,750
XM_049691227.1,Anopheles_darlingi_mRNA,933
XM_049691226.1,Anopheles_darlingi_mRNA,902
XM_049691225.1,Anopheles_darlingi_mRNA,2093
XM_049691224.1,Anopheles_darlingi_mRNA,1757
XM_049691222.1,Anopheles_darlingi_mRNA,1764
XM_049691221.1,Anopheles_darlingi_mRNA,1851
XM_049691220.1,Anopheles_darlingi_mRNA,2223
XM_049691219.1,Anopheles_darlingi_mRNA,11895
XM_049691217.1,Anopheles_darlingi_mRNA,4495
XM_049691216.1,Anopheles_darlingi_mRNA,1170
XM_049691215.1,Anopheles_darlingi_mRNA,4737
XM_049691214.1,Anopheles_darlingi_mRNA,1177
XM_049691213.1,Anopheles_darlingi_mRNA,1764
XM_049691212.1,Anopheles_darlingi_mRNA,3030
XM_049691210.1,Anopheles_darlingi_mRNA,5401
XM_049691209.1,Anopheles_darlingi_mRNA,5505
XM_049691208.1,Anopheles_darlingi_mRNA,3053
XM_049691207.1,Anopheles_darlingi_mRNA,1393
XM_049691206.1,Anopheles_darlingi_mRNA,1379
XM_049691205.1,Anopheles_darlingi_mRNA,1777
XM_049691204.1,Anopheles_darlingi_mRNA,777
XM_049691203.1,Anopheles_darlingi_mRNA,2343
XM_049691202.1,Anopheles_darlingi_mRNA,2159
XM_049691201.1,Anopheles_darlingi_mRNA,1083
XM_049691199.1,Anopheles_darlingi_mRNA,1659
XM_049691198.1,Anopheles_darlingi_mRNA,3077
XM_049691197.1,Anopheles_darlingi_mRNA,2715
XM_049691196.1,Anopheles_darlingi_mRNA,4100
XM_049691195.1,Anopheles_darlingi_mRNA,942
XM_049691194.1,Anopheles_darlingi_mRNA,1101
XM_049691193.1,Anopheles_darlingi_mRNA,756
XM_049691192.1,Anopheles_darlingi_mRNA,1197
XM_049691191.1,Anopheles_darlingi_mRNA,501
XM_049691190.1,Anopheles_darlingi_mRNA,663
XM_049691188.1,Anopheles_darlingi_mRNA,696
XM_049691187.1,Anopheles_darlingi_mRNA,686
XM_049691186.1,Anopheles_darlingi_mRNA,955
XM_049691185.1,Anopheles_darlingi_mRNA,973
XM_049691184.1,Anopheles_darlingi_mRNA,708
XM_049691183.1,Anopheles_darlingi_mRNA,1294
XM_049691182.1,Anopheles_darlingi_mRNA,1317
XM_049691181.1,Anopheles_darlingi_mRNA,1161
XM_049691180.1,Anopheles_darlingi_mRNA,3896
XM_049691179.1,Anopheles_darlingi_mRNA,1263
XM_049691178.1,Anopheles_darlingi_mRNA,1213
XM_049691176.1,Anopheles_darlingi_mRNA,1589
XM_049691175.1,Anopheles_darlingi_mRNA,1371
XM_049691174.1,Anopheles_darlingi_mRNA,1381
XM_049691173.1,Anopheles_darlingi_mRNA,1590
XM_049691172.1,Anopheles_darlingi_mRNA,1678
XM_049691171.1,Anopheles_darlingi_mRNA,1745
XM_049691170.1,Anopheles_darlingi_mRNA,1833
XM_049691169.1,Anopheles_darlingi_mRNA,2519
XM_049691168.1,Anopheles_darlingi_mRNA,2666
XM_049691167.1,Anopheles_darlingi_mRNA,1512
XM_049691166.1,Anopheles_darlingi_mRNA,1732
XM_049691165.1,Anopheles_darlingi_mRNA,1766
XM_049691163.1,Anopheles_darlingi_mRNA,1744
XM_049691162.1,Anopheles_darlingi_mRNA,1766
XM_049691161.1,Anopheles_darlingi_mRNA,1859
XM_049691160.1,Anopheles_darlingi_mRNA,2035
XM_049691159.1,Anopheles_darlingi_mRNA,1241
XM_049691158.1,Anopheles_darlingi_mRNA,2139
XM_049691157.1,Anopheles_darlingi_mRNA,1832
XM_049691156.1,Anopheles_darlingi_mRNA,2414
XM_049691155.1,Anopheles_darlingi_mRNA,3567
XM_049691154.1,Anopheles_darlingi_mRNA,2067
XM_049691153.1,Anopheles_darlingi_mRNA,2646
XM_049691152.1,Anopheles_darlingi_mRNA,2112
XM_049691151.1,Anopheles_darlingi_mRNA,2050
XM_049691149.1,Anopheles_darlingi_mRNA,2599
XM_049691148.1,Anopheles_darlingi_mRNA,2241
XM_049691147.1,Anopheles_darlingi_mRNA,2584
XM_049691146.1,Anopheles_darlingi_mRNA,3823
XM_049691145.1,Anopheles_darlingi_mRNA,3514
XM_049691144.1,Anopheles_darlingi_mRNA,3516
XM_049691143.1,Anopheles_darlingi_mRNA,3595
XM_049691140.1,Anopheles_darlingi_mRNA,4411
XM_049691139.1,Anopheles_darlingi_mRNA,6630
XM_049691138.1,Anopheles_darlingi_mRNA,4331
XM_049691137.1,Anopheles_darlingi_mRNA,4415
XM_049691136.1,Anopheles_darlingi_mRNA,5106
XM_049691135.1,Anopheles_darlingi_mRNA,6736
XM_049691134.1,Anopheles_darlingi_mRNA,6318
XM_049691133.1,Anopheles_darlingi_mRNA,6760
XM_049691132.1,Anopheles_darlingi_mRNA,6763
XM_049691130.1,Anopheles_darlingi_mRNA,1471
XM_049691129.1,Anopheles_darlingi_mRNA,6062
XM_049691128.1,Anopheles_darlingi_mRNA,11072
XM_049691127.1,Anopheles_darlingi_mRNA,11437
XM_049691126.1,Anopheles_darlingi_mRNA,11141
XM_049691125.1,Anopheles_darlingi_mRNA,735
XM_049691124.1,Anopheles_darlingi_mRNA,893
XM_049691123.1,Anopheles_darlingi_mRNA,1915
XM_049691122.1,Anopheles_darlingi_mRNA,674
XM_049691121.1,Anopheles_darlingi_mRNA,3377
XM_049691120.1,Anopheles_darlingi_mRNA,1680
XM_049691119.1,Anopheles_darlingi_mRNA,1347
XM_049691118.1,Anopheles_darlingi_mRNA,713
XM_049691117.1,Anopheles_darlingi_mRNA,1385
XM_049691116.1,Anopheles_darlingi_mRNA,1271
XM_049691115.1,Anopheles_darlingi_mRNA,2372
XM_049691114.1,Anopheles_darlingi_mRNA,2791
XM_049691113.1,Anopheles_darlingi_mRNA,1545
XM_049691112.1,Anopheles_darlingi_mRNA,1730
XM_049691111.1,Anopheles_darlingi_mRNA,1713
XM_049691110.1,Anopheles_darlingi_mRNA,747
XM_049691109.1,Anopheles_darlingi_mRNA,1327
XM_049691108.1,Anopheles_darlingi_mRNA,1866
XM_049691107.1,Anopheles_darlingi_mRNA,2085
XM_049691106.1,Anopheles_darlingi_mRNA,1912
XM_049691105.1,Anopheles_darlingi_mRNA,1129
XM_049691104.1,Anopheles_darlingi_mRNA,3763
XM_049691103.1,Anopheles_darlingi_mRNA,726
XM_049691102.1,Anopheles_darlingi_mRNA,610
XM_049691101.1,Anopheles_darlingi_mRNA,1558
XM_049691100.1,Anopheles_darlingi_mRNA,2698
XM_049691099.1,Anopheles_darlingi_mRNA,1422
XM_049691098.1,Anopheles_darlingi_mRNA,1469
XM_049691097.1,Anopheles_darlingi_mRNA,1751
XM_049691096.1,Anopheles_darlingi_mRNA,611
XM_049691095.1,Anopheles_darlingi_mRNA,915
XM_049691094.1,Anopheles_darlingi_mRNA,1022
XM_049691093.1,Anopheles_darlingi_mRNA,863
XM_049691092.1,Anopheles_darlingi_mRNA,1200
XM_049691091.1,Anopheles_darlingi_mRNA,2884
XM_049691090.1,Anopheles_darlingi_mRNA,1629
XM_049691089.1,Anopheles_darlingi_mRNA,1496
XM_049691088.1,Anopheles_darlingi_mRNA,3569
XM_049691087.1,Anopheles_darlingi_mRNA,3550
XM_049691086.1,Anopheles_darlingi_mRNA,3771
XM_049691085.1,Anopheles_darlingi_mRNA,3526
XM_049691084.1,Anopheles_darlingi_mRNA,3618
XM_049691083.1,Anopheles_darlingi_mRNA,1401
XM_049691082.1,Anopheles_darlingi_mRNA,2290
XM_049691081.1,Anopheles_darlingi_mRNA,1566
XM_049691080.1,Anopheles_darlingi_mRNA,1725
XM_049691079.1,Anopheles_darlingi_mRNA,1778
XM_049691078.1,Anopheles_darlingi_mRNA,1627
XM_049691077.1,Anopheles_darlingi_mRNA,4897
XM_049691076.1,Anopheles_darlingi_mRNA,2705
XM_049691075.1,Anopheles_darlingi_mRNA,3044
XM_049691074.1,Anopheles_darlingi_mRNA,2418
XM_049691073.1,Anopheles_darlingi_mRNA,2869
XM_049691072.1,Anopheles_darlingi_mRNA,3156
XM_049691071.1,Anopheles_darlingi_mRNA,3237
XM_049691070.1,Anopheles_darlingi_mRNA,3303
XM_049691069.1,Anopheles_darlingi_mRNA,3253
XM_049691068.1,Anopheles_darlingi_mRNA,3162
XM_049691067.1,Anopheles_darlingi_mRNA,3211
XM_049691066.1,Anopheles_darlingi_mRNA,3357
XM_049691065.1,Anopheles_darlingi_mRNA,2440
XM_049691064.1,Anopheles_darlingi_mRNA,3854
XM_049691063.1,Anopheles_darlingi_mRNA,4272
XM_049691062.1,Anopheles_darlingi_mRNA,4661
XM_049691061.1,Anopheles_darlingi_mRNA,4514
XM_049691060.1,Anopheles_darlingi_mRNA,5053
XM_049691059.1,Anopheles_darlingi_mRNA,5197
XM_049691058.1,Anopheles_darlingi_mRNA,3634
XM_049691057.1,Anopheles_darlingi_mRNA,5571
XM_049691056.1,Anopheles_darlingi_mRNA,4281
XM_049691055.1,Anopheles_darlingi_mRNA,4768
XM_049691054.1,Anopheles_darlingi_mRNA,6887
XM_049691053.1,Anopheles_darlingi_mRNA,5175
XM_049691052.1,Anopheles_darlingi_mRNA,5486
XM_049691051.1,Anopheles_darlingi_mRNA,5528
XM_049691050.1,Anopheles_darlingi_mRNA,5907
XM_049691049.1,Anopheles_darlingi_mRNA,5775
XM_049691048.1,Anopheles_darlingi_mRNA,7486
XM_049691047.1,Anopheles_darlingi_mRNA,5214
XM_049691046.1,Anopheles_darlingi_mRNA,5204
XM_049691045.1,Anopheles_darlingi_mRNA,5183
XM_049691044.1,Anopheles_darlingi_mRNA,6353
XM_049691043.1,Anopheles_darlingi_mRNA,6647
XM_049691042.1,Anopheles_darlingi_mRNA,6953
XM_049691041.1,Anopheles_darlingi_mRNA,6965
XM_049691040.1,Anopheles_darlingi_mRNA,7463
XM_049691039.1,Anopheles_darlingi_mRNA,7526
XM_049691038.1,Anopheles_darlingi_mRNA,7532
XM_049691037.1,Anopheles_darlingi_mRNA,7544
XM_049691036.1,Anopheles_darlingi_mRNA,7565
XM_049691035.1,Anopheles_darlingi_mRNA,7547
XM_049691034.1,Anopheles_darlingi_mRNA,7550
XM_049691033.1,Anopheles_darlingi_mRNA,7574
XM_049691032.1,Anopheles_darlingi_mRNA,7577
XM_049691031.1,Anopheles_darlingi_mRNA,1476
XM_049691030.1,Anopheles_darlingi_mRNA,774
XM_049691029.1,Anopheles_darlingi_mRNA,4400
XM_049691028.1,Anopheles_darlingi_mRNA,1119
XM_049691027.1,Anopheles_darlingi_mRNA,6675
XM_049691026.1,Anopheles_darlingi_mRNA,3047
XM_049691025.1,Anopheles_darlingi_mRNA,3169
XM_049691023.1,Anopheles_darlingi_mRNA,3860
XM_049691022.1,Anopheles_darlingi_mRNA,3523
XM_049691021.1,Anopheles_darlingi_mRNA,4087
XM_049691020.1,Anopheles_darlingi_mRNA,3396
XM_049691019.1,Anopheles_darlingi_mRNA,813
XM_049691018.1,Anopheles_darlingi_mRNA,879
XM_049691017.1,Anopheles_darlingi_mRNA,2080
XM_049691016.1,Anopheles_darlingi_mRNA,2083
XM_049691015.1,Anopheles_darlingi_mRNA,2898
XM_049691014.1,Anopheles_darlingi_mRNA,3459
XM_049691013.1,Anopheles_darlingi_mRNA,3087
XM_049691012.1,Anopheles_darlingi_mRNA,3397
XM_049691011.1,Anopheles_darlingi_mRNA,1938
XM_049691010.1,Anopheles_darlingi_mRNA,2829
XM_049691009.1,Anopheles_darlingi_mRNA,2814
XM_049691008.1,Anopheles_darlingi_mRNA,2832
XM_049691007.1,Anopheles_darlingi_mRNA,1448
XM_049691006.1,Anopheles_darlingi_mRNA,3281
XM_049691005.1,Anopheles_darlingi_mRNA,1766
XM_049691004.1,Anopheles_darlingi_mRNA,524
XM_049691003.1,Anopheles_darlingi_mRNA,2224
XM_049691002.1,Anopheles_darlingi_mRNA,927
XM_049691001.1,Anopheles_darlingi_mRNA,979
XM_049691000.1,Anopheles_darlingi_mRNA,808
XM_049690999.1,Anopheles_darlingi_mRNA,890
XM_049690998.1,Anopheles_darlingi_mRNA,736
XM_049690997.1,Anopheles_darlingi_mRNA,753
XM_049690996.1,Anopheles_darlingi_mRNA,761
XM_049690995.1,Anopheles_darlingi_mRNA,1018
XM_049690994.1,Anopheles_darlingi_mRNA,829
XM_049690993.1,Anopheles_darlingi_mRNA,4636
XM_049690992.1,Anopheles_darlingi_mRNA,1233
XM_049690991.1,Anopheles_darlingi_mRNA,2613
XM_049690990.1,Anopheles_darlingi_mRNA,2688
XM_049690989.1,Anopheles_darlingi_mRNA,1339
XM_049690988.1,Anopheles_darlingi_mRNA,1619
XM_049690987.1,Anopheles_darlingi_mRNA,3306
XM_049690986.1,Anopheles_darlingi_mRNA,3312
XM_049690985.1,Anopheles_darlingi_mRNA,1763
XM_049690984.1,Anopheles_darlingi_mRNA,2046
XM_049690983.1,Anopheles_darlingi_mRNA,2015
XM_049690982.1,Anopheles_darlingi_mRNA,1793
XM_049690981.1,Anopheles_darlingi_mRNA,1946
XM_049690980.1,Anopheles_darlingi_mRNA,2047
XM_049690979.1,Anopheles_darlingi_mRNA,1783
XM_049690978.1,Anopheles_darlingi_mRNA,2055
XM_049690977.1,Anopheles_darlingi_mRNA,2020
XM_049690976.1,Anopheles_darlingi_mRNA,2106
XM_049690975.1,Anopheles_darlingi_mRNA,6476
XM_049690974.1,Anopheles_darlingi_mRNA,6519
XM_049690973.1,Anopheles_darlingi_mRNA,6565
XM_049690972.1,Anopheles_darlingi_mRNA,1991
XM_049690971.1,Anopheles_darlingi_mRNA,2010
XM_049690970.1,Anopheles_darlingi_mRNA,4763
XM_049690969.1,Anopheles_darlingi_mRNA,4884
XM_049690968.1,Anopheles_darlingi_mRNA,2826
XM_049690967.1,Anopheles_darlingi_mRNA,2081
XM_049690966.1,Anopheles_darlingi_mRNA,4351
XM_049690965.1,Anopheles_darlingi_mRNA,2415
XM_049690964.1,Anopheles_darlingi_mRNA,3090
XM_049690963.1,Anopheles_darlingi_mRNA,2612
XM_049690962.1,Anopheles_darlingi_mRNA,2631
XM_049690961.1,Anopheles_darlingi_mRNA,4396
XM_049690960.1,Anopheles_darlingi_mRNA,3974
XM_049690959.1,Anopheles_darlingi_mRNA,4334
XM_049690958.1,Anopheles_darlingi_mRNA,4767
XM_049690957.1,Anopheles_darlingi_mRNA,4353
XM_049690956.1,Anopheles_darlingi_mRNA,4476
XM_049690955.1,Anopheles_darlingi_mRNA,4329
XM_049690954.1,Anopheles_darlingi_mRNA,3406
XM_049690953.1,Anopheles_darlingi_mRNA,4811
XM_049690952.1,Anopheles_darlingi_mRNA,2377
XM_049690951.1,Anopheles_darlingi_mRNA,1995
XM_049690950.1,Anopheles_darlingi_mRNA,2342
XM_049690948.1,Anopheles_darlingi_mRNA,6497
XM_049690947.1,Anopheles_darlingi_mRNA,6951
XM_049690946.1,Anopheles_darlingi_mRNA,4499
XM_049690945.1,Anopheles_darlingi_mRNA,4928
XM_049690944.1,Anopheles_darlingi_mRNA,4973
XM_049690943.1,Anopheles_darlingi_mRNA,4933
XM_049690942.1,Anopheles_darlingi_mRNA,5093
XM_049690941.1,Anopheles_darlingi_mRNA,5093
XM_049690940.1,Anopheles_darlingi_mRNA,5176
XM_049690939.1,Anopheles_darlingi_mRNA,5156
XM_049690938.1,Anopheles_darlingi_mRNA,6791
XM_049690937.1,Anopheles_darlingi_mRNA,16955
XM_049690936.1,Anopheles_darlingi_mRNA,5888
XM_049690935.1,Anopheles_darlingi_mRNA,6313
XM_049690934.1,Anopheles_darlingi_mRNA,6306
XM_049690933.1,Anopheles_darlingi_mRNA,6312
XM_049690932.1,Anopheles_darlingi_mRNA,6332
XM_049690931.1,Anopheles_darlingi_mRNA,6364
XM_049690930.1,Anopheles_darlingi_mRNA,6368
XM_049690929.1,Anopheles_darlingi_mRNA,675
XM_049690928.1,Anopheles_darlingi_mRNA,511
XM_049690927.1,Anopheles_darlingi_mRNA,2511
XM_049690926.1,Anopheles_darlingi_mRNA,3954
XM_049690925.1,Anopheles_darlingi_mRNA,2547
XM_049690924.1,Anopheles_darlingi_mRNA,827
XM_049690923.1,Anopheles_darlingi_mRNA,1277
XM_049690922.1,Anopheles_darlingi_mRNA,1288
XM_049690921.1,Anopheles_darlingi_mRNA,1854
XM_049690920.1,Anopheles_darlingi_mRNA,1964
XM_049690919.1,Anopheles_darlingi_mRNA,5226
XM_049690918.1,Anopheles_darlingi_mRNA,10835
XM_049690917.1,Anopheles_darlingi_mRNA,894
XM_049690914.1,Anopheles_darlingi_mRNA,722
XM_049690913.1,Anopheles_darlingi_mRNA,734
XM_049690912.1,Anopheles_darlingi_mRNA,1393
XM_049690911.1,Anopheles_darlingi_mRNA,8966
XM_049690910.1,Anopheles_darlingi_mRNA,1088
XM_049690908.1,Anopheles_darlingi_mRNA,1305
XM_049690907.1,Anopheles_darlingi_mRNA,954
XM_049690906.1,Anopheles_darlingi_mRNA,974
XM_049690905.1,Anopheles_darlingi_mRNA,1248
XM_049690904.1,Anopheles_darlingi_mRNA,1349
XM_049690903.1,Anopheles_darlingi_mRNA,1164
XM_049690902.1,Anopheles_darlingi_mRNA,1241
XM_049690901.1,Anopheles_darlingi_mRNA,1325
XM_049690900.1,Anopheles_darlingi_mRNA,1360
XM_049690899.1,Anopheles_darlingi_mRNA,1472
XM_049690898.1,Anopheles_darlingi_mRNA,2269
XM_049690897.1,Anopheles_darlingi_mRNA,1307
XM_049690896.1,Anopheles_darlingi_mRNA,1310
XM_049690895.1,Anopheles_darlingi_mRNA,1245
XM_049690894.1,Anopheles_darlingi_mRNA,1541
XM_049690893.1,Anopheles_darlingi_mRNA,2317
XM_049690892.1,Anopheles_darlingi_mRNA,1508
XM_049690891.1,Anopheles_darlingi_mRNA,1751
XM_049690890.1,Anopheles_darlingi_mRNA,2687
XM_049690889.1,Anopheles_darlingi_mRNA,2351
XM_049690888.1,Anopheles_darlingi_mRNA,3537
XM_049690887.1,Anopheles_darlingi_mRNA,1891
XM_049690886.1,Anopheles_darlingi_mRNA,1846
XM_049690885.1,Anopheles_darlingi_mRNA,1874
XM_049690884.1,Anopheles_darlingi_mRNA,2045
XM_049690883.1,Anopheles_darlingi_mRNA,2502
XM_049690882.1,Anopheles_darlingi_mRNA,2355
XM_049690881.1,Anopheles_darlingi_mRNA,2352
XM_049690880.1,Anopheles_darlingi_mRNA,2351
XM_049690879.1,Anopheles_darlingi_mRNA,3487
XM_049690878.1,Anopheles_darlingi_mRNA,3502
XM_049690877.1,Anopheles_darlingi_mRNA,3547
XM_049690876.1,Anopheles_darlingi_mRNA,3709
XM_049690875.1,Anopheles_darlingi_mRNA,3857
XM_049690874.1,Anopheles_darlingi_mRNA,3872
XM_049690873.1,Anopheles_darlingi_mRNA,2337
XM_049690872.1,Anopheles_darlingi_mRNA,4899
XM_049690871.1,Anopheles_darlingi_mRNA,5768
XM_049690870.1,Anopheles_darlingi_mRNA,5605
XM_049690869.1,Anopheles_darlingi_mRNA,5933
XM_049690868.1,Anopheles_darlingi_mRNA,5749
XM_049690867.1,Anopheles_darlingi_mRNA,6179
XM_049690866.1,Anopheles_darlingi_mRNA,5171
XM_049690865.1,Anopheles_darlingi_mRNA,3152
XM_049690864.1,Anopheles_darlingi_mRNA,3043
XM_049690863.1,Anopheles_darlingi_mRNA,10540
XM_049690862.1,Anopheles_darlingi_mRNA,10537
XM_049690861.1,Anopheles_darlingi_mRNA,5050
XM_049690860.1,Anopheles_darlingi_mRNA,5384
XM_049690859.1,Anopheles_darlingi_mRNA,3309
XM_049690858.1,Anopheles_darlingi_mRNA,1838
XM_049690857.1,Anopheles_darlingi_mRNA,1856
XM_049690856.1,Anopheles_darlingi_mRNA,4594
XM_049690855.1,Anopheles_darlingi_mRNA,4647
XM_049690854.1,Anopheles_darlingi_mRNA,8372
XM_049690853.1,Anopheles_darlingi_mRNA,9732
XM_049690852.1,Anopheles_darlingi_mRNA,8850
XM_049690851.1,Anopheles_darlingi_mRNA,9616
XM_049690850.1,Anopheles_darlingi_mRNA,9737
XM_049690849.1,Anopheles_darlingi_mRNA,8555
XM_049690848.1,Anopheles_darlingi_mRNA,8626
XM_049690847.1,Anopheles_darlingi_mRNA,9747
XM_049690846.1,Anopheles_darlingi_mRNA,9211
XM_049690845.1,Anopheles_darlingi_mRNA,9985
XM_049690844.1,Anopheles_darlingi_mRNA,10002
XM_049690843.1,Anopheles_darlingi_mRNA,9423
XM_049690842.1,Anopheles_darlingi_mRNA,9408
XM_049690841.1,Anopheles_darlingi_mRNA,1403
XM_049690840.1,Anopheles_darlingi_mRNA,1283
XM_049690839.1,Anopheles_darlingi_mRNA,2121
XM_049690838.1,Anopheles_darlingi_mRNA,2225
XM_049690837.1,Anopheles_darlingi_mRNA,2925
XM_049690836.1,Anopheles_darlingi_mRNA,6239
XM_049690835.1,Anopheles_darlingi_mRNA,6469
XM_049690834.1,Anopheles_darlingi_mRNA,6465
XM_049690833.1,Anopheles_darlingi_mRNA,6474
XM_049690832.1,Anopheles_darlingi_mRNA,6431
XM_049690830.1,Anopheles_darlingi_mRNA,1154
XM_049690829.1,Anopheles_darlingi_mRNA,945
XM_049690828.1,Anopheles_darlingi_mRNA,1054
XM_049690827.1,Anopheles_darlingi_mRNA,1832
XM_049690826.1,Anopheles_darlingi_mRNA,1624
XM_049690825.1,Anopheles_darlingi_mRNA,2965
XM_049690823.1,Anopheles_darlingi_mRNA,2615
XM_049690822.1,Anopheles_darlingi_mRNA,2711
XM_049690821.1,Anopheles_darlingi_mRNA,2829
XM_049690820.1,Anopheles_darlingi_mRNA,534
XM_049690819.1,Anopheles_darlingi_mRNA,4591
XM_049690818.1,Anopheles_darlingi_mRNA,5274
XM_049690817.1,Anopheles_darlingi_mRNA,2115
XM_049690816.1,Anopheles_darlingi_mRNA,1203
XM_049690815.1,Anopheles_darlingi_mRNA,1176
XM_049690814.1,Anopheles_darlingi_mRNA,1138
XM_049690813.1,Anopheles_darlingi_mRNA,1144
XM_049690812.1,Anopheles_darlingi_mRNA,1878
XM_049690810.1,Anopheles_darlingi_mRNA,853
XM_049690809.1,Anopheles_darlingi_mRNA,6047
XM_049690808.1,Anopheles_darlingi_mRNA,2231
XM_049690807.1,Anopheles_darlingi_mRNA,2252
XM_049690806.1,Anopheles_darlingi_mRNA,1618
XM_049690805.1,Anopheles_darlingi_mRNA,3129
XM_049690804.1,Anopheles_darlingi_mRNA,1973
XM_049690803.1,Anopheles_darlingi_mRNA,2811
XM_049690802.1,Anopheles_darlingi_mRNA,3490
XM_049690801.1,Anopheles_darlingi_mRNA,3472
XM_049690799.1,Anopheles_darlingi_mRNA,3464
XM_049690798.1,Anopheles_darlingi_mRNA,7760
XM_049690797.1,Anopheles_darlingi_mRNA,4305
XM_049690796.1,Anopheles_darlingi_mRNA,3784
XM_049690795.1,Anopheles_darlingi_mRNA,5472
XM_049690794.1,Anopheles_darlingi_mRNA,5475
XM_049690793.1,Anopheles_darlingi_mRNA,4948
XM_049690792.1,Anopheles_darlingi_mRNA,5130
XM_049690791.1,Anopheles_darlingi_mRNA,10986
XM_049690790.1,Anopheles_darlingi_mRNA,10860
XM_049690789.1,Anopheles_darlingi_mRNA,10913
XM_049690788.1,Anopheles_darlingi_mRNA,10925
XM_049690785.1,Anopheles_darlingi_mRNA,10953
XM_049690784.1,Anopheles_darlingi_mRNA,10971
XM_049690783.1,Anopheles_darlingi_mRNA,10971
XM_049690782.1,Anopheles_darlingi_mRNA,10974
XM_049690781.1,Anopheles_darlingi_mRNA,10977
XM_049690780.1,Anopheles_darlingi_mRNA,10980
XM_049690779.1,Anopheles_darlingi_mRNA,10983
XM_049690778.1,Anopheles_darlingi_mRNA,7638
XM_049690777.1,Anopheles_darlingi_mRNA,9076
XM_049690776.1,Anopheles_darlingi_mRNA,15089
XM_049690775.1,Anopheles_darlingi_mRNA,18350
XM_049690774.1,Anopheles_darlingi_mRNA,18256
XM_049690773.1,Anopheles_darlingi_mRNA,18276
XM_049690771.1,Anopheles_darlingi_mRNA,19319
XM_049690770.1,Anopheles_darlingi_mRNA,19346
XM_049690769.1,Anopheles_darlingi_mRNA,19116
XM_049690768.1,Anopheles_darlingi_mRNA,18910
XM_049690767.1,Anopheles_darlingi_mRNA,19021
XM_049690766.1,Anopheles_darlingi_mRNA,18928
XM_049690765.1,Anopheles_darlingi_mRNA,19039
XM_049690764.1,Anopheles_darlingi_mRNA,19194
XM_049690763.1,Anopheles_darlingi_mRNA,18961
XM_049690761.1,Anopheles_darlingi_mRNA,18434
XM_049690760.1,Anopheles_darlingi_mRNA,19208
XM_049690759.1,Anopheles_darlingi_mRNA,19235
XM_049690758.1,Anopheles_darlingi_mRNA,19253
XM_049690757.1,Anopheles_darlingi_mRNA,19286
XM_049690755.1,Anopheles_darlingi_mRNA,19412
XM_049690754.1,Anopheles_darlingi_mRNA,19430
XM_049690753.1,Anopheles_darlingi_mRNA,24608
XM_049690752.1,Anopheles_darlingi_mRNA,24561
XM_049690751.1,Anopheles_darlingi_mRNA,24627
XM_049690727.1,Anopheles_darlingi_mRNA,5154
XM_049690726.1,Anopheles_darlingi_mRNA,1485
XM_049690724.1,Anopheles_darlingi_mRNA,1888
XM_049690723.1,Anopheles_darlingi_mRNA,1458
XM_049690722.1,Anopheles_darlingi_mRNA,1373
XM_049690721.1,Anopheles_darlingi_mRNA,1224
XM_049690720.1,Anopheles_darlingi_mRNA,3817
XM_049690719.1,Anopheles_darlingi_mRNA,3715
XM_049690718.1,Anopheles_darlingi_mRNA,4267
XM_049690716.1,Anopheles_darlingi_mRNA,1011
XM_049690715.1,Anopheles_darlingi_mRNA,1224
XM_049690714.1,Anopheles_darlingi_mRNA,1499
XM_049690712.1,Anopheles_darlingi_mRNA,1651
XM_049690711.1,Anopheles_darlingi_mRNA,1857
XM_049690710.1,Anopheles_darlingi_mRNA,1927
XM_049690709.1,Anopheles_darlingi_mRNA,1922
XM_049690708.1,Anopheles_darlingi_mRNA,1927
XM_049690707.1,Anopheles_darlingi_mRNA,1938
XM_049690706.1,Anopheles_darlingi_mRNA,674
XM_049690705.1,Anopheles_darlingi_mRNA,1270
XM_049690704.1,Anopheles_darlingi_mRNA,1138
XM_049690703.1,Anopheles_darlingi_mRNA,2134
XM_049690702.1,Anopheles_darlingi_mRNA,1748
XM_049690701.1,Anopheles_darlingi_mRNA,855
XM_049690699.1,Anopheles_darlingi_mRNA,4193
XM_049690698.1,Anopheles_darlingi_mRNA,2204
XM_049690697.1,Anopheles_darlingi_mRNA,1696
XM_049690696.1,Anopheles_darlingi_mRNA,1735
XM_049690695.1,Anopheles_darlingi_mRNA,1968
XM_049690694.1,Anopheles_darlingi_mRNA,1990
XM_049690693.1,Anopheles_darlingi_mRNA,960
XM_049690692.1,Anopheles_darlingi_mRNA,1062
XM_049690691.1,Anopheles_darlingi_mRNA,1850
XM_049690690.1,Anopheles_darlingi_mRNA,1814
XM_049690689.1,Anopheles_darlingi_mRNA,2640
XM_049690684.1,Anopheles_darlingi_mRNA,897
XM_049690683.1,Anopheles_darlingi_mRNA,3278
XM_049690682.1,Anopheles_darlingi_mRNA,3351
XM_049690681.1,Anopheles_darlingi_mRNA,3289
XM_049690679.1,Anopheles_darlingi_mRNA,3311
XM_049690678.1,Anopheles_darlingi_mRNA,4535
XM_049690677.1,Anopheles_darlingi_mRNA,5085
XM_049690676.1,Anopheles_darlingi_mRNA,3887
XM_049690675.1,Anopheles_darlingi_mRNA,3042
XM_049690674.1,Anopheles_darlingi_mRNA,3103
XM_049690673.1,Anopheles_darlingi_mRNA,3022
XM_049690672.1,Anopheles_darlingi_mRNA,3085
XM_049690670.1,Anopheles_darlingi_mRNA,3253
XM_049690669.1,Anopheles_darlingi_mRNA,3436
XM_049690668.1,Anopheles_darlingi_mRNA,744
XM_049690667.1,Anopheles_darlingi_mRNA,1302
XM_049690666.1,Anopheles_darlingi_mRNA,825
XM_049690665.1,Anopheles_darlingi_mRNA,835
XM_049690664.1,Anopheles_darlingi_mRNA,1798
XM_049690663.1,Anopheles_darlingi_mRNA,1825
XM_049690662.1,Anopheles_darlingi_mRNA,3198
XM_049690661.1,Anopheles_darlingi_mRNA,3384
XM_049690660.1,Anopheles_darlingi_mRNA,902
XM_049690657.1,Anopheles_darlingi_mRNA,4608
XM_049690656.1,Anopheles_darlingi_mRNA,7510
XM_049690655.1,Anopheles_darlingi_mRNA,3032
XM_049690654.1,Anopheles_darlingi_mRNA,3087
XM_049690653.1,Anopheles_darlingi_mRNA,3087
XM_049690652.1,Anopheles_darlingi_mRNA,3090
XM_049690651.1,Anopheles_darlingi_mRNA,6175
XM_049690650.1,Anopheles_darlingi_mRNA,2445
XM_049690648.1,Anopheles_darlingi_mRNA,2442
XM_049690647.1,Anopheles_darlingi_mRNA,2722
XM_049690646.1,Anopheles_darlingi_mRNA,3233
XM_049690645.1,Anopheles_darlingi_mRNA,1334
XM_049690643.1,Anopheles_darlingi_mRNA,5726
XM_049690642.1,Anopheles_darlingi_mRNA,1792
XM_049690641.1,Anopheles_darlingi_mRNA,3909
XM_049690640.1,Anopheles_darlingi_mRNA,3962
XM_049690639.1,Anopheles_darlingi_mRNA,3558
XM_049690638.1,Anopheles_darlingi_mRNA,510
XM_049690637.1,Anopheles_darlingi_mRNA,6023
XM_049690636.1,Anopheles_darlingi_mRNA,1286
XM_049690635.1,Anopheles_darlingi_mRNA,1482
XM_049690634.1,Anopheles_darlingi_mRNA,5176
XM_049690633.1,Anopheles_darlingi_mRNA,1160
XM_049690631.1,Anopheles_darlingi_mRNA,1273
XM_049690630.1,Anopheles_darlingi_mRNA,623
XM_085037599.1,Anopheles_genus_mRNA,652
XM_085037598.1,Anopheles_genus_mRNA,5297
XM_085037597.1,Anopheles_genus_mRNA,4781
XM_085037596.1,Anopheles_genus_mRNA,655
XM_085037595.1,Anopheles_genus_mRNA,744
XM_085037594.1,Anopheles_genus_mRNA,1098
XM_085037593.1,Anopheles_genus_mRNA,1174
XM_085037592.1,Anopheles_genus_mRNA,1586
XM_085037591.1,Anopheles_genus_mRNA,2054
XM_085037590.1,Anopheles_genus_mRNA,2444
XM_085037588.1,Anopheles_genus_mRNA,2516
XM_085037587.1,Anopheles_genus_mRNA,2525
XM_085037586.1,Anopheles_genus_mRNA,3384
XM_085037585.1,Anopheles_genus_mRNA,3328
XM_085037584.1,Anopheles_genus_mRNA,3335
XM_085037583.1,Anopheles_genus_mRNA,3504
XM_085037582.1,Anopheles_genus_mRNA,4510
XM_085037580.1,Anopheles_genus_mRNA,4958
XM_085037579.1,Anopheles_genus_mRNA,2012
XM_085037578.1,Anopheles_genus_mRNA,1427
XM_085037576.1,Anopheles_genus_mRNA,2433
XM_085037575.1,Anopheles_genus_mRNA,2620
XM_085037574.1,Anopheles_genus_mRNA,1136
XM_085037573.1,Anopheles_genus_mRNA,872
XM_085037572.1,Anopheles_genus_mRNA,2126
XM_085037571.1,Anopheles_genus_mRNA,1869
XM_085037570.1,Anopheles_genus_mRNA,1734
XM_085037569.1,Anopheles_genus_mRNA,1921
XM_085037568.1,Anopheles_genus_mRNA,3048
XM_085037567.1,Anopheles_genus_mRNA,3539
XM_085037566.1,Anopheles_genus_mRNA,3578
XM_085037565.1,Anopheles_genus_mRNA,3937
XM_085037563.1,Anopheles_genus_mRNA,8507
XM_085037562.1,Anopheles_genus_mRNA,11397
XM_085037561.1,Anopheles_genus_mRNA,9362
XM_085037560.1,Anopheles_genus_mRNA,1351
XM_085037559.1,Anopheles_genus_mRNA,2591
XM_085037558.1,Anopheles_genus_mRNA,796
XM_085037557.1,Anopheles_genus_mRNA,806
XM_085037556.1,Anopheles_genus_mRNA,4351
XM_085037555.1,Anopheles_genus_mRNA,995
XM_085037554.1,Anopheles_genus_mRNA,848
XM_085037552.1,Anopheles_genus_mRNA,1385
XM_085037551.1,Anopheles_genus_mRNA,1034
XM_085037550.1,Anopheles_genus_mRNA,2754
XM_085037549.1,Anopheles_genus_mRNA,2611
XM_085037548.1,Anopheles_genus_mRNA,1820
XM_085037547.1,Anopheles_genus_mRNA,1913
XM_085037546.1,Anopheles_genus_mRNA,2777
XM_085037545.1,Anopheles_genus_mRNA,1555
XM_085037544.1,Anopheles_genus_mRNA,1427
XM_085037543.1,Anopheles_genus_mRNA,1965
XM_085037542.1,Anopheles_genus_mRNA,2565
XM_085037541.1,Anopheles_genus_mRNA,2152
XM_085037539.1,Anopheles_genus_mRNA,2170
XM_085037538.1,Anopheles_genus_mRNA,2520
XM_085037537.1,Anopheles_genus_mRNA,4422
XM_085037536.1,Anopheles_genus_mRNA,7444
XM_085037535.1,Anopheles_genus_mRNA,9927
XM_085037534.1,Anopheles_genus_mRNA,9933
XM_085037533.1,Anopheles_genus_mRNA,1042
XM_085037532.1,Anopheles_genus_mRNA,724
XM_085037531.1,Anopheles_genus_mRNA,3443
XM_085037530.1,Anopheles_genus_mRNA,6074
XM_085037529.1,Anopheles_genus_mRNA,1621
XM_085037527.1,Anopheles_genus_mRNA,4109
XM_085037526.1,Anopheles_genus_mRNA,4169
XM_085037525.1,Anopheles_genus_mRNA,4172
XM_085037524.1,Anopheles_genus_mRNA,1493
XM_085037523.1,Anopheles_genus_mRNA,2598
XM_085037522.1,Anopheles_genus_mRNA,6371
XM_085037521.1,Anopheles_genus_mRNA,6074
XM_085037520.1,Anopheles_genus_mRNA,8475
XM_085037519.1,Anopheles_genus_mRNA,1440
XM_085037518.1,Anopheles_genus_mRNA,8363
XM_085037517.1,Anopheles_genus_mRNA,1294
XM_085037515.1,Anopheles_genus_mRNA,1736
XM_085037514.1,Anopheles_genus_mRNA,4960
XM_085037513.1,Anopheles_genus_mRNA,2229
XM_085037512.1,Anopheles_genus_mRNA,1951
XM_085037511.1,Anopheles_genus_mRNA,1954
XM_085037510.1,Anopheles_genus_mRNA,2582
XM_085037509.1,Anopheles_genus_mRNA,4753
XM_085037508.1,Anopheles_genus_mRNA,650
XM_085037507.1,Anopheles_genus_mRNA,2438
XM_085037505.1,Anopheles_genus_mRNA,2769
XM_085037504.1,Anopheles_genus_mRNA,2657
XM_085037503.1,Anopheles_genus_mRNA,3470
XM_085037502.1,Anopheles_genus_mRNA,1480
XM_085037501.1,Anopheles_genus_mRNA,2958
XM_085037500.1,Anopheles_genus_mRNA,3193
XM_085037499.1,Anopheles_genus_mRNA,2044
XM_085037498.1,Anopheles_genus_mRNA,3517
XM_085037497.1,Anopheles_genus_mRNA,2931
XM_085037496.1,Anopheles_genus_mRNA,4027
XM_085037495.1,Anopheles_genus_mRNA,579
XM_085037494.1,Anopheles_genus_mRNA,879
XM_085037493.1,Anopheles_genus_mRNA,1063
XM_085037492.1,Anopheles_genus_mRNA,3433
XM_085037490.1,Anopheles_genus_mRNA,5270
XM_085037489.1,Anopheles_genus_mRNA,1118
XM_085037488.1,Anopheles_genus_mRNA,4193
XM_085037487.1,Anopheles_genus_mRNA,4262
XM_085037486.1,Anopheles_genus_mRNA,4349
XM_085037485.1,Anopheles_genus_mRNA,719
XM_085037484.1,Anopheles_genus_mRNA,2541
XM_085037483.1,Anopheles_genus_mRNA,3204
XM_085037482.1,Anopheles_genus_mRNA,3591
XM_085037479.1,Anopheles_genus_mRNA,2276
XM_085037478.1,Anopheles_genus_mRNA,2097
XM_085037477.1,Anopheles_genus_mRNA,2153
XM_085037476.1,Anopheles_genus_mRNA,2156
XM_085037475.1,Anopheles_genus_mRNA,1756
XM_085037474.1,Anopheles_genus_mRNA,1719
XM_085037473.1,Anopheles_genus_mRNA,2939
XM_085037471.1,Anopheles_genus_mRNA,2179
XM_085037470.1,Anopheles_genus_mRNA,2092
XM_085037469.1,Anopheles_genus_mRNA,2421
XM_085037468.1,Anopheles_genus_mRNA,2598
XM_085037467.1,Anopheles_genus_mRNA,2506
XM_085037466.1,Anopheles_genus_mRNA,4742
XM_085037465.1,Anopheles_genus_mRNA,2871
XM_085037463.1,Anopheles_genus_mRNA,3506
XM_085037462.1,Anopheles_genus_mRNA,3549
XM_085037461.1,Anopheles_genus_mRNA,3533
XM_085037460.1,Anopheles_genus_mRNA,4197
XM_085037458.1,Anopheles_genus_mRNA,2977
XM_085037457.1,Anopheles_genus_mRNA,4201
XM_085037456.1,Anopheles_genus_mRNA,4201
XM_085037455.1,Anopheles_genus_mRNA,4220
XM_085037454.1,Anopheles_genus_mRNA,4220
XM_085037453.1,Anopheles_genus_mRNA,4240
XM_085037452.1,Anopheles_genus_mRNA,4240
XM_085037451.1,Anopheles_genus_mRNA,1387
XM_085037450.1,Anopheles_genus_mRNA,1240
XM_085037448.1,Anopheles_genus_mRNA,4564
XM_085037447.1,Anopheles_genus_mRNA,5152
XM_085037446.1,Anopheles_genus_mRNA,814
XM_085037445.1,Anopheles_genus_mRNA,901
XM_085037444.1,Anopheles_genus_mRNA,771
XM_085037443.1,Anopheles_genus_mRNA,1349
XM_085037442.1,Anopheles_genus_mRNA,1962
XM_085037441.1,Anopheles_genus_mRNA,4972
XM_085037440.1,Anopheles_genus_mRNA,5119
XM_085037439.1,Anopheles_genus_mRNA,732
XM_085037437.1,Anopheles_genus_mRNA,1732
XM_085037436.1,Anopheles_genus_mRNA,613
XM_085037435.1,Anopheles_genus_mRNA,2210
XM_085037434.1,Anopheles_genus_mRNA,1557
XM_085037433.1,Anopheles_genus_mRNA,1467
XM_085037432.1,Anopheles_genus_mRNA,1722
XM_085037431.1,Anopheles_genus_mRNA,3857
XM_085037429.1,Anopheles_genus_mRNA,1392
XM_085037428.1,Anopheles_genus_mRNA,1740
XM_085037427.1,Anopheles_genus_mRNA,1924
XM_085037426.1,Anopheles_genus_mRNA,1798
XM_085037425.1,Anopheles_genus_mRNA,2182
XM_085037424.1,Anopheles_genus_mRNA,2225
XM_085037423.1,Anopheles_genus_mRNA,5723
XM_085037422.1,Anopheles_genus_mRNA,2274
XM_085037421.1,Anopheles_genus_mRNA,7548
XM_085037420.1,Anopheles_genus_mRNA,7713
XM_085037419.1,Anopheles_genus_mRNA,7878
XM_085037417.1,Anopheles_genus_mRNA,5313
XM_085037416.1,Anopheles_genus_mRNA,1919
XM_085037415.1,Anopheles_genus_mRNA,2007
XM_085037414.1,Anopheles_genus_mRNA,2010
XM_085037413.1,Anopheles_genus_mRNA,2955
XM_085037412.1,Anopheles_genus_mRNA,3111
XM_085037411.1,Anopheles_genus_mRNA,4340
XM_085037409.1,Anopheles_genus_mRNA,4684
XM_085037408.1,Anopheles_genus_mRNA,4744
XM_085037407.1,Anopheles_genus_mRNA,4768
XM_085037406.1,Anopheles_genus_mRNA,542
XM_085037405.1,Anopheles_genus_mRNA,2909
XM_085037404.1,Anopheles_genus_mRNA,1829
XM_085037403.1,Anopheles_genus_mRNA,2618
XM_085037402.1,Anopheles_genus_mRNA,2080
XM_085037401.1,Anopheles_genus_mRNA,3602
XM_085037400.1,Anopheles_genus_mRNA,3295
XM_085037399.1,Anopheles_genus_mRNA,580
XM_085037398.1,Anopheles_genus_mRNA,1887
XM_085037397.1,Anopheles_genus_mRNA,1945
XM_085037396.1,Anopheles_genus_mRNA,935
XM_085037395.1,Anopheles_genus_mRNA,1074
XM_085037394.1,Anopheles_genus_mRNA,1265
XM_085037393.1,Anopheles_genus_mRNA,1855
XM_085037392.1,Anopheles_genus_mRNA,1587
XM_085037390.1,Anopheles_genus_mRNA,2047
XM_085037389.1,Anopheles_genus_mRNA,2018
XM_085037388.1,Anopheles_genus_mRNA,2519
XM_085037387.1,Anopheles_genus_mRNA,3244
XM_085037386.1,Anopheles_genus_mRNA,3228
XM_085037385.1,Anopheles_genus_mRNA,1888
XM_085037384.1,Anopheles_genus_mRNA,2025
XM_085037383.1,Anopheles_genus_mRNA,2910
XM_085037382.1,Anopheles_genus_mRNA,3304
XM_085037381.1,Anopheles_genus_mRNA,3536
XM_085037380.1,Anopheles_genus_mRNA,4359
XM_085037378.1,Anopheles_genus_mRNA,4419
XM_085037377.1,Anopheles_genus_mRNA,4497
XM_085037376.1,Anopheles_genus_mRNA,6137
XM_085037375.1,Anopheles_genus_mRNA,1661
XM_085037374.1,Anopheles_genus_mRNA,1259
XM_085037373.1,Anopheles_genus_mRNA,3524
XM_085037372.1,Anopheles_genus_mRNA,2290
XM_085037371.1,Anopheles_genus_mRNA,2335
XM_085037370.1,Anopheles_genus_mRNA,2210
XM_085037369.1,Anopheles_genus_mRNA,2067
XM_085037368.1,Anopheles_genus_mRNA,1239
XM_085037366.1,Anopheles_genus_mRNA,1624
XM_085037365.1,Anopheles_genus_mRNA,3171
XM_085037364.1,Anopheles_genus_mRNA,2802
XM_085037363.1,Anopheles_genus_mRNA,6082
XM_085037362.1,Anopheles_genus_mRNA,1729
XM_085037361.1,Anopheles_genus_mRNA,2884
XM_085037360.1,Anopheles_genus_mRNA,1968
XM_085037359.1,Anopheles_genus_mRNA,7192
XM_085037358.1,Anopheles_genus_mRNA,1696
XM_085037357.1,Anopheles_genus_mRNA,1288
XM_085037355.1,Anopheles_genus_mRNA,1954
XM_085037354.1,Anopheles_genus_mRNA,1210
XM_085037353.1,Anopheles_genus_mRNA,4560
XM_085037352.1,Anopheles_genus_mRNA,2128
XM_085037351.1,Anopheles_genus_mRNA,1109
XM_085037350.1,Anopheles_genus_mRNA,1912
XM_085037349.1,Anopheles_genus_mRNA,2380
XM_085037348.1,Anopheles_genus_mRNA,3435
XM_085037347.1,Anopheles_genus_mRNA,2171
XM_085037346.1,Anopheles_genus_mRNA,2181
XM_085037343.1,Anopheles_genus_mRNA,2932
XM_085037342.1,Anopheles_genus_mRNA,1113
XM_085037341.1,Anopheles_genus_mRNA,1923
XM_085037340.1,Anopheles_genus_mRNA,733
XM_085037339.1,Anopheles_genus_mRNA,1905
XM_085037338.1,Anopheles_genus_mRNA,699
XM_085037337.1,Anopheles_genus_mRNA,1882
XM_085037336.1,Anopheles_genus_mRNA,16732
XM_085037335.1,Anopheles_genus_mRNA,4677
XM_085037333.1,Anopheles_genus_mRNA,1996
XM_085037332.1,Anopheles_genus_mRNA,969
XM_085037331.1,Anopheles_genus_mRNA,1568
XM_085037330.1,Anopheles_genus_mRNA,592
XM_085037329.1,Anopheles_genus_mRNA,1607
XM_085037328.1,Anopheles_genus_mRNA,1046
XM_085037327.1,Anopheles_genus_mRNA,2355
XM_085037326.1,Anopheles_genus_mRNA,2486
XM_085037325.1,Anopheles_genus_mRNA,1052
XM_085037323.1,Anopheles_genus_mRNA,583
XM_085037322.1,Anopheles_genus_mRNA,665
XM_085037321.1,Anopheles_genus_mRNA,2620
XM_085037320.1,Anopheles_genus_mRNA,1372
XM_085037319.1,Anopheles_genus_mRNA,899
XM_085037318.1,Anopheles_genus_mRNA,989
XM_085037317.1,Anopheles_genus_mRNA,3745
XM_085037316.1,Anopheles_genus_mRNA,1613
XM_085037315.1,Anopheles_genus_mRNA,1731
XM_085037314.1,Anopheles_genus_mRNA,4613
XM_085037313.1,Anopheles_genus_mRNA,4749
XM_085037311.1,Anopheles_genus_mRNA,1187
XM_085037310.1,Anopheles_genus_mRNA,1192
XM_085037309.1,Anopheles_genus_mRNA,1320
XM_085037308.1,Anopheles_genus_mRNA,2021
XM_085037307.1,Anopheles_genus_mRNA,2032
XM_085037306.1,Anopheles_genus_mRNA,2810
XM_085037305.1,Anopheles_genus_mRNA,2330
XM_085037304.1,Anopheles_genus_mRNA,1351
XM_085037303.1,Anopheles_genus_mRNA,830
XM_085037302.1,Anopheles_genus_mRNA,4146
XM_085037301.1,Anopheles_genus_mRNA,1448
XM_085037299.1,Anopheles_genus_mRNA,2927
XM_085037298.1,Anopheles_genus_mRNA,5038
XM_085037297.1,Anopheles_genus_mRNA,2658
XM_085037296.1,Anopheles_genus_mRNA,1639
XM_085037295.1,Anopheles_genus_mRNA,4086
XM_085037294.1,Anopheles_genus_mRNA,1744
XM_085037293.1,Anopheles_genus_mRNA,759
XM_085037292.1,Anopheles_genus_mRNA,2011
XM_085037291.1,Anopheles_genus_mRNA,4263
XM_085037290.1,Anopheles_genus_mRNA,1026
XM_085037288.1,Anopheles_genus_mRNA,600
XM_085037287.1,Anopheles_genus_mRNA,1089
XM_085037285.1,Anopheles_genus_mRNA,2466
XM_085037284.1,Anopheles_genus_mRNA,2523
XM_085037283.1,Anopheles_genus_mRNA,3608
XM_085037282.1,Anopheles_genus_mRNA,2881
XM_085037281.1,Anopheles_genus_mRNA,2627
XM_085037280.1,Anopheles_genus_mRNA,4356
XM_085037279.1,Anopheles_genus_mRNA,1176
XM_085037278.1,Anopheles_genus_mRNA,6929
XM_085037276.1,Anopheles_genus_mRNA,3669
XM_085037275.1,Anopheles_genus_mRNA,4199
XM_085037274.1,Anopheles_genus_mRNA,1239
XM_085037273.1,Anopheles_genus_mRNA,1425
XM_085037272.1,Anopheles_genus_mRNA,2111
XM_085037271.1,Anopheles_genus_mRNA,1109
XM_085037270.1,Anopheles_genus_mRNA,968
XM_085037269.1,Anopheles_genus_mRNA,5476
XM_085037268.1,Anopheles_genus_mRNA,1617
XM_085037267.1,Anopheles_genus_mRNA,1631
XM_085037265.1,Anopheles_genus_mRNA,826
XM_085037263.1,Anopheles_genus_mRNA,2140
XM_085037262.1,Anopheles_genus_mRNA,940
XM_085037261.1,Anopheles_genus_mRNA,1149
XM_085037260.1,Anopheles_genus_mRNA,1046
XM_085037259.1,Anopheles_genus_mRNA,1380
XM_085037258.1,Anopheles_genus_mRNA,4757
XM_085037257.1,Anopheles_genus_mRNA,573
XM_085037255.1,Anopheles_genus_mRNA,1132
XM_085037254.1,Anopheles_genus_mRNA,1513
XM_085037253.1,Anopheles_genus_mRNA,1646
XM_085037252.1,Anopheles_genus_mRNA,995
XM_085037251.1,Anopheles_genus_mRNA,859
XM_085037250.1,Anopheles_genus_mRNA,1758
XM_085037249.1,Anopheles_genus_mRNA,1235
XM_085037248.1,Anopheles_genus_mRNA,1062
XM_085037247.1,Anopheles_genus_mRNA,1642
XM_085037246.1,Anopheles_genus_mRNA,1355
XM_085037244.1,Anopheles_genus_mRNA,1517
XM_085037243.1,Anopheles_genus_mRNA,581
XM_085037242.1,Anopheles_genus_mRNA,601
XM_085037241.1,Anopheles_genus_mRNA,723
XM_085037240.1,Anopheles_genus_mRNA,776
XM_085037239.1,Anopheles_genus_mRNA,4034
XM_085037238.1,Anopheles_genus_mRNA,5409
XM_085037237.1,Anopheles_genus_mRNA,1049
XM_085037236.1,Anopheles_genus_mRNA,1437
XM_085037235.1,Anopheles_genus_mRNA,1091
XM_085037234.1,Anopheles_genus_mRNA,1187
XM_085037231.1,Anopheles_genus_mRNA,1925
XM_085037230.1,Anopheles_genus_mRNA,2569
XM_085037229.1,Anopheles_genus_mRNA,1250
XM_085037228.1,Anopheles_genus_mRNA,2477
XM_085037227.1,Anopheles_genus_mRNA,924
XM_085037226.1,Anopheles_genus_mRNA,2612
XM_085037225.1,Anopheles_genus_mRNA,2554
XM_085037224.1,Anopheles_genus_mRNA,2499
XM_085037223.1,Anopheles_genus_mRNA,1415
XM_085037222.1,Anopheles_genus_mRNA,1438
XM_085037220.1,Anopheles_genus_mRNA,1834
XM_085037219.1,Anopheles_genus_mRNA,2251
XM_085037218.1,Anopheles_genus_mRNA,2281
XM_085037217.1,Anopheles_genus_mRNA,1365
XM_085037216.1,Anopheles_genus_mRNA,1347
XM_085037215.1,Anopheles_genus_mRNA,1281
XM_085037214.1,Anopheles_genus_mRNA,1736
XM_085037213.1,Anopheles_genus_mRNA,3833
XM_085037211.1,Anopheles_genus_mRNA,3692
XM_085037210.1,Anopheles_genus_mRNA,3633
XM_085037208.1,Anopheles_genus_mRNA,1457
XM_085037207.1,Anopheles_genus_mRNA,1301
XM_085037206.1,Anopheles_genus_mRNA,2448
XM_085037205.1,Anopheles_genus_mRNA,1168
XM_085037204.1,Anopheles_genus_mRNA,978
XM_085037203.1,Anopheles_genus_mRNA,973
XM_085037202.1,Anopheles_genus_mRNA,1028
XM_085037200.1,Anopheles_genus_mRNA,1077
XM_085037199.1,Anopheles_genus_mRNA,1554
XM_085037198.1,Anopheles_genus_mRNA,2046
XM_085037197.1,Anopheles_genus_mRNA,2050
XM_085037196.1,Anopheles_genus_mRNA,2108
XM_085037195.1,Anopheles_genus_mRNA,3280
XM_085037194.1,Anopheles_genus_mRNA,1551
XM_085037193.1,Anopheles_genus_mRNA,1837
XM_085037192.1,Anopheles_genus_mRNA,1960
XM_085037191.1,Anopheles_genus_mRNA,1318
XM_085037190.1,Anopheles_genus_mRNA,4552
XM_085037188.1,Anopheles_genus_mRNA,4127
XM_085037187.1,Anopheles_genus_mRNA,2887
XM_085037186.1,Anopheles_genus_mRNA,2239
XM_085037185.1,Anopheles_genus_mRNA,3111
XM_085037184.1,Anopheles_genus_mRNA,1609
XM_085037183.1,Anopheles_genus_mRNA,3843
XM_085037182.1,Anopheles_genus_mRNA,860
XM_085037181.1,Anopheles_genus_mRNA,1361
XM_085037180.1,Anopheles_genus_mRNA,1321
XM_085037179.1,Anopheles_genus_mRNA,1830
XM_085037177.1,Anopheles_genus_mRNA,1908
XM_085037176.1,Anopheles_genus_mRNA,3062
XM_085037175.1,Anopheles_genus_mRNA,2136
XM_085037174.1,Anopheles_genus_mRNA,796
XM_085037173.1,Anopheles_genus_mRNA,1627
XM_085037172.1,Anopheles_genus_mRNA,1815
XM_085037171.1,Anopheles_genus_mRNA,7045
XM_085037169.1,Anopheles_genus_mRNA,1366
XM_085037168.1,Anopheles_genus_mRNA,767
XM_085037167.1,Anopheles_genus_mRNA,2922
XM_085037166.1,Anopheles_genus_mRNA,1324
XM_085037165.1,Anopheles_genus_mRNA,2663
XM_085037164.1,Anopheles_genus_mRNA,1293
XM_085037163.1,Anopheles_genus_mRNA,1329
XM_085037161.1,Anopheles_genus_mRNA,2134
XM_085037160.1,Anopheles_genus_mRNA,1580
XM_085037159.1,Anopheles_genus_mRNA,2347
XM_085037158.1,Anopheles_genus_mRNA,2318
XM_085037157.1,Anopheles_genus_mRNA,2348
XM_085037156.1,Anopheles_genus_mRNA,1850
XM_085037155.1,Anopheles_genus_mRNA,2248
XM_085037154.1,Anopheles_genus_mRNA,2254
XM_085037153.1,Anopheles_genus_mRNA,2152
XM_085037151.1,Anopheles_genus_mRNA,2372
XM_085037150.1,Anopheles_genus_mRNA,5465
XM_085037149.1,Anopheles_genus_mRNA,4964
XM_085037148.1,Anopheles_genus_mRNA,4186
XM_085037147.1,Anopheles_genus_mRNA,3387
XM_085037146.1,Anopheles_genus_mRNA,7521
XM_085037145.1,Anopheles_genus_mRNA,1927
XM_085037143.1,Anopheles_genus_mRNA,2293
XM_085037142.1,Anopheles_genus_mRNA,798
XM_085037141.1,Anopheles_genus_mRNA,1023
XM_085037140.1,Anopheles_genus_mRNA,2058
XM_085037139.1,Anopheles_genus_mRNA,2189
XM_085037138.1,Anopheles_genus_mRNA,2225
XM_085037137.1,Anopheles_genus_mRNA,1209
XM_085037135.1,Anopheles_genus_mRNA,805
XM_085037134.1,Anopheles_genus_mRNA,3230
XM_085037133.1,Anopheles_genus_mRNA,1249
XM_085037132.1,Anopheles_genus_mRNA,1774
XM_085037131.1,Anopheles_genus_mRNA,5164
XM_085037130.1,Anopheles_genus_mRNA,2618
XM_085037129.1,Anopheles_genus_mRNA,510
XM_085037127.1,Anopheles_genus_mRNA,1766
XM_085037126.1,Anopheles_genus_mRNA,1778
XM_085037125.1,Anopheles_genus_mRNA,1529
XM_085037124.1,Anopheles_genus_mRNA,1544
XM_085037123.1,Anopheles_genus_mRNA,827
XM_085037122.1,Anopheles_genus_mRNA,1933
XM_085037121.1,Anopheles_genus_mRNA,1061
XM_085037119.1,Anopheles_genus_mRNA,1846
XM_085037118.1,Anopheles_genus_mRNA,1906
XM_085037117.1,Anopheles_genus_mRNA,8988
XM_085037116.1,Anopheles_genus_mRNA,534
XM_085037115.1,Anopheles_genus_mRNA,1641
XM_085037114.1,Anopheles_genus_mRNA,665
XM_085037113.1,Anopheles_genus_mRNA,630
XM_085037110.1,Anopheles_genus_mRNA,949
XM_085037109.1,Anopheles_genus_mRNA,2567
XM_085037108.1,Anopheles_genus_mRNA,2586
XM_085037107.1,Anopheles_genus_mRNA,1291
XM_085037106.1,Anopheles_genus_mRNA,1302
XM_085037105.1,Anopheles_genus_mRNA,864
XM_085037104.1,Anopheles_genus_mRNA,921
XM_085037102.1,Anopheles_genus_mRNA,1392
XM_085037101.1,Anopheles_genus_mRNA,1516
XM_085037100.1,Anopheles_genus_mRNA,1491
XM_085037099.1,Anopheles_genus_mRNA,2076
XM_085037098.1,Anopheles_genus_mRNA,2260
XM_085037097.1,Anopheles_genus_mRNA,2124
XM_085037096.1,Anopheles_genus_mRNA,1269
XM_085037094.1,Anopheles_genus_mRNA,2597
XM_085037093.1,Anopheles_genus_mRNA,2384
XM_085037092.1,Anopheles_genus_mRNA,2387
XM_085037091.1,Anopheles_genus_mRNA,3071
XM_085037090.1,Anopheles_genus_mRNA,2800
XM_085037089.1,Anopheles_genus_mRNA,2830
XM_085037088.1,Anopheles_genus_mRNA,4477
XM_085037086.1,Anopheles_genus_mRNA,7610
XM_085037085.1,Anopheles_genus_mRNA,9999
XM_085037084.1,Anopheles_genus_mRNA,994
XM_085037083.1,Anopheles_genus_mRNA,1003
XM_085037082.1,Anopheles_genus_mRNA,1081
XM_085037081.1,Anopheles_genus_mRNA,1114
XM_085037080.1,Anopheles_genus_mRNA,1779
XM_085037079.1,Anopheles_genus_mRNA,1825
XM_085037077.1,Anopheles_genus_mRNA,1893
XM_085037076.1,Anopheles_genus_mRNA,2049
XM_085037075.1,Anopheles_genus_mRNA,1379
XM_085037074.1,Anopheles_genus_mRNA,1032
XM_085037073.1,Anopheles_genus_mRNA,1884
XM_085037072.1,Anopheles_genus_mRNA,735
XM_085037071.1,Anopheles_genus_mRNA,833
XM_085037069.1,Anopheles_genus_mRNA,2054
XM_085037068.1,Anopheles_genus_mRNA,2085
XM_085037067.1,Anopheles_genus_mRNA,1413
XM_085037066.1,Anopheles_genus_mRNA,3323
XM_085037065.1,Anopheles_genus_mRNA,7733
XM_085037064.1,Anopheles_genus_mRNA,2535
XM_085037063.1,Anopheles_genus_mRNA,2884
XM_085037061.1,Anopheles_genus_mRNA,1137
XM_085037060.1,Anopheles_genus_mRNA,848
XM_085037059.1,Anopheles_genus_mRNA,1372
XM_085037058.1,Anopheles_genus_mRNA,2112
XM_085037057.1,Anopheles_genus_mRNA,1530
XM_085037056.1,Anopheles_genus_mRNA,2386
XM_085037054.1,Anopheles_genus_mRNA,1261
XM_085037053.1,Anopheles_genus_mRNA,1280
XM_085037052.1,Anopheles_genus_mRNA,1769
XM_085037051.1,Anopheles_genus_mRNA,1581
XM_085037050.1,Anopheles_genus_mRNA,1623
XM_085037049.1,Anopheles_genus_mRNA,1632
XM_085037048.1,Anopheles_genus_mRNA,917
XM_085037046.1,Anopheles_genus_mRNA,6149
XM_085037045.1,Anopheles_genus_mRNA,17748
XM_085037044.1,Anopheles_genus_mRNA,1901
XM_085037043.1,Anopheles_genus_mRNA,4054
XM_085037042.1,Anopheles_genus_mRNA,599
XM_085037041.1,Anopheles_genus_mRNA,740
XM_085037039.1,Anopheles_genus_mRNA,878
XM_085037038.1,Anopheles_genus_mRNA,548
XM_085037037.1,Anopheles_genus_mRNA,1880
XM_085037036.1,Anopheles_genus_mRNA,1078
XM_085037035.1,Anopheles_genus_mRNA,2913
XM_085037034.1,Anopheles_genus_mRNA,1596
XM_085037033.1,Anopheles_genus_mRNA,1491
XM_085037031.1,Anopheles_genus_mRNA,950
XM_085037030.1,Anopheles_genus_mRNA,1174
XM_085037029.1,Anopheles_genus_mRNA,991
XM_085037028.1,Anopheles_genus_mRNA,1868
XM_085037027.1,Anopheles_genus_mRNA,1248
XM_085037026.1,Anopheles_genus_mRNA,501
XM_085037025.1,Anopheles_genus_mRNA,916
XM_085037023.1,Anopheles_genus_mRNA,4387
XM_085037022.1,Anopheles_genus_mRNA,3696
XM_085037021.1,Anopheles_genus_mRNA,1031
XM_085037020.1,Anopheles_genus_mRNA,1035
XM_085037019.1,Anopheles_genus_mRNA,1791
XM_085037018.1,Anopheles_genus_mRNA,565
XM_085037017.1,Anopheles_genus_mRNA,2437
XM_085037015.1,Anopheles_genus_mRNA,1077
XM_085037014.1,Anopheles_genus_mRNA,1750
XM_085037013.1,Anopheles_genus_mRNA,1098
XM_085037012.1,Anopheles_genus_mRNA,832
XM_085037011.1,Anopheles_genus_mRNA,2466
XM_085037010.1,Anopheles_genus_mRNA,4327
XM_085037008.1,Anopheles_genus_mRNA,1344
XM_085037007.1,Anopheles_genus_mRNA,1444
XM_085037006.1,Anopheles_genus_mRNA,1520
XM_085037005.1,Anopheles_genus_mRNA,983
XM_085037004.1,Anopheles_genus_mRNA,2266
XM_085037003.1,Anopheles_genus_mRNA,2758
XM_085037002.1,Anopheles_genus_mRNA,4723
XM_085037000.1,Anopheles_genus_mRNA,951
XM_085036999.1,Anopheles_genus_mRNA,776
XM_085036998.1,Anopheles_genus_mRNA,7372
XM_085036997.1,Anopheles_genus_mRNA,1907
XM_085036996.1,Anopheles_genus_mRNA,1988
XM_085036995.1,Anopheles_genus_mRNA,1035
XM_085036994.1,Anopheles_genus_mRNA,2044
XM_085036991.1,Anopheles_genus_mRNA,1007
XM_085036990.1,Anopheles_genus_mRNA,1007
XM_085036989.1,Anopheles_genus_mRNA,1006
XM_085036988.1,Anopheles_genus_mRNA,1006
XM_085036987.1,Anopheles_genus_mRNA,1041
XM_085036986.1,Anopheles_genus_mRNA,1031
XM_085036985.1,Anopheles_genus_mRNA,902
XM_085036984.1,Anopheles_genus_mRNA,728
XM_085036982.1,Anopheles_genus_mRNA,2794
XM_085036981.1,Anopheles_genus_mRNA,2812
XM_085036980.1,Anopheles_genus_mRNA,1379
XM_085036979.1,Anopheles_genus_mRNA,1554
XM_085036978.1,Anopheles_genus_mRNA,1423
XM_085036977.1,Anopheles_genus_mRNA,1929
XM_085036976.1,Anopheles_genus_mRNA,1693
XM_085036974.1,Anopheles_genus_mRNA,2485
XM_085036973.1,Anopheles_genus_mRNA,2427
XM_085036972.1,Anopheles_genus_mRNA,2543
XM_085036971.1,Anopheles_genus_mRNA,2804
XM_085036970.1,Anopheles_genus_mRNA,3729
XM_085036969.1,Anopheles_genus_mRNA,3578
XM_085036968.1,Anopheles_genus_mRNA,3526
XM_085036966.1,Anopheles_genus_mRNA,4530
XM_085036965.1,Anopheles_genus_mRNA,5297
XM_085036964.1,Anopheles_genus_mRNA,5517
XM_085036963.1,Anopheles_genus_mRNA,8514
XM_085036962.1,Anopheles_genus_mRNA,641
XM_085036961.1,Anopheles_genus_mRNA,1816
XM_085036960.1,Anopheles_genus_mRNA,1819
XM_085036958.1,Anopheles_genus_mRNA,1755
XM_085036957.1,Anopheles_genus_mRNA,2654
XM_085036955.1,Anopheles_genus_mRNA,677
XM_085036954.1,Anopheles_genus_mRNA,920
XM_085036953.1,Anopheles_genus_mRNA,924
XM_085036952.1,Anopheles_genus_mRNA,3810
XM_085036950.1,Anopheles_genus_mRNA,796
XM_085036949.1,Anopheles_genus_mRNA,947
XM_085036948.1,Anopheles_genus_mRNA,1847
XM_085036947.1,Anopheles_genus_mRNA,1442
XM_085036946.1,Anopheles_genus_mRNA,1051
XM_085036945.1,Anopheles_genus_mRNA,1101
XM_085036944.1,Anopheles_genus_mRNA,1818
XM_085036942.1,Anopheles_genus_mRNA,2436
XM_085036941.1,Anopheles_genus_mRNA,1229
XM_085036940.1,Anopheles_genus_mRNA,1398
XM_085036939.1,Anopheles_genus_mRNA,1846
XM_085036938.1,Anopheles_genus_mRNA,1023
XM_085036937.1,Anopheles_genus_mRNA,1930
XM_085036936.1,Anopheles_genus_mRNA,1283
XM_085036934.1,Anopheles_genus_mRNA,2732
XM_085036933.1,Anopheles_genus_mRNA,2233
XM_085036932.1,Anopheles_genus_mRNA,2327
XM_085036931.1,Anopheles_genus_mRNA,2311
XM_085036930.1,Anopheles_genus_mRNA,2320
XM_085036929.1,Anopheles_genus_mRNA,1172
XM_085036928.1,Anopheles_genus_mRNA,1651
XM_085036926.1,Anopheles_genus_mRNA,4014
XM_085036925.1,Anopheles_genus_mRNA,726
XM_085036924.1,Anopheles_genus_mRNA,1538
XM_085036923.1,Anopheles_genus_mRNA,2806
XM_085036922.1,Anopheles_genus_mRNA,3409
XM_085036921.1,Anopheles_genus_mRNA,2732
XM_085036920.1,Anopheles_genus_mRNA,3856
XM_085036918.1,Anopheles_genus_mRNA,775
XM_085036917.1,Anopheles_genus_mRNA,1000
XM_085036916.1,Anopheles_genus_mRNA,1074
XM_085036915.1,Anopheles_genus_mRNA,1733
XM_085036914.1,Anopheles_genus_mRNA,1302
XM_085036913.1,Anopheles_genus_mRNA,2311
XM_085036912.1,Anopheles_genus_mRNA,1375
XM_085036910.1,Anopheles_genus_mRNA,1649
XM_085036909.1,Anopheles_genus_mRNA,1879
XM_085036908.1,Anopheles_genus_mRNA,1751
XM_085036907.1,Anopheles_genus_mRNA,2208
XM_085036906.1,Anopheles_genus_mRNA,3719
XM_085036905.1,Anopheles_genus_mRNA,3750
XM_085036904.1,Anopheles_genus_mRNA,3753
XM_085036902.1,Anopheles_genus_mRNA,3753
XM_085036901.1,Anopheles_genus_mRNA,2267
XM_085036900.1,Anopheles_genus_mRNA,2648
XM_085036899.1,Anopheles_genus_mRNA,2694
XM_085036898.1,Anopheles_genus_mRNA,2429
XM_085036897.1,Anopheles_genus_mRNA,4345
XM_085036896.1,Anopheles_genus_mRNA,4342
XM_085036895.1,Anopheles_genus_mRNA,3730
XM_085036893.1,Anopheles_genus_mRNA,3831
XM_085036892.1,Anopheles_genus_mRNA,3849
XM_085036891.1,Anopheles_genus_mRNA,5639
XM_085036890.1,Anopheles_genus_mRNA,5657
XM_085036889.1,Anopheles_genus_mRNA,962
XM_085036888.1,Anopheles_genus_mRNA,1444
XM_085036887.1,Anopheles_genus_mRNA,1429
XM_085036886.1,Anopheles_genus_mRNA,3218
XM_085036884.1,Anopheles_genus_mRNA,3227
XM_085036883.1,Anopheles_genus_mRNA,2941
XM_085036882.1,Anopheles_genus_mRNA,2751
XM_085036881.1,Anopheles_genus_mRNA,2767
XM_085036880.1,Anopheles_genus_mRNA,2953
XM_085036879.1,Anopheles_genus_mRNA,763
XM_085036878.1,Anopheles_genus_mRNA,4597
XM_085036877.1,Anopheles_genus_mRNA,2000
XM_085036875.1,Anopheles_genus_mRNA,1991
XM_085036874.1,Anopheles_genus_mRNA,1985
XM_085036873.1,Anopheles_genus_mRNA,2906
XM_085036872.1,Anopheles_genus_mRNA,6367
XM_085036871.1,Anopheles_genus_mRNA,3677
XM_085036870.1,Anopheles_genus_mRNA,1644
XM_085036869.1,Anopheles_genus_mRNA,1720
XM_085036867.1,Anopheles_genus_mRNA,1893
XM_085036866.1,Anopheles_genus_mRNA,791
XM_085036865.1,Anopheles_genus_mRNA,764
XM_085036864.1,Anopheles_genus_mRNA,1387
XM_085036863.1,Anopheles_genus_mRNA,1707
XM_085036861.1,Anopheles_genus_mRNA,4889
XM_085036860.1,Anopheles_genus_mRNA,2362
XM_085036859.1,Anopheles_genus_mRNA,1761
XM_085036858.1,Anopheles_genus_mRNA,1833
XM_085036857.1,Anopheles_genus_mRNA,693
XM_085036856.1,Anopheles_genus_mRNA,1340
XM_085036854.1,Anopheles_genus_mRNA,729
XM_085036853.1,Anopheles_genus_mRNA,1032
XM_085036852.1,Anopheles_genus_mRNA,1224
XM_085036851.1,Anopheles_genus_mRNA,1854
XM_085036850.1,Anopheles_genus_mRNA,1696
XM_085036849.1,Anopheles_genus_mRNA,1807
XM_085036848.1,Anopheles_genus_mRNA,1715
XM_085036846.1,Anopheles_genus_mRNA,1672
XM_085036845.1,Anopheles_genus_mRNA,1908
XM_085036844.1,Anopheles_genus_mRNA,1710
XM_085036843.1,Anopheles_genus_mRNA,1493
XM_085036842.1,Anopheles_genus_mRNA,1476
XM_085036841.1,Anopheles_genus_mRNA,1688
XM_085036840.1,Anopheles_genus_mRNA,1548
XM_085036838.1,Anopheles_genus_mRNA,1577
XM_085036837.1,Anopheles_genus_mRNA,2694
XM_085036836.1,Anopheles_genus_mRNA,2224
XM_085036835.1,Anopheles_genus_mRNA,2227
XM_085036834.1,Anopheles_genus_mRNA,2825
XM_085036833.1,Anopheles_genus_mRNA,6732
XM_085036832.1,Anopheles_genus_mRNA,2307
XM_085036829.1,Anopheles_genus_mRNA,733
XM_085036828.1,Anopheles_genus_mRNA,1041
XM_085036827.1,Anopheles_genus_mRNA,3714
XM_085036826.1,Anopheles_genus_mRNA,899
XM_085036825.1,Anopheles_genus_mRNA,3204
XM_085036824.1,Anopheles_genus_mRNA,1849
XM_085036822.1,Anopheles_genus_mRNA,582
XM_085036821.1,Anopheles_genus_mRNA,1575
XM_085036820.1,Anopheles_genus_mRNA,903
XM_085036819.1,Anopheles_genus_mRNA,2710
XM_085036818.1,Anopheles_genus_mRNA,2025
XM_085036817.1,Anopheles_genus_mRNA,2033
XM_085036816.1,Anopheles_genus_mRNA,1048
XM_085036814.1,Anopheles_genus_mRNA,1410
XM_085036813.1,Anopheles_genus_mRNA,1614
XM_085036812.1,Anopheles_genus_mRNA,1361
XM_085036811.1,Anopheles_genus_mRNA,6966
XM_085036810.1,Anopheles_genus_mRNA,1291
XM_085036809.1,Anopheles_genus_mRNA,2098
XM_085036807.1,Anopheles_genus_mRNA,1315
XM_085036806.1,Anopheles_genus_mRNA,1421
XM_085036805.1,Anopheles_genus_mRNA,1415
XM_085036804.1,Anopheles_genus_mRNA,2224
XM_085036803.1,Anopheles_genus_mRNA,1334
XM_085036802.1,Anopheles_genus_mRNA,976
XM_085036801.1,Anopheles_genus_mRNA,1840
XM_085036799.1,Anopheles_genus_mRNA,5520
XM_085036798.1,Anopheles_genus_mRNA,5550
XM_085036797.1,Anopheles_genus_mRNA,3636
XM_085036796.1,Anopheles_genus_mRNA,808
XM_085036795.1,Anopheles_genus_mRNA,1492
XM_085036794.1,Anopheles_genus_mRNA,2054
XM_085036793.1,Anopheles_genus_mRNA,949
XM_085036791.1,Anopheles_genus_mRNA,2316
XM_085036790.1,Anopheles_genus_mRNA,2358
XM_085036789.1,Anopheles_genus_mRNA,2266
XM_085036788.1,Anopheles_genus_mRNA,2534
XM_085036787.1,Anopheles_genus_mRNA,914
XM_085036786.1,Anopheles_genus_mRNA,4620
XM_085036785.1,Anopheles_genus_mRNA,2279
XM_085036783.1,Anopheles_genus_mRNA,2793
XM_085036782.1,Anopheles_genus_mRNA,2014
XM_085036781.1,Anopheles_genus_mRNA,1047
XM_085036780.1,Anopheles_genus_mRNA,1697
XM_085036779.1,Anopheles_genus_mRNA,1345
XM_085036778.1,Anopheles_genus_mRNA,2030
XM_085036777.1,Anopheles_genus_mRNA,8904
XM_085036776.1,Anopheles_genus_mRNA,536
XM_085036775.1,Anopheles_genus_mRNA,1475
XM_085036774.1,Anopheles_genus_mRNA,1819
XM_085036772.1,Anopheles_genus_mRNA,7774
XM_085036771.1,Anopheles_genus_mRNA,1566
XM_085036770.1,Anopheles_genus_mRNA,771
XM_085036769.1,Anopheles_genus_mRNA,793
XM_085036768.1,Anopheles_genus_mRNA,906
XM_085036767.1,Anopheles_genus_mRNA,2929
XM_085036766.1,Anopheles_genus_mRNA,2976
XM_085036765.1,Anopheles_genus_mRNA,4977
XM_085036764.1,Anopheles_genus_mRNA,5209
XM_085036763.1,Anopheles_genus_mRNA,1470
XM_085036761.1,Anopheles_genus_mRNA,2656
XM_085036760.1,Anopheles_genus_mRNA,1497
XM_085036759.1,Anopheles_genus_mRNA,1254
XM_085036758.1,Anopheles_genus_mRNA,1257
XM_085036757.1,Anopheles_genus_mRNA,551
XM_085036756.1,Anopheles_genus_mRNA,1123
XM_085036755.1,Anopheles_genus_mRNA,1410
XM_085036753.1,Anopheles_genus_mRNA,3629
XM_085036752.1,Anopheles_genus_mRNA,1002
XM_085036751.1,Anopheles_genus_mRNA,1000
XM_085036749.1,Anopheles_genus_mRNA,3170
XM_085036748.1,Anopheles_genus_mRNA,3205
XM_085036747.1,Anopheles_genus_mRNA,4153
XM_085036746.1,Anopheles_genus_mRNA,5209
XM_085036745.1,Anopheles_genus_mRNA,7797
XM_085036744.1,Anopheles_genus_mRNA,1270
XM_085036743.1,Anopheles_genus_mRNA,847
XM_085036742.1,Anopheles_genus_mRNA,1466
XM_085036741.1,Anopheles_genus_mRNA,1740
XM_085036740.1,Anopheles_genus_mRNA,2924
XM_085036739.1,Anopheles_genus_mRNA,2863
XM_085036738.1,Anopheles_genus_mRNA,3015
XM_085036737.1,Anopheles_genus_mRNA,2218
XM_085036736.1,Anopheles_genus_mRNA,9093
XM_085036734.1,Anopheles_genus_mRNA,1095
XM_085036733.1,Anopheles_genus_mRNA,2134
XM_085036732.1,Anopheles_genus_mRNA,1938
XM_085036731.1,Anopheles_genus_mRNA,1564
XM_085036730.1,Anopheles_genus_mRNA,963
XM_085036729.1,Anopheles_genus_mRNA,1638
XM_085036728.1,Anopheles_genus_mRNA,1653
XM_085036727.1,Anopheles_genus_mRNA,2098
XM_085036725.1,Anopheles_genus_mRNA,1395
XM_085036724.1,Anopheles_genus_mRNA,2218
XM_085036723.1,Anopheles_genus_mRNA,4505
XM_085036722.1,Anopheles_genus_mRNA,3745
XM_085036721.1,Anopheles_genus_mRNA,1638
XM_085036720.1,Anopheles_genus_mRNA,5601
XM_085036719.1,Anopheles_genus_mRNA,5133
XM_085036717.1,Anopheles_genus_mRNA,3109
XM_085036716.1,Anopheles_genus_mRNA,951
XM_085036715.1,Anopheles_genus_mRNA,1263
XM_085036713.1,Anopheles_genus_mRNA,4492
XM_085036712.1,Anopheles_genus_mRNA,2234
XM_085036711.1,Anopheles_genus_mRNA,3799
XM_085036710.1,Anopheles_genus_mRNA,2121
XM_085036709.1,Anopheles_genus_mRNA,850
XM_085036708.1,Anopheles_genus_mRNA,1634
XM_085036707.1,Anopheles_genus_mRNA,1790
XM_085036706.1,Anopheles_genus_mRNA,1826
XM_085036704.1,Anopheles_genus_mRNA,648
XM_085036703.1,Anopheles_genus_mRNA,1578
XM_085036702.1,Anopheles_genus_mRNA,3693
XM_085036701.1,Anopheles_genus_mRNA,1708
XM_085036700.1,Anopheles_genus_mRNA,1958
XM_085036699.1,Anopheles_genus_mRNA,1922
XM_085036698.1,Anopheles_genus_mRNA,810
XM_085036697.1,Anopheles_genus_mRNA,1620
XM_085036695.1,Anopheles_genus_mRNA,4567
XM_085036694.1,Anopheles_genus_mRNA,3167
XM_085036692.1,Anopheles_genus_mRNA,2032
XM_085036691.1,Anopheles_genus_mRNA,1713
XM_085036690.1,Anopheles_genus_mRNA,2385
XM_085036688.1,Anopheles_genus_mRNA,1104
XM_085036687.1,Anopheles_genus_mRNA,2293
XM_085036686.1,Anopheles_genus_mRNA,4790
XM_085036685.1,Anopheles_genus_mRNA,4581
XM_085036684.1,Anopheles_genus_mRNA,4443
XM_085036683.1,Anopheles_genus_mRNA,3011
XM_085036682.1,Anopheles_genus_mRNA,4281
XM_085036681.1,Anopheles_genus_mRNA,4284
XM_085036680.1,Anopheles_genus_mRNA,5057
XM_085036678.1,Anopheles_genus_mRNA,515
XM_085036674.1,Anopheles_genus_mRNA,508
XM_085036673.1,Anopheles_genus_mRNA,7818
XM_085036672.1,Anopheles_genus_mRNA,609
XM_085036671.1,Anopheles_genus_mRNA,543
XM_085036668.1,Anopheles_genus_mRNA,847
XM_085036667.1,Anopheles_genus_mRNA,653
XM_085036666.1,Anopheles_genus_mRNA,2321
XM_085036665.1,Anopheles_genus_mRNA,1173
XM_085036664.1,Anopheles_genus_mRNA,836
XM_085036663.1,Anopheles_genus_mRNA,1805
XM_085036662.1,Anopheles_genus_mRNA,1182
XM_085036661.1,Anopheles_genus_mRNA,969
XM_085036660.1,Anopheles_genus_mRNA,4056
XM_085036659.1,Anopheles_genus_mRNA,967
XM_085036657.1,Anopheles_genus_mRNA,1309
XM_085036656.1,Anopheles_genus_mRNA,1753
XM_085036655.1,Anopheles_genus_mRNA,2089
XM_085036654.1,Anopheles_genus_mRNA,5436
XM_085036652.1,Anopheles_genus_mRNA,5445
XM_085036651.1,Anopheles_genus_mRNA,1560
XM_085036650.1,Anopheles_genus_mRNA,1623
XM_085036649.1,Anopheles_genus_mRNA,1646
XM_085036648.1,Anopheles_genus_mRNA,1768
XM_085036647.1,Anopheles_genus_mRNA,3006
XM_085036645.1,Anopheles_genus_mRNA,1991
XM_085036644.1,Anopheles_genus_mRNA,2242
XM_085036643.1,Anopheles_genus_mRNA,2587
XM_085036642.1,Anopheles_genus_mRNA,2211
XM_085036641.1,Anopheles_genus_mRNA,2272
XM_085036640.1,Anopheles_genus_mRNA,2609
XM_085036639.1,Anopheles_genus_mRNA,2630
XM_085036638.1,Anopheles_genus_mRNA,2656
XM_085036637.1,Anopheles_genus_mRNA,2680
XM_085036635.1,Anopheles_genus_mRNA,4341
XM_085036634.1,Anopheles_genus_mRNA,2145
XM_085036633.1,Anopheles_genus_mRNA,2671
XM_085036632.1,Anopheles_genus_mRNA,3281
XM_085036631.1,Anopheles_genus_mRNA,2840
XM_085036630.1,Anopheles_genus_mRNA,2892
XM_085036629.1,Anopheles_genus_mRNA,3345
XM_085036628.1,Anopheles_genus_mRNA,3542
XM_085036627.1,Anopheles_genus_mRNA,3561
XM_085036626.1,Anopheles_genus_mRNA,3586
XM_085036625.1,Anopheles_genus_mRNA,3591
XM_085036623.1,Anopheles_genus_mRNA,3635
XM_085036622.1,Anopheles_genus_mRNA,3926
XM_085036621.1,Anopheles_genus_mRNA,3892
XM_085036620.1,Anopheles_genus_mRNA,5339
XM_085036619.1,Anopheles_genus_mRNA,3312
XM_085036618.1,Anopheles_genus_mRNA,5955
XM_085036617.1,Anopheles_genus_mRNA,5958
XM_085036616.1,Anopheles_genus_mRNA,6380
XM_085036615.1,Anopheles_genus_mRNA,7237
XM_085036614.1,Anopheles_genus_mRNA,11241
XM_085036613.1,Anopheles_genus_mRNA,1971
XM_085036611.1,Anopheles_genus_mRNA,9051
XM_085036610.1,Anopheles_genus_mRNA,6241
XM_085036609.1,Anopheles_genus_mRNA,1555
XM_085036608.1,Anopheles_genus_mRNA,2042
XM_085036607.1,Anopheles_genus_mRNA,4614
XM_085036606.1,Anopheles_genus_mRNA,867
XM_085036605.1,Anopheles_genus_mRNA,774
XM_085036604.1,Anopheles_genus_mRNA,4749
XM_085036603.1,Anopheles_genus_mRNA,757
XM_085036602.1,Anopheles_genus_mRNA,825
XM_085036600.1,Anopheles_genus_mRNA,845
XM_085036599.1,Anopheles_genus_mRNA,849
XM_085036598.1,Anopheles_genus_mRNA,1099
XM_085036597.1,Anopheles_genus_mRNA,673
XM_085036596.1,Anopheles_genus_mRNA,1000
XM_085036595.1,Anopheles_genus_mRNA,1164
XM_085036594.1,Anopheles_genus_mRNA,1337
XM_085036593.1,Anopheles_genus_mRNA,5396
XM_085036591.1,Anopheles_genus_mRNA,7669
XM_085036590.1,Anopheles_genus_mRNA,4785
XM_085036589.1,Anopheles_genus_mRNA,2808
XM_085036588.1,Anopheles_genus_mRNA,1659
XM_085036587.1,Anopheles_genus_mRNA,3208
XM_085036585.1,Anopheles_genus_mRNA,1464
XM_085036584.1,Anopheles_genus_mRNA,891
XM_085036583.1,Anopheles_genus_mRNA,1089
XM_085036582.1,Anopheles_genus_mRNA,3471
XM_085036581.1,Anopheles_genus_mRNA,1580
XM_085036580.1,Anopheles_genus_mRNA,1186
XM_085036579.1,Anopheles_genus_mRNA,1402
XM_085036578.1,Anopheles_genus_mRNA,2063
XM_085036577.1,Anopheles_genus_mRNA,1625
XM_085036576.1,Anopheles_genus_mRNA,3199
XM_085036575.1,Anopheles_genus_mRNA,1652
XM_085036573.1,Anopheles_genus_mRNA,2057
XM_085036572.1,Anopheles_genus_mRNA,3863
XM_085036571.1,Anopheles_genus_mRNA,3865
XM_085036570.1,Anopheles_genus_mRNA,2994
XM_085036569.1,Anopheles_genus_mRNA,3453
XM_085036568.1,Anopheles_genus_mRNA,3611
XM_085036567.1,Anopheles_genus_mRNA,4306
XM_085036565.1,Anopheles_genus_mRNA,4354
XM_085036564.1,Anopheles_genus_mRNA,4995
XM_085036563.1,Anopheles_genus_mRNA,7338
XM_085036562.1,Anopheles_genus_mRNA,6921
XM_085036561.1,Anopheles_genus_mRNA,4418
XM_085036560.1,Anopheles_genus_mRNA,3414
XM_085036559.1,Anopheles_genus_mRNA,2697
XM_085036558.1,Anopheles_genus_mRNA,2951
XM_085036557.1,Anopheles_genus_mRNA,2905
XM_085036555.1,Anopheles_genus_mRNA,5577
XM_085036554.1,Anopheles_genus_mRNA,1050
XM_085036553.1,Anopheles_genus_mRNA,1246
XM_085036552.1,Anopheles_genus_mRNA,1633
XM_085036551.1,Anopheles_genus_mRNA,8950
XM_085036550.1,Anopheles_genus_mRNA,11777
XM_085036549.1,Anopheles_genus_mRNA,7285
XM_085036548.1,Anopheles_genus_mRNA,2030
XM_085036547.1,Anopheles_genus_mRNA,6339
XM_085036546.1,Anopheles_genus_mRNA,1842
XM_085036544.1,Anopheles_genus_mRNA,546
XM_085036543.1,Anopheles_genus_mRNA,2280
XM_085036542.1,Anopheles_genus_mRNA,1036
XM_085036541.1,Anopheles_genus_mRNA,1524
XM_085036540.1,Anopheles_genus_mRNA,1614
XM_085036537.1,Anopheles_genus_mRNA,1775
XM_085036536.1,Anopheles_genus_mRNA,1177
XM_085036535.1,Anopheles_genus_mRNA,2037
XM_085036533.1,Anopheles_genus_mRNA,5736
XM_085036532.1,Anopheles_genus_mRNA,1842
XM_085036531.1,Anopheles_genus_mRNA,2606
XM_085036530.1,Anopheles_genus_mRNA,1736
XM_085036529.1,Anopheles_genus_mRNA,1741
XM_085036528.1,Anopheles_genus_mRNA,5985
XM_085036527.1,Anopheles_genus_mRNA,1626
XM_085036526.1,Anopheles_genus_mRNA,1842
XM_085036525.1,Anopheles_genus_mRNA,1784
XM_085036524.1,Anopheles_genus_mRNA,2221
XM_085036523.1,Anopheles_genus_mRNA,590
XM_085036521.1,Anopheles_genus_mRNA,1580
XM_085036520.1,Anopheles_genus_mRNA,8880
XM_085036519.1,Anopheles_genus_mRNA,2468
XM_085036518.1,Anopheles_genus_mRNA,7886
XM_085036517.1,Anopheles_genus_mRNA,1160
XM_085036516.1,Anopheles_genus_mRNA,1572
XM_085036515.1,Anopheles_genus_mRNA,1481
XM_085036514.1,Anopheles_genus_mRNA,1481
XM_085036513.1,Anopheles_genus_mRNA,3912
XM_085036511.1,Anopheles_genus_mRNA,936
XM_085036510.1,Anopheles_genus_mRNA,894
XM_085036509.1,Anopheles_genus_mRNA,3664
XM_085036508.1,Anopheles_genus_mRNA,975
XM_085036507.1,Anopheles_genus_mRNA,1545
XM_085036506.1,Anopheles_genus_mRNA,4332
XM_085036505.1,Anopheles_genus_mRNA,723
XM_085036504.1,Anopheles_genus_mRNA,951
XM_085036503.1,Anopheles_genus_mRNA,2256
XM_085036502.1,Anopheles_genus_mRNA,2064
XM_085036500.1,Anopheles_genus_mRNA,2496
XM_085036499.1,Anopheles_genus_mRNA,10785
XM_085036498.1,Anopheles_genus_mRNA,753
XM_085036497.1,Anopheles_genus_mRNA,918
XM_085036496.1,Anopheles_genus_mRNA,1431
XM_085036495.1,Anopheles_genus_mRNA,4111
XM_085036494.1,Anopheles_genus_mRNA,2042
XM_085036493.1,Anopheles_genus_mRNA,11005
XM_085036492.1,Anopheles_genus_mRNA,3256
XM_085036491.1,Anopheles_genus_mRNA,3060
XM_085036489.1,Anopheles_genus_mRNA,972
XM_085036488.1,Anopheles_genus_mRNA,1980
XM_085036487.1,Anopheles_genus_mRNA,1848
XM_085036486.1,Anopheles_genus_mRNA,654
XM_085036485.1,Anopheles_genus_mRNA,2013
XM_085036484.1,Anopheles_genus_mRNA,3903
XM_085036483.1,Anopheles_genus_mRNA,530
XM_085036481.1,Anopheles_genus_mRNA,992
XM_085036480.1,Anopheles_genus_mRNA,898
XM_085036479.1,Anopheles_genus_mRNA,1584
XM_085036478.1,Anopheles_genus_mRNA,1586
XM_085036477.1,Anopheles_genus_mRNA,3702
XM_085036475.1,Anopheles_genus_mRNA,4529
XM_085036474.1,Anopheles_genus_mRNA,4711
XM_085036473.1,Anopheles_genus_mRNA,946
XM_085036472.1,Anopheles_genus_mRNA,5704
XM_085036471.1,Anopheles_genus_mRNA,729
XM_085036470.1,Anopheles_genus_mRNA,740
XM_085036469.1,Anopheles_genus_mRNA,588
XM_085036468.1,Anopheles_genus_mRNA,2151
XM_085036467.1,Anopheles_genus_mRNA,4969
XM_085036466.1,Anopheles_genus_mRNA,852
XM_085036464.1,Anopheles_genus_mRNA,6993
XM_085036463.1,Anopheles_genus_mRNA,726
XM_085036462.1,Anopheles_genus_mRNA,2651
XM_085036461.1,Anopheles_genus_mRNA,4398
XM_085036460.1,Anopheles_genus_mRNA,2758
XM_085036459.1,Anopheles_genus_mRNA,4950
XM_085036458.1,Anopheles_genus_mRNA,3583
XM_085036457.1,Anopheles_genus_mRNA,2839
XM_085036456.1,Anopheles_genus_mRNA,10329
XM_085036455.1,Anopheles_genus_mRNA,723
XM_085036453.1,Anopheles_genus_mRNA,591
XM_085036452.1,Anopheles_genus_mRNA,1217
XM_085036451.1,Anopheles_genus_mRNA,1060
XM_085036450.1,Anopheles_genus_mRNA,8104
XM_085036449.1,Anopheles_genus_mRNA,2018
XM_085036448.1,Anopheles_genus_mRNA,1503
XM_085036447.1,Anopheles_genus_mRNA,2796
XM_085036445.1,Anopheles_genus_mRNA,738
XM_085036444.1,Anopheles_genus_mRNA,1235
XM_085036443.1,Anopheles_genus_mRNA,1558
XM_085036442.1,Anopheles_genus_mRNA,1612
XM_085036441.1,Anopheles_genus_mRNA,1560
XM_085036440.1,Anopheles_genus_mRNA,610
XM_085036439.1,Anopheles_genus_mRNA,1229
XM_085036437.1,Anopheles_genus_mRNA,3642
XM_085036436.1,Anopheles_genus_mRNA,2808
XM_085036435.1,Anopheles_genus_mRNA,816
XM_085036434.1,Anopheles_genus_mRNA,1080
XM_085036433.1,Anopheles_genus_mRNA,4803
XM_085036432.1,Anopheles_genus_mRNA,2045
XM_085036430.1,Anopheles_genus_mRNA,2279
XM_085036429.1,Anopheles_genus_mRNA,4269
XM_085036428.1,Anopheles_genus_mRNA,3314
XM_085036427.1,Anopheles_genus_mRNA,1209
XM_085036426.1,Anopheles_genus_mRNA,1756
XM_085036425.1,Anopheles_genus_mRNA,1266
XM_085036424.1,Anopheles_genus_mRNA,2369
XM_085036423.1,Anopheles_genus_mRNA,3266
XM_085036421.1,Anopheles_genus_mRNA,536
XM_085036419.1,Anopheles_genus_mRNA,579
XM_085036418.1,Anopheles_genus_mRNA,563
XM_085036417.1,Anopheles_genus_mRNA,2800
XM_085036416.1,Anopheles_genus_mRNA,2214
XM_085036414.1,Anopheles_genus_mRNA,1092
XM_085036413.1,Anopheles_genus_mRNA,2017
XM_085036412.1,Anopheles_genus_mRNA,3602
XM_085036411.1,Anopheles_genus_mRNA,699
XM_085036410.1,Anopheles_genus_mRNA,1155
XM_085036408.1,Anopheles_genus_mRNA,2463
XM_085036407.1,Anopheles_genus_mRNA,1728
XM_085036406.1,Anopheles_genus_mRNA,706
XM_085036405.1,Anopheles_genus_mRNA,1473
XM_085036404.1,Anopheles_genus_mRNA,6823
XM_085036403.1,Anopheles_genus_mRNA,1256
XM_085036402.1,Anopheles_genus_mRNA,2295
XM_085036401.1,Anopheles_genus_mRNA,7859
XM_085036400.1,Anopheles_genus_mRNA,1534
XM_085036399.1,Anopheles_genus_mRNA,1092
XM_085036397.1,Anopheles_genus_mRNA,906
XM_085036396.1,Anopheles_genus_mRNA,1076
XM_085036395.1,Anopheles_genus_mRNA,3304
XM_085036394.1,Anopheles_genus_mRNA,3171
XM_085036393.1,Anopheles_genus_mRNA,1266
XM_085036392.1,Anopheles_genus_mRNA,3652
XM_085036391.1,Anopheles_genus_mRNA,8190
XM_085036390.1,Anopheles_genus_mRNA,1269
XM_085036389.1,Anopheles_genus_mRNA,3780
XM_085036388.1,Anopheles_genus_mRNA,2194
XM_085036386.1,Anopheles_genus_mRNA,2113
XM_085036385.1,Anopheles_genus_mRNA,1656
XM_085036384.1,Anopheles_genus_mRNA,2624
XM_085036383.1,Anopheles_genus_mRNA,1693
XM_085036382.1,Anopheles_genus_mRNA,2437
XM_085036381.1,Anopheles_genus_mRNA,2046
XM_085036380.1,Anopheles_genus_mRNA,2967
XM_085036378.1,Anopheles_genus_mRNA,1239
XM_085036377.1,Anopheles_genus_mRNA,6624
XM_085036375.1,Anopheles_genus_mRNA,2388
XM_085036374.1,Anopheles_genus_mRNA,1260
XM_085036373.1,Anopheles_genus_mRNA,1595
XM_085036372.1,Anopheles_genus_mRNA,1395
XM_085036371.1,Anopheles_genus_mRNA,1378
XM_085036370.1,Anopheles_genus_mRNA,1554
XM_085036369.1,Anopheles_genus_mRNA,2218
XM_085036367.1,Anopheles_genus_mRNA,616
XM_085036365.1,Anopheles_genus_mRNA,3122
XM_085036364.1,Anopheles_genus_mRNA,6390
XM_085036363.1,Anopheles_genus_mRNA,4210
XM_085036362.1,Anopheles_genus_mRNA,1305
XM_085036361.1,Anopheles_genus_mRNA,1371
XM_085036360.1,Anopheles_genus_mRNA,4556
XM_085036359.1,Anopheles_genus_mRNA,1726
XM_085036358.1,Anopheles_genus_mRNA,3523
XM_085036357.1,Anopheles_genus_mRNA,743
XM_085036356.1,Anopheles_genus_mRNA,2246
XM_085036354.1,Anopheles_genus_mRNA,2873
XM_085036353.1,Anopheles_genus_mRNA,3050
XM_085036352.1,Anopheles_genus_mRNA,3780
XM_085036351.1,Anopheles_genus_mRNA,3816
XM_085036350.1,Anopheles_genus_mRNA,3834
XM_085036349.1,Anopheles_genus_mRNA,3880
XM_085036348.1,Anopheles_genus_mRNA,3896
XM_085036347.1,Anopheles_genus_mRNA,3914
XM_085036346.1,Anopheles_genus_mRNA,3930
XM_085036345.1,Anopheles_genus_mRNA,4244
XM_085036344.1,Anopheles_genus_mRNA,3636
XM_085036343.1,Anopheles_genus_mRNA,4188
XM_085036341.1,Anopheles_genus_mRNA,1644
XM_085036340.1,Anopheles_genus_mRNA,1561
XM_085036339.1,Anopheles_genus_mRNA,1860
XM_085036338.1,Anopheles_genus_mRNA,4251
XM_085036337.1,Anopheles_genus_mRNA,2235
XM_085036323.1,Anopheles_genus_mRNA,4308
XM_085036322.1,Anopheles_genus_mRNA,2257
XM_085036321.1,Anopheles_genus_mRNA,2344
XM_085036320.1,Anopheles_genus_mRNA,1419
XM_085036319.1,Anopheles_genus_mRNA,5731
XM_085036317.1,Anopheles_genus_mRNA,2538
XM_085036316.1,Anopheles_genus_mRNA,659
XM_085036315.1,Anopheles_genus_mRNA,906
XM_085036314.1,Anopheles_genus_mRNA,1040
XM_085036313.1,Anopheles_genus_mRNA,2132
XM_085036312.1,Anopheles_genus_mRNA,2133
XM_085036311.1,Anopheles_genus_mRNA,2134
XM_085036310.1,Anopheles_genus_mRNA,4321
XM_085036309.1,Anopheles_genus_mRNA,652
XM_085036308.1,Anopheles_genus_mRNA,907
XM_085036307.1,Anopheles_genus_mRNA,3983
XM_085036305.1,Anopheles_genus_mRNA,1383
XM_085036304.1,Anopheles_genus_mRNA,1906
XM_085036303.1,Anopheles_genus_mRNA,3853
XM_085036302.1,Anopheles_genus_mRNA,823
XM_085036301.1,Anopheles_genus_mRNA,3612
XM_085036300.1,Anopheles_genus_mRNA,4251
XM_085036298.1,Anopheles_genus_mRNA,675
XM_085036297.1,Anopheles_genus_mRNA,1464
XM_085036296.1,Anopheles_genus_mRNA,5310
XM_085036295.1,Anopheles_genus_mRNA,5481
XM_085036294.1,Anopheles_genus_mRNA,726
XM_085036293.1,Anopheles_genus_mRNA,501
XM_085036292.1,Anopheles_genus_mRNA,2301
XM_085036291.1,Anopheles_genus_mRNA,2363
XM_085036289.1,Anopheles_genus_mRNA,4004
XM_085036288.1,Anopheles_genus_mRNA,2542
XM_085036287.1,Anopheles_genus_mRNA,2581
XM_085036286.1,Anopheles_genus_mRNA,2602
XM_085036285.1,Anopheles_genus_mRNA,3656
XM_085036284.1,Anopheles_genus_mRNA,601
XM_085036283.1,Anopheles_genus_mRNA,2246
XM_085036282.1,Anopheles_genus_mRNA,2620
XM_085036281.1,Anopheles_genus_mRNA,972
XM_085036280.1,Anopheles_genus_mRNA,5537
XM_085036278.1,Anopheles_genus_mRNA,1196
XM_085036277.1,Anopheles_genus_mRNA,1044
XM_085036276.1,Anopheles_genus_mRNA,1377
XM_085036275.1,Anopheles_genus_mRNA,3073
XM_085036274.1,Anopheles_genus_mRNA,2658
XM_085036273.1,Anopheles_genus_mRNA,1320
XM_085036271.1,Anopheles_genus_mRNA,1656
XM_085036270.1,Anopheles_genus_mRNA,2847
XM_085036269.1,Anopheles_genus_mRNA,2090
XM_085036268.1,Anopheles_genus_mRNA,2950
XM_085036267.1,Anopheles_genus_mRNA,2925
XM_085036265.1,Anopheles_genus_mRNA,516
XM_085036264.1,Anopheles_genus_mRNA,648
XM_085036263.1,Anopheles_genus_mRNA,2397
XM_085036262.1,Anopheles_genus_mRNA,2007
XM_085036260.1,Anopheles_genus_mRNA,597
XM_085036259.1,Anopheles_genus_mRNA,5112
XM_085036258.1,Anopheles_genus_mRNA,5853
XM_085036257.1,Anopheles_genus_mRNA,5856
XM_085036256.1,Anopheles_genus_mRNA,5886
XM_085036255.1,Anopheles_genus_mRNA,5340
XM_085036254.1,Anopheles_genus_mRNA,5897
XM_085036253.1,Anopheles_genus_mRNA,1643
XM_085036251.1,Anopheles_genus_mRNA,7279
XM_085036250.1,Anopheles_genus_mRNA,1169
XM_085036248.1,Anopheles_genus_mRNA,2371
XM_085036247.1,Anopheles_genus_mRNA,2753
XM_085036246.1,Anopheles_genus_mRNA,2765
XM_085036245.1,Anopheles_genus_mRNA,5179
XM_085036244.1,Anopheles_genus_mRNA,3851
XM_085036243.1,Anopheles_genus_mRNA,4765
XM_085036242.1,Anopheles_genus_mRNA,3978
XM_085036241.1,Anopheles_genus_mRNA,3981
XM_085036240.1,Anopheles_genus_mRNA,4497
XM_085036239.1,Anopheles_genus_mRNA,4516
XM_085036238.1,Anopheles_genus_mRNA,4956
XM_085036237.1,Anopheles_genus_mRNA,4959
XM_085036236.1,Anopheles_genus_mRNA,4977
XM_085036234.1,Anopheles_genus_mRNA,4980
XM_085036233.1,Anopheles_genus_mRNA,5013
XM_085036232.1,Anopheles_genus_mRNA,5016
XM_085036231.1,Anopheles_genus_mRNA,5031
XM_085036230.1,Anopheles_genus_mRNA,5034
XM_085036229.1,Anopheles_genus_mRNA,3805
XM_085036228.1,Anopheles_genus_mRNA,3898
XM_085036227.1,Anopheles_genus_mRNA,1014
XM_085036226.1,Anopheles_genus_mRNA,1680
XM_085036225.1,Anopheles_genus_mRNA,1305
XM_085036223.1,Anopheles_genus_mRNA,5419
XM_085036222.1,Anopheles_genus_mRNA,3752
XM_085036221.1,Anopheles_genus_mRNA,5790
XM_085036220.1,Anopheles_genus_mRNA,1609
XM_085036219.1,Anopheles_genus_mRNA,948
XM_085036218.1,Anopheles_genus_mRNA,2501
XM_085036217.1,Anopheles_genus_mRNA,7129
XM_085036216.1,Anopheles_genus_mRNA,3773
XM_085036215.1,Anopheles_genus_mRNA,1355
XM_085036214.1,Anopheles_genus_mRNA,1812
XM_085036212.1,Anopheles_genus_mRNA,1804
XM_085036211.1,Anopheles_genus_mRNA,2915
XM_085036210.1,Anopheles_genus_mRNA,3486
XM_085036208.1,Anopheles_genus_mRNA,7025
XM_085036207.1,Anopheles_genus_mRNA,3215
XM_085036206.1,Anopheles_genus_mRNA,8977
XM_085036205.1,Anopheles_genus_mRNA,1564
XM_085036204.1,Anopheles_genus_mRNA,1519
XM_085036203.1,Anopheles_genus_mRNA,4115
XM_085036202.1,Anopheles_genus_mRNA,2735
XM_085036200.1,Anopheles_genus_mRNA,578
XM_085036199.1,Anopheles_genus_mRNA,10077
XM_085036198.1,Anopheles_genus_mRNA,858
XM_085036197.1,Anopheles_genus_mRNA,722
XM_085036196.1,Anopheles_genus_mRNA,733
XM_085036195.1,Anopheles_genus_mRNA,813
XM_085036194.1,Anopheles_genus_mRNA,566
XM_085036193.1,Anopheles_genus_mRNA,1797
XM_085036191.1,Anopheles_genus_mRNA,2802
XM_085036190.1,Anopheles_genus_mRNA,1041
XM_085036189.1,Anopheles_genus_mRNA,6298
XM_085036188.1,Anopheles_genus_mRNA,3155
XM_085036187.1,Anopheles_genus_mRNA,2610
XM_085036186.1,Anopheles_genus_mRNA,1258
XM_085036185.1,Anopheles_genus_mRNA,2408
XM_085036183.1,Anopheles_genus_mRNA,2873
XM_085036182.1,Anopheles_genus_mRNA,2900
XM_085036181.1,Anopheles_genus_mRNA,1581
XM_085036180.1,Anopheles_genus_mRNA,3573
XM_085036179.1,Anopheles_genus_mRNA,1095
XM_085036178.1,Anopheles_genus_mRNA,2109
XM_085036177.1,Anopheles_genus_mRNA,3878
XM_085036176.1,Anopheles_genus_mRNA,3927
XM_085036175.1,Anopheles_genus_mRNA,2829
XM_085036174.1,Anopheles_genus_mRNA,1693
XM_085036173.1,Anopheles_genus_mRNA,4610
XM_085036172.1,Anopheles_genus_mRNA,545
XM_085036171.1,Anopheles_genus_mRNA,555
XM_085036170.1,Anopheles_genus_mRNA,2499
XM_085036169.1,Anopheles_genus_mRNA,2829
XM_085036168.1,Anopheles_genus_mRNA,3614
XM_085036167.1,Anopheles_genus_mRNA,3632
XM_085036165.1,Anopheles_genus_mRNA,3792
XM_085036164.1,Anopheles_genus_mRNA,555
XM_085036163.1,Anopheles_genus_mRNA,555
XM_085036162.1,Anopheles_genus_mRNA,2964
XM_085036161.1,Anopheles_genus_mRNA,4192
XM_085036160.1,Anopheles_genus_mRNA,555
XM_085036159.1,Anopheles_genus_mRNA,2286
XM_085036158.1,Anopheles_genus_mRNA,4730
XM_085036157.1,Anopheles_genus_mRNA,4824
XM_085036155.1,Anopheles_genus_mRNA,1441
XM_085036153.1,Anopheles_genus_mRNA,2459
XM_085036152.1,Anopheles_genus_mRNA,729
XM_085036151.1,Anopheles_genus_mRNA,555
XM_085036150.1,Anopheles_genus_mRNA,4047
XM_085036149.1,Anopheles_genus_mRNA,3966
XM_085036148.1,Anopheles_genus_mRNA,5963
XM_085036147.1,Anopheles_genus_mRNA,1875
XM_085036146.1,Anopheles_genus_mRNA,4481
XM_085036145.1,Anopheles_genus_mRNA,4430
XM_085036144.1,Anopheles_genus_mRNA,4511
XM_085036143.1,Anopheles_genus_mRNA,4523
XM_085036141.1,Anopheles_genus_mRNA,1788
XM_085036140.1,Anopheles_genus_mRNA,5847
XM_085036136.1,Anopheles_genus_mRNA,549
XM_085036135.1,Anopheles_genus_mRNA,4576
XM_085036134.1,Anopheles_genus_mRNA,1437
XM_085036133.1,Anopheles_genus_mRNA,891
XM_085036132.1,Anopheles_genus_mRNA,1212
XM_085036130.1,Anopheles_genus_mRNA,1378
XM_085036129.1,Anopheles_genus_mRNA,1147
XM_085036128.1,Anopheles_genus_mRNA,1153
XM_085036127.1,Anopheles_genus_mRNA,1368
XM_085036126.1,Anopheles_genus_mRNA,1765
XM_085036125.1,Anopheles_genus_mRNA,3230
XM_085036123.1,Anopheles_genus_mRNA,5868
XM_085036122.1,Anopheles_genus_mRNA,6240
XM_085036121.1,Anopheles_genus_mRNA,6306
XM_085036120.1,Anopheles_genus_mRNA,6339
XM_085036119.1,Anopheles_genus_mRNA,2890
XM_085036118.1,Anopheles_genus_mRNA,574
XM_085036117.1,Anopheles_genus_mRNA,6213
XM_085036116.1,Anopheles_genus_mRNA,1944
XM_085036114.1,Anopheles_genus_mRNA,1569
XM_085036113.1,Anopheles_genus_mRNA,1518
XM_085036112.1,Anopheles_genus_mRNA,1573
XM_085036111.1,Anopheles_genus_mRNA,4140
XM_085036110.1,Anopheles_genus_mRNA,1050
XM_085036109.1,Anopheles_genus_mRNA,1126
XM_085036108.1,Anopheles_genus_mRNA,5819
XM_085036107.1,Anopheles_genus_mRNA,5412
XM_085036105.1,Anopheles_genus_mRNA,1581
XM_085036103.1,Anopheles_genus_mRNA,704
XM_085036102.1,Anopheles_genus_mRNA,666
XM_085036101.1,Anopheles_genus_mRNA,604
XM_085036100.1,Anopheles_genus_mRNA,795
XM_085036098.1,Anopheles_genus_mRNA,3365
XM_085036097.1,Anopheles_genus_mRNA,4022
XM_085036096.1,Anopheles_genus_mRNA,2236
XM_085036094.1,Anopheles_genus_mRNA,3550
XM_085036093.1,Anopheles_genus_mRNA,2246
XM_085036092.1,Anopheles_genus_mRNA,3676
XM_085036091.1,Anopheles_genus_mRNA,3742
XM_085036089.1,Anopheles_genus_mRNA,3137
XM_085036088.1,Anopheles_genus_mRNA,1314
XM_085036087.1,Anopheles_genus_mRNA,3270
XM_085036086.1,Anopheles_genus_mRNA,4219
XM_085036085.1,Anopheles_genus_mRNA,1704
XM_085036084.1,Anopheles_genus_mRNA,3982
XM_085036083.1,Anopheles_genus_mRNA,3780
XM_085036081.1,Anopheles_genus_mRNA,2519
XM_085036080.1,Anopheles_genus_mRNA,3236
XM_085036079.1,Anopheles_genus_mRNA,939
XM_085036078.1,Anopheles_genus_mRNA,4532
XM_085036077.1,Anopheles_genus_mRNA,832
XM_085036076.1,Anopheles_genus_mRNA,1571
XM_085036075.1,Anopheles_genus_mRNA,4719
XM_085036072.1,Anopheles_genus_mRNA,1212
XM_085036071.1,Anopheles_genus_mRNA,1354
XM_085036070.1,Anopheles_genus_mRNA,860
XM_085036069.1,Anopheles_genus_mRNA,858
XM_085036068.1,Anopheles_genus_mRNA,1483
XM_085036067.1,Anopheles_genus_mRNA,1293
XM_085036065.1,Anopheles_genus_mRNA,5102
XM_085036064.1,Anopheles_genus_mRNA,5762
XM_085036063.1,Anopheles_genus_mRNA,1363
XM_085036062.1,Anopheles_genus_mRNA,638
XM_085036061.1,Anopheles_genus_mRNA,1990
XM_085036060.1,Anopheles_genus_mRNA,2004
XM_085036059.1,Anopheles_genus_mRNA,6222
XM_085036057.1,Anopheles_genus_mRNA,4071
XM_085036056.1,Anopheles_genus_mRNA,4086
XM_085036055.1,Anopheles_genus_mRNA,5183
XM_085036054.1,Anopheles_genus_mRNA,704
XM_085036053.1,Anopheles_genus_mRNA,1982
XM_085036052.1,Anopheles_genus_mRNA,5181
XM_085036051.1,Anopheles_genus_mRNA,6785
XM_085036050.1,Anopheles_genus_mRNA,1146
XM_085036048.1,Anopheles_genus_mRNA,2903
XM_085036047.1,Anopheles_genus_mRNA,3292
XM_085036046.1,Anopheles_genus_mRNA,17527
XM_085036045.1,Anopheles_genus_mRNA,514
XM_085036044.1,Anopheles_genus_mRNA,717
XM_085036043.1,Anopheles_genus_mRNA,705
XM_085036042.1,Anopheles_genus_mRNA,5180
XM_085036040.1,Anopheles_genus_mRNA,1098
XM_085036039.1,Anopheles_genus_mRNA,1043
XM_085036038.1,Anopheles_genus_mRNA,2010
XM_085036037.1,Anopheles_genus_mRNA,1137
XM_085036036.1,Anopheles_genus_mRNA,1637
XM_085036035.1,Anopheles_genus_mRNA,1721
XM_085036033.1,Anopheles_genus_mRNA,2280
XM_085036032.1,Anopheles_genus_mRNA,2140
XM_085036031.1,Anopheles_genus_mRNA,1044
XM_085036030.1,Anopheles_genus_mRNA,1374
XM_085036029.1,Anopheles_genus_mRNA,5016
XM_085036028.1,Anopheles_genus_mRNA,5088
XM_085036027.1,Anopheles_genus_mRNA,5090
XM_085036026.1,Anopheles_genus_mRNA,5160
XM_085036024.1,Anopheles_genus_mRNA,5163
XM_085036023.1,Anopheles_genus_mRNA,11356
XM_085036022.1,Anopheles_genus_mRNA,1266
XM_085036021.1,Anopheles_genus_mRNA,4238
XM_085036020.1,Anopheles_genus_mRNA,741
XM_085036019.1,Anopheles_genus_mRNA,821
XM_085036018.1,Anopheles_genus_mRNA,2183
XM_085036016.1,Anopheles_genus_mRNA,2060
XM_085036015.1,Anopheles_genus_mRNA,3406
XM_085036014.1,Anopheles_genus_mRNA,1196
XM_085036013.1,Anopheles_genus_mRNA,767
XM_085036012.1,Anopheles_genus_mRNA,801
XM_085036011.1,Anopheles_genus_mRNA,2415
XM_085036010.1,Anopheles_genus_mRNA,2069
XM_085036008.1,Anopheles_genus_mRNA,3044
XM_085036007.1,Anopheles_genus_mRNA,2404
XM_085036006.1,Anopheles_genus_mRNA,1980
XM_085036005.1,Anopheles_genus_mRNA,5438
XM_085036004.1,Anopheles_genus_mRNA,5434
XM_085036003.1,Anopheles_genus_mRNA,1770
XM_085036001.1,Anopheles_genus_mRNA,622
XM_085036000.1,Anopheles_genus_mRNA,5575
XM_085035999.1,Anopheles_genus_mRNA,1770
XM_085035998.1,Anopheles_genus_mRNA,1773
XM_085035997.1,Anopheles_genus_mRNA,1394
XM_085035996.1,Anopheles_genus_mRNA,4181
XM_085035995.1,Anopheles_genus_mRNA,1586
XM_085035993.1,Anopheles_genus_mRNA,3056
XM_085035992.1,Anopheles_genus_mRNA,3095
XM_085035991.1,Anopheles_genus_mRNA,5065
XM_085035989.1,Anopheles_genus_mRNA,7278
XM_085035988.1,Anopheles_genus_mRNA,1798
XM_085035986.1,Anopheles_genus_mRNA,1335
XM_085035985.1,Anopheles_genus_mRNA,669
XM_085035984.1,Anopheles_genus_mRNA,1287
XM_085035983.1,Anopheles_genus_mRNA,6339
XM_085035982.1,Anopheles_genus_mRNA,1396
XM_085035981.1,Anopheles_genus_mRNA,2778
XM_085035980.1,Anopheles_genus_mRNA,2756
XM_085035978.1,Anopheles_genus_mRNA,1209
XM_085035977.1,Anopheles_genus_mRNA,1856
XM_085035976.1,Anopheles_genus_mRNA,998
XM_085035974.1,Anopheles_genus_mRNA,4698
XM_085035973.1,Anopheles_genus_mRNA,1045
XM_085035972.1,Anopheles_genus_mRNA,1278
XM_085035971.1,Anopheles_genus_mRNA,1794
XM_085035969.1,Anopheles_genus_mRNA,2610
XM_085035968.1,Anopheles_genus_mRNA,7180
XM_085035967.1,Anopheles_genus_mRNA,5833
XM_085035966.1,Anopheles_genus_mRNA,2610
XM_085035965.1,Anopheles_genus_mRNA,6502
XM_085035964.1,Anopheles_genus_mRNA,803
XM_085035963.1,Anopheles_genus_mRNA,2577
XM_085035961.1,Anopheles_genus_mRNA,876
XM_085035960.1,Anopheles_genus_mRNA,1391
XM_085035959.1,Anopheles_genus_mRNA,2410
XM_085035958.1,Anopheles_genus_mRNA,2413
XM_085035957.1,Anopheles_genus_mRNA,1819
XM_085035956.1,Anopheles_genus_mRNA,3406
XM_085035955.1,Anopheles_genus_mRNA,3520
XM_085035953.1,Anopheles_genus_mRNA,1357
XM_085035952.1,Anopheles_genus_mRNA,6246
XM_085035951.1,Anopheles_genus_mRNA,7200
XM_085035950.1,Anopheles_genus_mRNA,1023
XM_085035949.1,Anopheles_genus_mRNA,1207
XM_085035948.1,Anopheles_genus_mRNA,977
XM_085035947.1,Anopheles_genus_mRNA,3810
XM_085035945.1,Anopheles_genus_mRNA,1960
XM_085035944.1,Anopheles_genus_mRNA,1278
XM_085035943.1,Anopheles_genus_mRNA,798
XM_085035942.1,Anopheles_genus_mRNA,3312
XM_085035941.1,Anopheles_genus_mRNA,1819
XM_085035940.1,Anopheles_genus_mRNA,1134
XM_085035939.1,Anopheles_genus_mRNA,2121
XM_085035937.1,Anopheles_genus_mRNA,6652
XM_085035936.1,Anopheles_genus_mRNA,1698
XM_085035935.1,Anopheles_genus_mRNA,2489
XM_085035934.1,Anopheles_genus_mRNA,1088
XM_085035933.1,Anopheles_genus_mRNA,1158
XM_085035932.1,Anopheles_genus_mRNA,5357
XM_085035930.1,Anopheles_genus_mRNA,3773
XM_085035929.1,Anopheles_genus_mRNA,4427
XM_085035928.1,Anopheles_genus_mRNA,4222
XM_085035927.1,Anopheles_genus_mRNA,4402
XM_085035926.1,Anopheles_genus_mRNA,5419
XM_085035925.1,Anopheles_genus_mRNA,4506
XM_085035924.1,Anopheles_genus_mRNA,4578
XM_085035923.1,Anopheles_genus_mRNA,4578
XM_085035922.1,Anopheles_genus_mRNA,12564
XM_085035920.1,Anopheles_genus_mRNA,2716
XM_085035919.1,Anopheles_genus_mRNA,2716
XM_085035918.1,Anopheles_genus_mRNA,2716
XM_085035917.1,Anopheles_genus_mRNA,1682
XM_085035916.1,Anopheles_genus_mRNA,1205
XM_085035915.1,Anopheles_genus_mRNA,5552
XM_085035914.1,Anopheles_genus_mRNA,1804
XM_085035912.1,Anopheles_genus_mRNA,3841
XM_085035911.1,Anopheles_genus_mRNA,5303
XM_085035910.1,Anopheles_genus_mRNA,3816
XM_085035909.1,Anopheles_genus_mRNA,5278
XM_085035908.1,Anopheles_genus_mRNA,3816
XM_085035907.1,Anopheles_genus_mRNA,5278
XM_085035906.1,Anopheles_genus_mRNA,1750
XM_085035905.1,Anopheles_genus_mRNA,2962
XM_085035903.1,Anopheles_genus_mRNA,2994
XM_085035902.1,Anopheles_genus_mRNA,3390
XM_085035901.1,Anopheles_genus_mRNA,1828
XM_085035900.1,Anopheles_genus_mRNA,3415
XM_085035899.1,Anopheles_genus_mRNA,3798
XM_085035897.1,Anopheles_genus_mRNA,5147
XM_052711306.1,Culex_mRNA,636
XM_052711305.1,Culex_mRNA,1826
XM_052711304.1,Culex_mRNA,1871
XM_039584452.2,Culex_mRNA,2252
XM_039584430.2,Culex_mRNA,1386
XM_052711303.1,Culex_mRNA,2310
XM_039584425.2,Culex_mRNA,1355
XM_052711302.1,Culex_mRNA,1397
XM_039584429.2,Culex_mRNA,2193
XM_039584446.2,Culex_mRNA,3204
XM_052711301.1,Culex_mRNA,622
XM_039587349.2,Culex_mRNA,1441
XM_039581303.2,Culex_mRNA,1237
XM_039581302.2,Culex_mRNA,1232
XM_039581301.2,Culex_mRNA,12632
XM_039581300.2,Culex_mRNA,12634
XM_039581299.2,Culex_mRNA,12683
XM_039581298.2,Culex_mRNA,12701
XM_039581296.2,Culex_mRNA,12719
XM_039581295.2,Culex_mRNA,12722
XM_039581294.2,Culex_mRNA,12752
XM_039581292.2,Culex_mRNA,11975
XM_039581291.2,Culex_mRNA,12177
XM_039581290.2,Culex_mRNA,11897
XM_039581289.2,Culex_mRNA,12770
XM_039574892.2,Culex_mRNA,831
XM_039575320.2,Culex_mRNA,7010
XM_039575319.2,Culex_mRNA,7055
XM_039575318.2,Culex_mRNA,7118
XM_039575317.2,Culex_mRNA,6178
XM_039575315.2,Culex_mRNA,7215
XM_039575313.2,Culex_mRNA,7278
XM_052711299.1,Culex_mRNA,1254
XM_039579285.2,Culex_mRNA,1496
XM_052711298.1,Culex_mRNA,846
XM_039579284.2,Culex_mRNA,1340
XM_052711297.1,Culex_mRNA,1389
XM_052711296.1,Culex_mRNA,1414
XM_039579283.2,Culex_mRNA,4287
XM_052711295.1,Culex_mRNA,4312
XM_039579282.2,Culex_mRNA,4690
XM_039579281.2,Culex_mRNA,4232
XM_052711294.1,Culex_mRNA,4310
XM_052711293.1,Culex_mRNA,4695
XM_039579280.2,Culex_mRNA,4410
XM_052711292.1,Culex_mRNA,3821
XM_039597326.2,Culex_mRNA,3508
XM_052711291.1,Culex_mRNA,7030
XM_052711290.1,Culex_mRNA,7332
XM_039597299.2,Culex_mRNA,7585
XM_052711289.1,Culex_mRNA,7156
XM_039573968.2,Culex_mRNA,750
XM_039573937.2,Culex_mRNA,3454
XM_039573936.2,Culex_mRNA,3683
XM_039573935.2,Culex_mRNA,3484
XM_039573934.2,Culex_mRNA,3698
XM_039573933.2,Culex_mRNA,3499
XM_052711288.1,Culex_mRNA,642
XM_039588146.2,Culex_mRNA,1634
XM_039588136.2,Culex_mRNA,1584
XM_039587886.2,Culex_mRNA,8169
XM_039585245.2,Culex_mRNA,5393
XM_039585244.2,Culex_mRNA,4876
XM_039585246.2,Culex_mRNA,5440
XM_039584833.2,Culex_mRNA,1032
XM_039584832.2,Culex_mRNA,1075
XM_052711287.1,Culex_mRNA,4305
XM_052711286.1,Culex_mRNA,4353
XM_052711285.1,Culex_mRNA,4401
XM_052711284.1,Culex_mRNA,4394
XM_052711283.1,Culex_mRNA,4400
XM_052711282.1,Culex_mRNA,1763
XM_052711281.1,Culex_mRNA,4865
XM_039584842.2,Culex_mRNA,2361
XM_039584843.2,Culex_mRNA,4625
XM_039584839.2,Culex_mRNA,5600
XM_052711280.1,Culex_mRNA,5544
XM_052711279.1,Culex_mRNA,5414
XM_052711278.1,Culex_mRNA,705
XM_052711277.1,Culex_mRNA,1766
XM_039581466.2,Culex_mRNA,1173
XM_039581465.2,Culex_mRNA,1168
XM_039581470.2,Culex_mRNA,888
XM_039581464.2,Culex_mRNA,1824
XM_039581463.2,Culex_mRNA,1828
XM_039581455.2,Culex_mRNA,1198
XM_039581449.2,Culex_mRNA,2751
XM_039581447.2,Culex_mRNA,1327
XM_039590176.2,Culex_mRNA,1630
XM_039581469.2,Culex_mRNA,1468
XM_039581467.2,Culex_mRNA,2754
XM_039581451.2,Culex_mRNA,2072
XM_052711276.1,Culex_mRNA,2401
XM_039590179.2,Culex_mRNA,2371
XM_039581453.2,Culex_mRNA,1908
XM_052711275.1,Culex_mRNA,3097
XM_052711274.1,Culex_mRNA,3292
XM_039581452.2,Culex_mRNA,2919
XM_052711273.1,Culex_mRNA,3323
XM_039590164.2,Culex_mRNA,3178
XM_039581433.2,Culex_mRNA,11394
XM_052711272.1,Culex_mRNA,12641
XM_052711271.1,Culex_mRNA,12686
XM_052711270.1,Culex_mRNA,12683
XM_052711269.1,Culex_mRNA,12680
XM_052711268.1,Culex_mRNA,12677
XM_052711267.1,Culex_mRNA,10940
XM_052711266.1,Culex_mRNA,4529
XM_039581471.2,Culex_mRNA,3088
XM_039581456.2,Culex_mRNA,3440
XM_039581440.2,Culex_mRNA,4262
XM_039594762.2,Culex_mRNA,2556
XM_039594761.2,Culex_mRNA,2186
XM_039594760.2,Culex_mRNA,2315
XM_039594759.2,Culex_mRNA,2592
XM_039594758.2,Culex_mRNA,2578
XM_052711265.1,Culex_mRNA,5647
XM_039594757.2,Culex_mRNA,5877
XM_039597534.2,Culex_mRNA,2019
XM_052711264.1,Culex_mRNA,585
XM_039597533.2,Culex_mRNA,6639
XM_039597532.2,Culex_mRNA,6605
XM_039597358.2,Culex_mRNA,2794
XM_039597357.2,Culex_mRNA,6459
XM_039597356.2,Culex_mRNA,6508
XM_039597355.2,Culex_mRNA,7056
XM_039597353.2,Culex_mRNA,7666
XM_039592392.2,Culex_mRNA,617
XM_039590903.2,Culex_mRNA,756
XM_039590902.2,Culex_mRNA,1532
XM_039593014.2,Culex_mRNA,1491
XM_039593013.2,Culex_mRNA,865
XM_039593011.2,Culex_mRNA,1344
XM_039595641.2,Culex_mRNA,1735
XM_039592393.2,Culex_mRNA,2350
XM_039593004.2,Culex_mRNA,2853
XM_039592389.2,Culex_mRNA,1391
XM_039592388.2,Culex_mRNA,2484
XM_039592387.2,Culex_mRNA,2269
XM_039592385.2,Culex_mRNA,2316
XM_039592386.2,Culex_mRNA,2339
XM_039592384.2,Culex_mRNA,2495
XM_039592383.2,Culex_mRNA,2203
XM_039592382.2,Culex_mRNA,2215
XM_039593009.2,Culex_mRNA,3744
XM_039593008.2,Culex_mRNA,3194
XM_052711263.1,Culex_mRNA,3258
XM_052711262.1,Culex_mRNA,3296
XM_052711261.1,Culex_mRNA,3349
XM_052711260.1,Culex_mRNA,3316
XM_052711259.1,Culex_mRNA,3384
XM_052711258.1,Culex_mRNA,3264
XM_052711257.1,Culex_mRNA,3858
XM_039575550.2,Culex_mRNA,4702
XM_052711256.1,Culex_mRNA,4601
XM_039575549.2,Culex_mRNA,4620
XM_052711255.1,Culex_mRNA,4325
XM_052711254.1,Culex_mRNA,12472
XM_052711253.1,Culex_mRNA,11624
XM_052711252.1,Culex_mRNA,10256
XM_039592376.2,Culex_mRNA,8856
XM_052711251.1,Culex_mRNA,10025
XM_052711250.1,Culex_mRNA,10265
XM_052711249.1,Culex_mRNA,10331
XM_052711248.1,Culex_mRNA,10341
XM_052711247.1,Culex_mRNA,10382
XM_052711246.1,Culex_mRNA,10224
XM_052711245.1,Culex_mRNA,10391
XM_039574617.2,Culex_mRNA,732
XM_039574616.2,Culex_mRNA,2285
XM_039574568.2,Culex_mRNA,5783
XM_039574567.2,Culex_mRNA,6032
XM_052711244.1,Culex_mRNA,5867
XM_039583512.2,Culex_mRNA,936
XM_039583511.2,Culex_mRNA,1296
XM_039583509.2,Culex_mRNA,2818
XM_039583507.2,Culex_mRNA,2831
XM_039583505.2,Culex_mRNA,5891
XM_039583504.2,Culex_mRNA,6045
XM_039583501.2,Culex_mRNA,6047
XM_039583502.2,Culex_mRNA,6049
XM_039583500.2,Culex_mRNA,6066
XM_039583499.2,Culex_mRNA,6176
XM_039578884.2,Culex_mRNA,1151
XM_052711242.1,Culex_mRNA,6457
XM_039578883.2,Culex_mRNA,7704
XM_039591431.2,Culex_mRNA,4779
XM_052711241.1,Culex_mRNA,7601
XM_039579006.2,Culex_mRNA,1913
XM_039579000.2,Culex_mRNA,4456
XM_039578999.2,Culex_mRNA,4800
XM_039578998.2,Culex_mRNA,4201
XM_039578995.2,Culex_mRNA,4205
XM_039578994.2,Culex_mRNA,4228
XM_039582542.2,Culex_mRNA,2244
XM_052711240.1,Culex_mRNA,1667
XM_039595895.2,Culex_mRNA,2305
XM_052711239.1,Culex_mRNA,2322
XM_039595894.2,Culex_mRNA,2297
XM_052711238.1,Culex_mRNA,3066
XM_052711237.1,Culex_mRNA,3209
XM_039583122.2,Culex_mRNA,548
XM_039583121.2,Culex_mRNA,5311
XM_052711236.1,Culex_mRNA,5606
XM_039583120.2,Culex_mRNA,6187
XM_039583119.2,Culex_mRNA,5813
XM_052711235.1,Culex_mRNA,8945
XM_039583118.2,Culex_mRNA,8944
XM_039582543.2,Culex_mRNA,1964
XM_052711234.1,Culex_mRNA,755
XM_052711233.1,Culex_mRNA,2469
XM_039586089.2,Culex_mRNA,1361
XM_039586860.2,Culex_mRNA,3458
XM_039586858.2,Culex_mRNA,3753
XM_039586857.2,Culex_mRNA,3967
XM_039586856.2,Culex_mRNA,4313
XM_052711232.1,Culex_mRNA,8091
XM_052711231.1,Culex_mRNA,807
XM_039580115.2,Culex_mRNA,2027
XM_039580113.2,Culex_mRNA,1458
XM_039580112.2,Culex_mRNA,5233
XM_039580111.2,Culex_mRNA,5696
XM_039580110.2,Culex_mRNA,5418
XM_039582545.2,Culex_mRNA,6827
XM_039588992.2,Culex_mRNA,1446
XM_052711230.1,Culex_mRNA,1183
XM_039588991.2,Culex_mRNA,635
XM_039588990.2,Culex_mRNA,1079
XM_039588988.2,Culex_mRNA,720
XM_039588987.2,Culex_mRNA,1113
XM_039588986.2,Culex_mRNA,1275
XM_039588985.2,Culex_mRNA,1039
XM_039582521.2,Culex_mRNA,6291
XM_039595249.2,Culex_mRNA,1525
XM_052711229.1,Culex_mRNA,1660
XM_039595245.2,Culex_mRNA,1980
XM_039595243.2,Culex_mRNA,2764
XM_039595235.2,Culex_mRNA,2266
XM_039595114.2,Culex_mRNA,2388
XM_039595110.2,Culex_mRNA,3784
XM_039576283.2,Culex_mRNA,2276
XM_039576272.2,Culex_mRNA,986
XM_039576608.2,Culex_mRNA,4859
XM_039576083.2,Culex_mRNA,2702
XM_039576076.2,Culex_mRNA,2762
XM_039575141.2,Culex_mRNA,1697
XM_039575126.2,Culex_mRNA,1711
XM_039575148.2,Culex_mRNA,1723
XM_039575133.2,Culex_mRNA,1720
XM_039574878.2,Culex_mRNA,3038
XM_039576264.2,Culex_mRNA,2856
XM_039576256.2,Culex_mRNA,2441
XM_039576683.2,Culex_mRNA,5075
XM_039576675.2,Culex_mRNA,5140
XM_039576670.2,Culex_mRNA,5137
XM_039576662.2,Culex_mRNA,5194
XM_052711227.1,Culex_mRNA,5367
XM_052711226.1,Culex_mRNA,5430
XM_039575660.2,Culex_mRNA,5503
XM_039576309.2,Culex_mRNA,14251
XM_039576302.2,Culex_mRNA,14347
XM_039595335.2,Culex_mRNA,782
XM_039583659.2,Culex_mRNA,830
XM_039583661.2,Culex_mRNA,1468
XM_039583660.2,Culex_mRNA,679
XM_039583644.2,Culex_mRNA,3510
XM_039583987.2,Culex_mRNA,502
XM_052711225.1,Culex_mRNA,2466
XM_039594989.2,Culex_mRNA,3254
XM_039594999.2,Culex_mRNA,4692
XM_052711224.1,Culex_mRNA,4802
XM_039595010.2,Culex_mRNA,2421
XM_052711223.1,Culex_mRNA,4830
XM_052711222.1,Culex_mRNA,4765
XM_052711221.1,Culex_mRNA,4835
XM_039577437.2,Culex_mRNA,2326
XM_039577436.2,Culex_mRNA,2745
XM_052711220.1,Culex_mRNA,3627
XM_039577435.2,Culex_mRNA,3511
XM_052711219.1,Culex_mRNA,1620
XM_039575471.2,Culex_mRNA,1321
XM_039575443.2,Culex_mRNA,1143
XM_039575520.2,Culex_mRNA,2780
XM_039575519.2,Culex_mRNA,2854
XM_039575442.2,Culex_mRNA,7680
XM_039585032.2,Culex_mRNA,5893
XM_039585685.2,Culex_mRNA,2981
XM_052711218.1,Culex_mRNA,2979
XM_039585684.2,Culex_mRNA,3001
XM_039585683.2,Culex_mRNA,3004
XM_052711217.1,Culex_mRNA,8150
XM_052711216.1,Culex_mRNA,13042
XM_052711215.1,Culex_mRNA,13103
XM_052711214.1,Culex_mRNA,14564
XM_052711213.1,Culex_mRNA,14254
XM_039590194.2,Culex_mRNA,1203
XM_052711212.1,Culex_mRNA,1700
XM_052711211.1,Culex_mRNA,4216
XM_039588084.2,Culex_mRNA,1536
XM_039588159.2,Culex_mRNA,1038
XM_039587658.2,Culex_mRNA,947
XM_039587651.2,Culex_mRNA,944
XM_039587709.2,Culex_mRNA,732
XM_039587718.2,Culex_mRNA,719
XM_039588179.2,Culex_mRNA,1593
XM_039587728.2,Culex_mRNA,902
XM_039587759.2,Culex_mRNA,1667
XM_039587215.2,Culex_mRNA,1055
XM_039587529.2,Culex_mRNA,1270
XM_039587520.2,Culex_mRNA,1276
XM_039587667.2,Culex_mRNA,1141
XM_039587971.2,Culex_mRNA,1341
XM_039588122.2,Culex_mRNA,1570
XM_039587739.2,Culex_mRNA,1995
XM_039588044.2,Culex_mRNA,1637
XM_039587701.2,Culex_mRNA,3532
XM_039588169.2,Culex_mRNA,2123
XM_039587487.2,Culex_mRNA,3131
XM_039587472.2,Culex_mRNA,3365
XM_039587464.2,Culex_mRNA,2950
XM_039587406.2,Culex_mRNA,4031
XM_039587827.2,Culex_mRNA,2579
XM_039587863.2,Culex_mRNA,2916
XM_052711210.1,Culex_mRNA,3050
XM_039587396.2,Culex_mRNA,3053
XM_039587391.2,Culex_mRNA,4374
XM_039587384.2,Culex_mRNA,4405
XM_039587205.2,Culex_mRNA,10809
XM_039587197.2,Culex_mRNA,10795
XM_039587188.2,Culex_mRNA,10869
XM_039587179.2,Culex_mRNA,10874
XM_039587172.2,Culex_mRNA,10885
XM_039587166.2,Culex_mRNA,10905
XM_039587158.2,Culex_mRNA,10920
XM_039587150.2,Culex_mRNA,10934
XM_039587141.2,Culex_mRNA,10950
XM_039585037.2,Culex_mRNA,5072
XM_052711209.1,Culex_mRNA,762
XM_052711208.1,Culex_mRNA,8550
XM_052711207.1,Culex_mRNA,8495
XM_039592482.2,Culex_mRNA,7195
XM_039588215.2,Culex_mRNA,736
XM_039588235.2,Culex_mRNA,2147
XM_039588234.2,Culex_mRNA,2268
XM_039588214.2,Culex_mRNA,1621
XM_039588213.2,Culex_mRNA,2170
XM_039588212.2,Culex_mRNA,6109
XM_039586377.2,Culex_mRNA,860
XM_039587938.2,Culex_mRNA,539
XM_039587936.2,Culex_mRNA,873
XM_052711206.1,Culex_mRNA,1072
XM_039587934.2,Culex_mRNA,868
XM_039587939.2,Culex_mRNA,1105
XM_039587933.2,Culex_mRNA,1588
XM_039587932.2,Culex_mRNA,6499
XM_052711205.1,Culex_mRNA,6446
XM_039573559.2,Culex_mRNA,2983
XM_039586379.2,Culex_mRNA,1539
XM_039573863.2,Culex_mRNA,11956
XM_039573862.2,Culex_mRNA,12199
XM_039573860.2,Culex_mRNA,12049
XM_039583124.2,Culex_mRNA,1379
XM_052711204.1,Culex_mRNA,4232
XM_039582845.2,Culex_mRNA,893
XM_052711203.1,Culex_mRNA,7184
XM_052711202.1,Culex_mRNA,7184
XM_052711201.1,Culex_mRNA,7202
XM_052711200.1,Culex_mRNA,7250
XM_052711199.1,Culex_mRNA,7316
XM_052711198.1,Culex_mRNA,7319
XM_039582231.2,Culex_mRNA,1102
XM_039582259.2,Culex_mRNA,1046
XM_039582856.2,Culex_mRNA,1102
XM_039582854.2,Culex_mRNA,1175
XM_039582853.2,Culex_mRNA,1281
XM_039582258.2,Culex_mRNA,1311
XM_039582886.2,Culex_mRNA,1828
XM_039582238.2,Culex_mRNA,3886
XM_039582883.2,Culex_mRNA,1782
XM_039582882.2,Culex_mRNA,2663
XM_039573974.2,Culex_mRNA,4608
XM_039573972.2,Culex_mRNA,1391
XM_039573973.2,Culex_mRNA,2266
XM_039573970.2,Culex_mRNA,4109
XM_052711197.1,Culex_mRNA,837
XM_039583057.2,Culex_mRNA,1177
XM_039583055.2,Culex_mRNA,952
XM_039583054.2,Culex_mRNA,824
XM_039583053.2,Culex_mRNA,5471
XM_052711196.1,Culex_mRNA,994
XM_039592511.2,Culex_mRNA,678
XM_039592499.2,Culex_mRNA,1847
XM_039588256.2,Culex_mRNA,1345
XM_052711195.1,Culex_mRNA,3299
XM_039583730.2,Culex_mRNA,3887
XM_052711194.1,Culex_mRNA,739
XM_052711193.1,Culex_mRNA,972
XM_039583764.2,Culex_mRNA,742
XM_039583761.2,Culex_mRNA,852
XM_039583760.2,Culex_mRNA,1593
XM_039583759.2,Culex_mRNA,1460
XM_039583758.2,Culex_mRNA,1478
XM_039583729.2,Culex_mRNA,4157
XM_039583727.2,Culex_mRNA,5294
XM_039583728.2,Culex_mRNA,5300
XM_052711192.1,Culex_mRNA,3996
XM_039583726.2,Culex_mRNA,5453
XM_039583626.2,Culex_mRNA,6276
XM_052711191.1,Culex_mRNA,527
XM_039577839.2,Culex_mRNA,861
XM_039577837.2,Culex_mRNA,1822
XM_052711190.1,Culex_mRNA,2442
XM_039577836.2,Culex_mRNA,2956
XM_039577835.2,Culex_mRNA,2961
XM_039587010.2,Culex_mRNA,3502
XM_039587009.2,Culex_mRNA,3234
XM_039587008.2,Culex_mRNA,3323
XM_039580000.2,Culex_mRNA,4854
XM_039594680.2,Culex_mRNA,666
XM_039594679.2,Culex_mRNA,1711
XM_039595420.2,Culex_mRNA,1991
XM_039594677.2,Culex_mRNA,2161
XM_039594676.2,Culex_mRNA,3131
XM_039594675.2,Culex_mRNA,3146
XM_039577813.2,Culex_mRNA,949
XM_052711189.1,Culex_mRNA,937
XM_039580006.2,Culex_mRNA,1386
XM_039590593.2,Culex_mRNA,2039
XM_039588527.2,Culex_mRNA,4421
XM_039574900.2,Culex_mRNA,1010
XM_039574897.2,Culex_mRNA,8056
XM_039574896.2,Culex_mRNA,8098
XM_039574895.2,Culex_mRNA,8100
XM_039574894.2,Culex_mRNA,8107
XM_052711188.1,Culex_mRNA,8094
XM_039574893.2,Culex_mRNA,8110
XM_039576168.2,Culex_mRNA,7576
XM_039576166.2,Culex_mRNA,7744
XM_039595071.2,Culex_mRNA,2218
XM_039595066.2,Culex_mRNA,895
XM_039595059.2,Culex_mRNA,1069
XM_039595101.2,Culex_mRNA,2757
XM_039595096.2,Culex_mRNA,1925
XM_039595087.2,Culex_mRNA,2638
XM_039595079.2,Culex_mRNA,2597
XM_039595050.2,Culex_mRNA,3353
XM_052711187.1,Culex_mRNA,610
XM_052711186.1,Culex_mRNA,825
XM_039577329.2,Culex_mRNA,651
XM_039577353.2,Culex_mRNA,5507
XM_039577363.2,Culex_mRNA,4959
XM_039593417.2,Culex_mRNA,1003
XM_039574597.2,Culex_mRNA,548
XM_052711184.1,Culex_mRNA,853
XM_039574618.2,Culex_mRNA,1989
XM_052711182.1,Culex_mRNA,2420
XM_039577853.2,Culex_mRNA,882
XM_039577852.2,Culex_mRNA,7687
XM_052711181.1,Culex_mRNA,8718
XM_052711180.1,Culex_mRNA,9142
XM_039577847.2,Culex_mRNA,9202
XM_052711179.1,Culex_mRNA,9289
XM_052711178.1,Culex_mRNA,9295
XM_052711177.1,Culex_mRNA,1921
XM_052711176.1,Culex_mRNA,1749
XM_039585225.2,Culex_mRNA,3280
XM_039585224.2,Culex_mRNA,1941
XM_039585238.2,Culex_mRNA,2115
XM_039582178.2,Culex_mRNA,1130
XM_052711175.1,Culex_mRNA,969
XM_052711174.1,Culex_mRNA,1120
XM_052711173.1,Culex_mRNA,1271
XM_052711172.1,Culex_mRNA,1215
XM_052711171.1,Culex_mRNA,1392
XM_052711170.1,Culex_mRNA,1338
XM_052711169.1,Culex_mRNA,1228
XM_052711168.1,Culex_mRNA,4669
XM_052711167.1,Culex_mRNA,4116
XM_052711166.1,Culex_mRNA,4158
XM_052711165.1,Culex_mRNA,4175
XM_039582177.2,Culex_mRNA,4194
XM_052711164.1,Culex_mRNA,2579
XM_039586418.2,Culex_mRNA,2208
XM_039586408.2,Culex_mRNA,1015
XM_039586414.2,Culex_mRNA,1083
XM_039586413.2,Culex_mRNA,924
XM_039586412.2,Culex_mRNA,997
XM_039586415.2,Culex_mRNA,1088
XM_052711163.1,Culex_mRNA,1543
XM_039586411.2,Culex_mRNA,1099
XM_039586410.2,Culex_mRNA,2250
XM_039586409.2,Culex_mRNA,2283
XM_039583788.2,Culex_mRNA,2098
XM_052711161.1,Culex_mRNA,2121
XM_039583307.2,Culex_mRNA,10397
XM_039581364.2,Culex_mRNA,1010
XM_039581274.2,Culex_mRNA,3428
XM_039581266.2,Culex_mRNA,3550
XM_052711160.1,Culex_mRNA,2867
XM_052711159.1,Culex_mRNA,3629
XM_052711158.1,Culex_mRNA,4031
XM_039574233.2,Culex_mRNA,3609
XM_039574232.2,Culex_mRNA,4114
XM_039582872.2,Culex_mRNA,618
XM_052711157.1,Culex_mRNA,1149
XM_039582870.2,Culex_mRNA,1640
XM_052711156.1,Culex_mRNA,2415
XM_039582868.2,Culex_mRNA,2552
XM_039582866.2,Culex_mRNA,3833
XM_039584579.2,Culex_mRNA,2924
XM_052711155.1,Culex_mRNA,6396
XM_052711154.1,Culex_mRNA,6463
XM_039582546.2,Culex_mRNA,1527
XM_039584520.2,Culex_mRNA,3204
XM_039584521.2,Culex_mRNA,1826
XM_039584501.2,Culex_mRNA,4998
XM_039584500.2,Culex_mRNA,5003
XM_039584499.2,Culex_mRNA,5097
XM_039584498.2,Culex_mRNA,5101
XM_039586113.2,Culex_mRNA,895
XM_039575703.2,Culex_mRNA,5439
XM_039575701.2,Culex_mRNA,5469
XM_039575700.2,Culex_mRNA,5465
XM_039575699.2,Culex_mRNA,5471
XM_039594879.2,Culex_mRNA,3206
XM_052711153.1,Culex_mRNA,4827
XM_039597161.2,Culex_mRNA,1916
XM_039597160.2,Culex_mRNA,1429
XM_052711151.1,Culex_mRNA,887
XM_039596844.2,Culex_mRNA,914
XM_039597195.2,Culex_mRNA,2827
XM_052711150.1,Culex_mRNA,2221
XM_039596007.2,Culex_mRNA,2201
XM_039596843.2,Culex_mRNA,1704
XM_039596842.2,Culex_mRNA,1592
XM_039581242.2,Culex_mRNA,6602
XM_052711149.1,Culex_mRNA,501
XM_039597880.2,Culex_mRNA,826
XM_039597879.2,Culex_mRNA,1103
XM_039597878.2,Culex_mRNA,6519
XM_052711148.1,Culex_mRNA,2645
XM_039586881.2,Culex_mRNA,11453
XM_039586880.2,Culex_mRNA,11459
XM_039586879.2,Culex_mRNA,11477
XM_039586878.2,Culex_mRNA,11495
XM_052711147.1,Culex_mRNA,11498
XM_039586877.2,Culex_mRNA,11513
XM_039586876.2,Culex_mRNA,11546
XM_052711146.1,Culex_mRNA,11604
XM_039586875.2,Culex_mRNA,11522
XM_039584918.2,Culex_mRNA,1088
XM_039584906.2,Culex_mRNA,1418
XM_039584868.2,Culex_mRNA,995
XM_039584897.2,Culex_mRNA,2014
XM_039584888.2,Culex_mRNA,1282
XM_052711143.1,Culex_mRNA,2652
XM_039584849.2,Culex_mRNA,1108
XM_039584840.2,Culex_mRNA,3289
XM_039584830.2,Culex_mRNA,8934
XM_039584824.2,Culex_mRNA,9015
XM_039592884.2,Culex_mRNA,11848
XM_052711141.1,Culex_mRNA,4867
XM_039592887.2,Culex_mRNA,5217
XM_039573589.2,Culex_mRNA,1077
XM_052711140.1,Culex_mRNA,1398
XM_039573587.2,Culex_mRNA,1550
XM_039573586.2,Culex_mRNA,3269
XM_039573585.2,Culex_mRNA,7034
XM_039589650.2,Culex_mRNA,2887
XM_052711139.1,Culex_mRNA,5845
XM_052711138.1,Culex_mRNA,6108
XM_052711137.1,Culex_mRNA,1991
XM_039591735.2,Culex_mRNA,633
XM_039595865.2,Culex_mRNA,3804
XM_052711136.1,Culex_mRNA,7763
XM_052711135.1,Culex_mRNA,7302
XM_052711134.1,Culex_mRNA,7309
XM_039594743.2,Culex_mRNA,983
XM_039590584.2,Culex_mRNA,996
XM_039593342.2,Culex_mRNA,671
XM_052711133.1,Culex_mRNA,5568
XM_052711132.1,Culex_mRNA,5577
XM_052711131.1,Culex_mRNA,5655
XM_052711130.1,Culex_mRNA,5664
XM_052711129.1,Culex_mRNA,4531
XM_052711128.1,Culex_mRNA,5951
XM_052711127.1,Culex_mRNA,5412
XM_052711126.1,Culex_mRNA,5395
XM_052711125.1,Culex_mRNA,5465
XM_052711124.1,Culex_mRNA,861
XM_052711123.1,Culex_mRNA,870
XM_039590487.2,Culex_mRNA,1671
XM_039590485.2,Culex_mRNA,1855
XM_052711122.1,Culex_mRNA,3169
XM_039590489.2,Culex_mRNA,2373
XM_039590480.2,Culex_mRNA,3370
XM_039590171.2,Culex_mRNA,6956
XM_039590170.2,Culex_mRNA,6979
XM_052711121.1,Culex_mRNA,6686
XM_039590169.2,Culex_mRNA,6999
XM_052711120.1,Culex_mRNA,8151
XM_052711118.1,Culex_mRNA,8740
XM_039577581.2,Culex_mRNA,1401
XM_039577580.2,Culex_mRNA,1514
XM_039577578.2,Culex_mRNA,1770
XM_039577576.2,Culex_mRNA,1811
XM_052711117.1,Culex_mRNA,1531
XM_039577577.2,Culex_mRNA,1705
XM_039577572.2,Culex_mRNA,841
XM_039577571.2,Culex_mRNA,1073
XM_039577567.2,Culex_mRNA,1215
XM_052711115.1,Culex_mRNA,1641
XM_039577551.2,Culex_mRNA,5190
XM_039577550.2,Culex_mRNA,5654
XM_039588224.2,Culex_mRNA,541
XM_039588229.2,Culex_mRNA,1383
XM_039588227.2,Culex_mRNA,1405
XM_039588226.2,Culex_mRNA,1543
XM_039588223.2,Culex_mRNA,3078
XM_039588221.2,Culex_mRNA,1999
XM_039588219.2,Culex_mRNA,3135
XM_039588218.2,Culex_mRNA,2057
XM_039588233.2,Culex_mRNA,4563
XM_052711114.1,Culex_mRNA,4819
XM_039588232.2,Culex_mRNA,4912
XM_039588225.2,Culex_mRNA,2369
XM_039586269.2,Culex_mRNA,4847
XM_039586268.2,Culex_mRNA,5314
XM_039586267.2,Culex_mRNA,8023
XM_039586266.2,Culex_mRNA,7807
XM_039586265.2,Culex_mRNA,7838
XM_039586264.2,Culex_mRNA,8755
XM_039586263.2,Culex_mRNA,7884
XM_039586262.2,Culex_mRNA,7903
XM_039586261.2,Culex_mRNA,8210
XM_039586260.2,Culex_mRNA,7921
XM_039586258.2,Culex_mRNA,7925
XM_039595418.2,Culex_mRNA,731
XM_052711113.1,Culex_mRNA,4580
XM_052711112.1,Culex_mRNA,4643
XM_052711111.1,Culex_mRNA,4760
XM_052711110.1,Culex_mRNA,3576
XM_052711109.1,Culex_mRNA,3629
XM_052711108.1,Culex_mRNA,3647
XM_039595409.2,Culex_mRNA,3690
XM_039595410.2,Culex_mRNA,3693
XM_039590812.2,Culex_mRNA,618
XM_039580487.2,Culex_mRNA,663
XM_052711106.1,Culex_mRNA,4544
XM_039580483.2,Culex_mRNA,5846
XM_039587348.2,Culex_mRNA,1199
XM_039587345.2,Culex_mRNA,1661
XM_039587347.2,Culex_mRNA,1495
XM_039587346.2,Culex_mRNA,1781
XM_039587360.2,Culex_mRNA,2345
XM_039587359.2,Culex_mRNA,2196
XM_039587366.2,Culex_mRNA,2318
XM_039587365.2,Culex_mRNA,2380
XM_039587364.2,Culex_mRNA,2421
XM_039587362.2,Culex_mRNA,2481
XM_052711105.1,Culex_mRNA,1229
XM_039580560.2,Culex_mRNA,1176
XM_039580582.2,Culex_mRNA,1150
XM_039580559.2,Culex_mRNA,1253
XM_039580557.2,Culex_mRNA,1450
XM_052711104.1,Culex_mRNA,2784
XM_039580556.2,Culex_mRNA,3492
XM_052711103.1,Culex_mRNA,6950
XM_052711102.1,Culex_mRNA,7126
XM_039580552.2,Culex_mRNA,7228
XM_052711101.1,Culex_mRNA,1919
XM_039594109.2,Culex_mRNA,1895
XM_052711100.1,Culex_mRNA,2282
XM_052711099.1,Culex_mRNA,2287
XM_052711098.1,Culex_mRNA,2770
XM_052711097.1,Culex_mRNA,2424
XM_052711096.1,Culex_mRNA,2451
XM_039591571.2,Culex_mRNA,788
XM_039591561.2,Culex_mRNA,1097
XM_039591554.2,Culex_mRNA,914
XM_039591545.2,Culex_mRNA,2772
XM_039591696.2,Culex_mRNA,4039
XM_039591689.2,Culex_mRNA,5954
XM_039584594.2,Culex_mRNA,1720
XM_039584591.2,Culex_mRNA,3776
XM_039584589.2,Culex_mRNA,2240
XM_039584588.2,Culex_mRNA,2174
XM_039591102.2,Culex_mRNA,1188
XM_039591095.2,Culex_mRNA,3898
XM_039591103.2,Culex_mRNA,1054
XM_039591091.2,Culex_mRNA,882
XM_039591094.2,Culex_mRNA,979
XM_052711095.1,Culex_mRNA,1161
XM_052711094.1,Culex_mRNA,1430
XM_052711093.1,Culex_mRNA,1490
XM_039591104.2,Culex_mRNA,1710
XM_039591087.2,Culex_mRNA,1493
XM_039591086.2,Culex_mRNA,1387
XM_039579786.2,Culex_mRNA,1509
XM_039591090.2,Culex_mRNA,1335
XM_039591085.2,Culex_mRNA,1305
XM_039591088.2,Culex_mRNA,1523
XM_039591089.2,Culex_mRNA,1342
XM_039595500.2,Culex_mRNA,2069
XM_039591096.2,Culex_mRNA,3847
XM_039579772.2,Culex_mRNA,1997
XM_039591100.2,Culex_mRNA,2213
XM_039591081.2,Culex_mRNA,3438
XM_039591080.2,Culex_mRNA,1691
XM_039591079.2,Culex_mRNA,2364
XM_039591084.2,Culex_mRNA,2305
XM_039591093.2,Culex_mRNA,4451
XM_039591082.2,Culex_mRNA,4623
XM_039591092.2,Culex_mRNA,6540
XM_039591097.2,Culex_mRNA,7005
XM_039591589.2,Culex_mRNA,5709
XM_052711092.1,Culex_mRNA,5805
XM_039591588.2,Culex_mRNA,4968
XM_052711091.1,Culex_mRNA,5877
XM_039596360.2,Culex_mRNA,1651
XM_052711090.1,Culex_mRNA,1592
XM_052711089.1,Culex_mRNA,2248
XM_052711088.1,Culex_mRNA,2306
XM_039596357.2,Culex_mRNA,2194
XM_039596359.2,Culex_mRNA,2502
XM_039596355.2,Culex_mRNA,2324
XM_039591586.2,Culex_mRNA,4105
XM_039591585.2,Culex_mRNA,3145
XM_039591583.2,Culex_mRNA,4582
XM_039591582.2,Culex_mRNA,4468
XM_039596352.2,Culex_mRNA,2318
XM_039596351.2,Culex_mRNA,2344
XM_052711087.1,Culex_mRNA,2038
XM_039581593.2,Culex_mRNA,2257
XM_052711086.1,Culex_mRNA,7749
XM_039585845.2,Culex_mRNA,531
XM_039577328.2,Culex_mRNA,590
XM_039585144.2,Culex_mRNA,1165
XM_039585133.2,Culex_mRNA,6748
XM_039585117.2,Culex_mRNA,6750
XM_039585108.2,Culex_mRNA,6760
XM_039585102.2,Culex_mRNA,6771
XM_039582226.2,Culex_mRNA,8219
XM_039582225.2,Culex_mRNA,8612
XM_039582223.2,Culex_mRNA,8843
XM_039582222.2,Culex_mRNA,8900
XM_039582221.2,Culex_mRNA,9038
XM_039582220.2,Culex_mRNA,9077
XM_039582219.2,Culex_mRNA,9237
XM_039582217.2,Culex_mRNA,9307
XM_039594351.2,Culex_mRNA,5273
XM_052711085.1,Culex_mRNA,5123
XM_052711084.1,Culex_mRNA,5400
XM_052711083.1,Culex_mRNA,5636
XM_052711082.1,Culex_mRNA,5365
XM_052711081.1,Culex_mRNA,1966
XM_052711080.1,Culex_mRNA,5687
XM_039583990.2,Culex_mRNA,822
XM_039585859.2,Culex_mRNA,5463
XM_039585858.2,Culex_mRNA,5499
XM_039585857.2,Culex_mRNA,5261
XM_039585855.2,Culex_mRNA,5277
XM_039585854.2,Culex_mRNA,5271
XM_039585853.2,Culex_mRNA,5283
XM_039585852.2,Culex_mRNA,5603
XM_039582216.2,Culex_mRNA,914
XM_039582249.2,Culex_mRNA,1387
XM_039582239.2,Culex_mRNA,11532
XM_039576374.2,Culex_mRNA,1174
XM_039576366.2,Culex_mRNA,1169
XM_039574772.2,Culex_mRNA,11605
XM_039574765.2,Culex_mRNA,11644
XM_039585687.2,Culex_mRNA,1299
XM_052711076.1,Culex_mRNA,8117
XM_039585686.2,Culex_mRNA,8767
XM_039581570.2,Culex_mRNA,577
XM_039581575.2,Culex_mRNA,1204
XM_039581574.2,Culex_mRNA,1932
XM_039581573.2,Culex_mRNA,2827
XM_052711074.1,Culex_mRNA,3686
XM_052711073.1,Culex_mRNA,3742
XM_039581531.2,Culex_mRNA,1971
XM_039581568.2,Culex_mRNA,2787
XM_052711072.1,Culex_mRNA,2918
XM_039581567.2,Culex_mRNA,3036
XM_039581566.2,Culex_mRNA,3505
XM_039581563.2,Culex_mRNA,3127
XM_052711071.1,Culex_mRNA,3467
XM_052711070.1,Culex_mRNA,3467
XM_039581562.2,Culex_mRNA,3467
XM_039581561.2,Culex_mRNA,3494
XM_039581560.2,Culex_mRNA,3494
XM_039581559.2,Culex_mRNA,3494
XM_052711069.1,Culex_mRNA,3365
XM_039581557.2,Culex_mRNA,3374
XM_039581556.2,Culex_mRNA,3424
XM_039581555.2,Culex_mRNA,3430
XM_039581554.2,Culex_mRNA,3433
XM_039581553.2,Culex_mRNA,3439
XM_039581552.2,Culex_mRNA,3451
XM_039581551.2,Culex_mRNA,3451
XM_039581550.2,Culex_mRNA,3479
XM_039581549.2,Culex_mRNA,3093
XM_039581548.2,Culex_mRNA,3478
XM_039581547.2,Culex_mRNA,3223
XM_039581546.2,Culex_mRNA,4132
XM_039581544.2,Culex_mRNA,3959
XM_039581543.2,Culex_mRNA,3981
XM_039581542.2,Culex_mRNA,3986
XM_039581541.2,Culex_mRNA,3999
XM_039581540.2,Culex_mRNA,3598
XM_039581538.2,Culex_mRNA,3666
XM_039581539.2,Culex_mRNA,3978
XM_039581537.2,Culex_mRNA,4008
XM_039581565.2,Culex_mRNA,6784
XM_052711066.1,Culex_mRNA,5624
XM_052711065.1,Culex_mRNA,6466
XM_052711064.1,Culex_mRNA,8069
XM_039573475.2,Culex_mRNA,1833
XM_039575488.2,Culex_mRNA,1050
XM_039575448.2,Culex_mRNA,3231
XM_039575487.2,Culex_mRNA,6233
XM_039575486.2,Culex_mRNA,6329
XM_039575483.2,Culex_mRNA,4862
XM_039575482.2,Culex_mRNA,6260
XM_039575481.2,Culex_mRNA,6263
XM_039575480.2,Culex_mRNA,6290
XM_039575479.2,Culex_mRNA,6356
XM_039575478.2,Culex_mRNA,6360
XM_039575477.2,Culex_mRNA,6378
XM_039575476.2,Culex_mRNA,6387
XM_039587638.2,Culex_mRNA,1467
XM_039587627.2,Culex_mRNA,1230
XM_039587620.2,Culex_mRNA,1450
XM_039587609.2,Culex_mRNA,1633
XM_039587596.2,Culex_mRNA,2956
XM_039587583.2,Culex_mRNA,2094
XM_039587573.2,Culex_mRNA,2255
XM_039587561.2,Culex_mRNA,2311
XM_039587551.2,Culex_mRNA,6758
XM_052711063.1,Culex_mRNA,7147
XM_052711062.1,Culex_mRNA,7204
XM_052711061.1,Culex_mRNA,7207
XM_039575847.2,Culex_mRNA,6679
XM_039575845.2,Culex_mRNA,6689
XM_039575844.2,Culex_mRNA,6742
XM_039575843.2,Culex_mRNA,7162
XM_039575842.2,Culex_mRNA,7339
XM_039575841.2,Culex_mRNA,7441
XM_039575840.2,Culex_mRNA,7852
XM_039575839.2,Culex_mRNA,7906
XM_039575838.2,Culex_mRNA,8008
XM_039587165.2,Culex_mRNA,1773
XM_052711060.1,Culex_mRNA,2458
XM_039578290.2,Culex_mRNA,2564
XM_052711059.1,Culex_mRNA,2870
XM_052711058.1,Culex_mRNA,2970
XM_039578317.2,Culex_mRNA,4628
XM_039588544.2,Culex_mRNA,1998
XM_039588543.2,Culex_mRNA,1688
XM_039588542.2,Culex_mRNA,2136
XM_039588541.2,Culex_mRNA,2053
XM_039588540.2,Culex_mRNA,6622
XM_039588539.2,Culex_mRNA,5896
XM_039588538.2,Culex_mRNA,5939
XM_039588537.2,Culex_mRNA,5350
XM_039577375.2,Culex_mRNA,1495
XM_052711057.1,Culex_mRNA,802
XM_052711056.1,Culex_mRNA,916
XM_052711055.1,Culex_mRNA,804
XM_039580150.2,Culex_mRNA,1324
XM_039580149.2,Culex_mRNA,788
XM_052711054.1,Culex_mRNA,2973
XM_052711053.1,Culex_mRNA,3138
XM_052711052.1,Culex_mRNA,3345
XM_052711051.1,Culex_mRNA,2515
XM_039580147.2,Culex_mRNA,2539
XM_039580146.2,Culex_mRNA,2612
XM_039580145.2,Culex_mRNA,3037
XM_052711050.1,Culex_mRNA,3534
XM_039580144.2,Culex_mRNA,3980
XM_039580143.2,Culex_mRNA,3950
XM_039580142.2,Culex_mRNA,4057
XM_039580141.2,Culex_mRNA,4068
XM_039583350.2,Culex_mRNA,5667
XM_039586126.2,Culex_mRNA,3594
XM_039586125.2,Culex_mRNA,2865
XM_039586124.2,Culex_mRNA,1736
XM_039586130.2,Culex_mRNA,1529
XM_052711049.1,Culex_mRNA,2323
XM_039586129.2,Culex_mRNA,2998
XM_039586123.2,Culex_mRNA,3546
XM_039586122.2,Culex_mRNA,3606
XM_052711048.1,Culex_mRNA,1791
XM_052711047.1,Culex_mRNA,1308
XM_039580537.2,Culex_mRNA,2525
XM_039580531.2,Culex_mRNA,3715
XM_039580530.2,Culex_mRNA,3723
XM_052711046.1,Culex_mRNA,3328
XM_039580529.2,Culex_mRNA,3386
XM_039580527.2,Culex_mRNA,3775
XM_039580528.2,Culex_mRNA,3730
XM_039580526.2,Culex_mRNA,3682
XM_039580525.2,Culex_mRNA,3894
XM_039584437.2,Culex_mRNA,636
XM_039579348.2,Culex_mRNA,1573
XM_039579346.2,Culex_mRNA,1674
XM_052711044.1,Culex_mRNA,4840
XM_039594103.2,Culex_mRNA,549
XM_039580957.2,Culex_mRNA,1286
XM_039585319.2,Culex_mRNA,653
XM_039585320.2,Culex_mRNA,1221
XM_039585321.2,Culex_mRNA,6787
XM_039585322.2,Culex_mRNA,2731
XM_039582519.2,Culex_mRNA,683
XM_039582518.2,Culex_mRNA,1661
XM_039582517.2,Culex_mRNA,1559
XM_039582516.2,Culex_mRNA,1652
XM_039582514.2,Culex_mRNA,2024
XM_039582501.2,Culex_mRNA,2050
XM_039582513.2,Culex_mRNA,2788
XM_039582512.2,Culex_mRNA,3737
XM_039582511.2,Culex_mRNA,3745
XM_039582509.2,Culex_mRNA,3045
XM_039582508.2,Culex_mRNA,5228
XM_039582507.2,Culex_mRNA,5288
XM_039574231.2,Culex_mRNA,5823
XM_052711041.1,Culex_mRNA,6165
XM_039574229.2,Culex_mRNA,6174
XM_039574227.2,Culex_mRNA,6270
XM_039574226.2,Culex_mRNA,6279
XM_039574225.2,Culex_mRNA,6294
XM_039574223.2,Culex_mRNA,6306
XM_052711040.1,Culex_mRNA,6619
XM_039574221.2,Culex_mRNA,6585
XM_052711039.1,Culex_mRNA,1527
XM_052711038.1,Culex_mRNA,4326
XM_039584336.2,Culex_mRNA,4353
XM_039585177.2,Culex_mRNA,4279
XM_039583970.2,Culex_mRNA,4443
XM_039583955.2,Culex_mRNA,4443
XM_039590400.2,Culex_mRNA,7658
XM_039590396.2,Culex_mRNA,8127
XM_039590372.2,Culex_mRNA,9647
XM_039590363.2,Culex_mRNA,9650
XM_052711036.1,Culex_mRNA,9881
XM_039590390.2,Culex_mRNA,10137
XM_039585290.2,Culex_mRNA,4509
XM_039575692.2,Culex_mRNA,1104
XM_039596547.2,Culex_mRNA,7841
XM_052711033.1,Culex_mRNA,6506
XM_052711032.1,Culex_mRNA,6606
XM_052711031.1,Culex_mRNA,5786
XM_052711030.1,Culex_mRNA,5868
XM_052711029.1,Culex_mRNA,6063
XM_052711028.1,Culex_mRNA,6022
XM_052711027.1,Culex_mRNA,5885
XM_052711026.1,Culex_mRNA,5616
XM_052711025.1,Culex_mRNA,5693
XM_052711024.1,Culex_mRNA,5729
XM_052711023.1,Culex_mRNA,6300
XM_052711022.1,Culex_mRNA,6106
XM_039586116.2,Culex_mRNA,977
XM_039579753.2,Culex_mRNA,1042
XM_039586869.2,Culex_mRNA,8940
XM_039586868.2,Culex_mRNA,8812
XM_039586865.2,Culex_mRNA,3986
XM_039586864.2,Culex_mRNA,3866
XM_039586867.2,Culex_mRNA,8811
XM_039586866.2,Culex_mRNA,4015
XM_039586863.2,Culex_mRNA,4014
XM_039585239.2,Culex_mRNA,6050
XM_039585230.2,Culex_mRNA,6695
XM_039584865.2,Culex_mRNA,604
XM_039574344.2,Culex_mRNA,11219
XM_039574343.2,Culex_mRNA,11402
XM_039574342.2,Culex_mRNA,12016
XM_039574341.2,Culex_mRNA,12066
XM_039574340.2,Culex_mRNA,12242
XM_039574339.2,Culex_mRNA,12285
XM_039574337.2,Culex_mRNA,12048
XM_039574336.2,Culex_mRNA,12008
XM_052711021.1,Culex_mRNA,5872
XM_052711020.1,Culex_mRNA,5943
XM_052711019.1,Culex_mRNA,5487
XM_039596210.2,Culex_mRNA,5520
XM_052711018.1,Culex_mRNA,6030
XM_052711017.1,Culex_mRNA,5758
XR_014846105.1,Culicidae_rRNA,1977
XR_014846122.1,Culicidae_rRNA,4048
XR_014846121.1,Culicidae_rRNA,1977
XR_014846118.1,Culicidae_rRNA,1977
XR_014846115.1,Culicidae_rRNA,1977
XR_014846111.1,Culicidae_rRNA,4047
XR_014846110.1,Culicidae_rRNA,4047
XR_014846109.1,Culicidae_rRNA,4048
XR_014846108.1,Culicidae_rRNA,1977
XR_014846107.1,Culicidae_rRNA,1976
XR_014486774.1,Culicidae_rRNA,4111
XR_014486773.1,Culicidae_rRNA,2004
XR_014486771.1,Culicidae_rRNA,4111
XR_014486770.1,Culicidae_rRNA,2004
XR_014486768.1,Culicidae_rRNA,2004
XR_014486766.1,Culicidae_rRNA,2004
XR_014486759.1,Culicidae_rRNA,2004
XR_014486757.1,Culicidae_rRNA,2004
XR_014486750.1,Culicidae_rRNA,4110
XR_014486749.1,Culicidae_rRNA,2004
XR_014486745.1,Culicidae_rRNA,4110
XR_014486744.1,Culicidae_rRNA,2004
XR_014486742.1,Culicidae_rRNA,4111
XR_014486741.1,Culicidae_rRNA,2004
XR_014486739.1,Culicidae_rRNA,2004
XR_014486736.1,Culicidae_rRNA,2004
XR_014486735.1,Culicidae_rRNA,2004
XR_014486732.1,Culicidae_rRNA,2004
XR_014486731.1,Culicidae_rRNA,2004
XR_014486729.1,Culicidae_rRNA,1994
XR_014486728.1,Culicidae_rRNA,2003
XR_014486726.1,Culicidae_rRNA,4111
XR_014486724.1,Culicidae_rRNA,4111
XR_014486723.1,Culicidae_rRNA,2004
XR_014486719.1,Culicidae_rRNA,2004
XR_014486717.1,Culicidae_rRNA,2004
XR_014486716.1,Culicidae_rRNA,2004
XR_014486714.1,Culicidae_rRNA,4111
XR_014486712.1,Culicidae_rRNA,4111
XR_014486711.1,Culicidae_rRNA,2004
XR_014486709.1,Culicidae_rRNA,2004
XR_014486707.1,Culicidae_rRNA,4111
XR_014486705.1,Culicidae_rRNA,2004
XR_014486703.1,Culicidae_rRNA,4111
XR_014486701.1,Culicidae_rRNA,2005
XR_014486700.1,Culicidae_rRNA,2004
XR_014486698.1,Culicidae_rRNA,4111
XR_014486696.1,Culicidae_rRNA,2004
XR_014486694.1,Culicidae_rRNA,4111
XR_014486692.1,Culicidae_rRNA,2004
XR_014486691.1,Culicidae_rRNA,2004
XR_014486689.1,Culicidae_rRNA,4111
XR_014486687.1,Culicidae_rRNA,2004
XR_014486686.1,Culicidae_rRNA,2004
XR_014486683.1,Culicidae_rRNA,4268
XR_014486681.1,Culicidae_rRNA,2004
XR_014486679.1,Culicidae_rRNA,4111
XR_014486677.1,Culicidae_rRNA,2004
XR_014486674.1,Culicidae_rRNA,2004
XR_014486673.1,Culicidae_rRNA,2004
XR_014486672.1,Culicidae_rRNA,2004
XR_014486671.1,Culicidae_rRNA,4108
XR_014486670.1,Culicidae_rRNA,4111
XR_014486669.1,Culicidae_rRNA,4111
XR_014486667.1,Culicidae_rRNA,2004
XR_014486664.1,Culicidae_rRNA,2004
XR_014486662.1,Culicidae_rRNA,2004
XR_014486660.1,Culicidae_rRNA,2004
XR_014486659.1,Culicidae_rRNA,2004
XR_014486656.1,Culicidae_rRNA,4110
XR_014486655.1,Culicidae_rRNA,4110
XR_014486654.1,Culicidae_rRNA,2004
XR_014486652.1,Culicidae_rRNA,2004
XR_014486648.1,Culicidae_rRNA,2004
XR_014486646.1,Culicidae_rRNA,4107
XR_014486645.1,Culicidae_rRNA,4110
XR_014486643.1,Culicidae_rRNA,2004
XR_014486642.1,Culicidae_rRNA,2004
XR_014486640.1,Culicidae_rRNA,4111
XR_014486638.1,Culicidae_rRNA,2004
XR_014486634.1,Culicidae_rRNA,4111
XR_014486633.1,Culicidae_rRNA,4111
XR_014486632.1,Culicidae_rRNA,2004
XR_014486630.1,Culicidae_rRNA,2004
XR_014486628.1,Culicidae_rRNA,4112
XR_014486626.1,Culicidae_rRNA,2004
XR_014486625.1,Culicidae_rRNA,2004
XR_014486622.1,Culicidae_rRNA,4111
XR_014486621.1,Culicidae_rRNA,2004
XR_014486619.1,Culicidae_rRNA,2004
XR_014486618.1,Culicidae_rRNA,2004
XR_014486616.1,Culicidae_rRNA,4111
XR_014486602.1,Culicidae_rRNA,2000
XR_014486599.1,Culicidae_rRNA,4111
XR_014486598.1,Culicidae_rRNA,2004
XR_014486595.1,Culicidae_rRNA,4111
XR_014486593.1,Culicidae_rRNA,2004
XR_014486591.1,Culicidae_rRNA,2004
XR_014486590.1,Culicidae_rRNA,2004
XR_014486587.1,Culicidae_rRNA,4111
XR_014486585.1,Culicidae_rRNA,4111
XR_014486584.1,Culicidae_rRNA,2004
XR_014486582.1,Culicidae_rRNA,4111
XR_014486581.1,Culicidae_rRNA,2004
XR_014486579.1,Culicidae_rRNA,2004
XR_014486578.1,Culicidae_rRNA,2004
XR_014486576.1,Culicidae_rRNA,4111
XR_014486575.1,Culicidae_rRNA,4111
XR_014486572.1,Culicidae_rRNA,2004
XR_014486569.1,Culicidae_rRNA,4111
XR_014486567.1,Culicidae_rRNA,4111
XR_014486566.1,Culicidae_rRNA,4111
XR_014486565.1,Culicidae_rRNA,4111
XR_014486564.1,Culicidae_rRNA,2004
XR_014486563.1,Culicidae_rRNA,2004
XR_014486561.1,Culicidae_rRNA,2004
XR_014486560.1,Culicidae_rRNA,2004
XR_014486557.1,Culicidae_rRNA,4111
XR_014486551.1,Culicidae_rRNA,4111
XR_014486550.1,Culicidae_rRNA,4111
XR_014486549.1,Culicidae_rRNA,4111
XR_014486547.1,Culicidae_rRNA,2004
XR_014486546.1,Culicidae_rRNA,2004
XR_014486545.1,Culicidae_rRNA,2004
XR_014486544.1,Culicidae_rRNA,2004
XR_014486543.1,Culicidae_rRNA,2004
XR_014486542.1,Culicidae_rRNA,2004
XR_014486539.1,Culicidae_rRNA,2004
XR_014486537.1,Culicidae_rRNA,4122
XR_014486532.1,Culicidae_rRNA,2004
XR_014486529.1,Culicidae_rRNA,4111
XR_014486528.1,Culicidae_rRNA,4111
XR_014486527.1,Culicidae_rRNA,4111
XR_014486525.1,Culicidae_rRNA,2004
XR_014486521.1,Culicidae_rRNA,4128
XR_014486520.1,Culicidae_rRNA,4111
XR_014486519.1,Culicidae_rRNA,4111
XR_014486517.1,Culicidae_rRNA,4111
XR_014486515.1,Culicidae_rRNA,2004
XR_014486514.1,Culicidae_rRNA,2004
XR_014486513.1,Culicidae_rRNA,2004
XR_014486508.1,Culicidae_rRNA,4111
XR_014486503.1,Culicidae_rRNA,2004
XR_014486502.1,Culicidae_rRNA,2004
XR_014486499.1,Culicidae_rRNA,4110
XR_014486498.1,Culicidae_rRNA,4110
XR_014486497.1,Culicidae_rRNA,2004
XR_014486492.1,Culicidae_rRNA,4093
XR_014486491.1,Culicidae_rRNA,4111
XR_014486490.1,Culicidae_rRNA,4111
XR_014486489.1,Culicidae_rRNA,4110
XR_014486487.1,Culicidae_rRNA,2004
XR_014486486.1,Culicidae_rRNA,2004
XR_014486485.1,Culicidae_rRNA,2004
XR_014486484.1,Culicidae_rRNA,2004
XR_014486483.1,Culicidae_rRNA,2004
XR_014486482.1,Culicidae_rRNA,2004
XR_014486459.1,Culicidae_rRNA,4111
XR_014486458.1,Culicidae_rRNA,4111
XR_014486456.1,Culicidae_rRNA,4110
XR_014486455.1,Culicidae_rRNA,4110
XR_014486454.1,Culicidae_rRNA,4111
XR_014486453.1,Culicidae_rRNA,4111
XR_014486452.1,Culicidae_rRNA,4111
XR_014486450.1,Culicidae_rRNA,2004
XR_014486449.1,Culicidae_rRNA,2004
XR_014486448.1,Culicidae_rRNA,2004
XR_014486447.1,Culicidae_rRNA,2004
XR_014486446.1,Culicidae_rRNA,2004
XR_014486445.1,Culicidae_rRNA,2004
XR_014486443.1,Culicidae_rRNA,2004
XR_014486442.1,Culicidae_rRNA,2004
XR_014486441.1,Culicidae_rRNA,2004
XR_014486440.1,Culicidae_rRNA,2004
XR_014486420.1,Culicidae_rRNA,2004
XR_014486419.1,Culicidae_rRNA,2004
XR_014486417.1,Culicidae_rRNA,4111
XR_014486416.1,Culicidae_rRNA,4111
XR_014486412.1,Culicidae_rRNA,4111
XR_014486411.1,Culicidae_rRNA,4110
XR_014486410.1,Culicidae_rRNA,4111
XR_014486407.1,Culicidae_rRNA,2004
XR_014486406.1,Culicidae_rRNA,2004
XR_014486405.1,Culicidae_rRNA,2004
XR_014486404.1,Culicidae_rRNA,2004
XR_014486393.1,Culicidae_rRNA,4111
XR_014486392.1,Culicidae_rRNA,4111
XR_014486391.1,Culicidae_rRNA,4111
XR_014486389.1,Culicidae_rRNA,4111
XR_014486388.1,Culicidae_rRNA,4111
XR_014486386.1,Culicidae_rRNA,2004
XR_014486385.1,Culicidae_rRNA,2004
XR_014486384.1,Culicidae_rRNA,2004
XR_014486383.1,Culicidae_rRNA,2004
XR_014486381.1,Culicidae_rRNA,2004
XR_014486380.1,Culicidae_rRNA,2004
XR_014486379.1,Culicidae_rRNA,2004
XR_014486378.1,Culicidae_rRNA,2004
XR_007608491.1,Culicidae_rRNA,4020
XR_007608012.1,Culicidae_rRNA,4020
XR_007608011.1,Culicidae_rRNA,4020
XR_007608010.1,Culicidae_rRNA,4020
XR_007608009.1,Culicidae_rRNA,4020
XR_007608006.1,Culicidae_rRNA,4020
XR_007608005.1,Culicidae_rRNA,4020
XR_007608004.1,Culicidae_rRNA,3879
XR_007608003.1,Culicidae_rRNA,3879
XR_007608002.1,Culicidae_rRNA,3879
XR_007608001.1,Culicidae_rRNA,3879
XR_007608000.1,Culicidae_rRNA,3879
XR_007609109.1,Culicidae_rRNA,4021
XR_007609108.1,Culicidae_rRNA,4020
XR_007609107.1,Culicidae_rRNA,4020
XR_007609106.1,Culicidae_rRNA,4020
XR_007609105.1,Culicidae_rRNA,4020
NZ_RWIK01000020.1,Wolbachia_genes,7919
NZ_JAFEVH010000087.1,Wolbachia_genes,2747
NZ_JAFEVH010000086.1,Wolbachia_genes,2847
NZ_JAFEVH010000085.1,Wolbachia_genes,2858
NZ_JAFEVH010000084.1,Wolbachia_genes,3293
NZ_JAFEVH010000083.1,Wolbachia_genes,3590
NZ_JAFEVH010000082.1,Wolbachia_genes,3768
NZ_JAFEVH010000081.1,Wolbachia_genes,3850
NZ_JAFEVH010000080.1,Wolbachia_genes,3857
NZ_JAFEVH010000079.1,Wolbachia_genes,3860
NZ_JAFEVH010000078.1,Wolbachia_genes,4143
NZ_JAFEVH010000077.1,Wolbachia_genes,4170
NZ_JAFEVH010000076.1,Wolbachia_genes,4306
NZ_JAFEVH010000075.1,Wolbachia_genes,4398
NZ_JAFEVH010000074.1,Wolbachia_genes,4432
NZ_JAFEVH010000073.1,Wolbachia_genes,4506
NZ_JAFEVH010000072.1,Wolbachia_genes,4722
NZ_JAFEVH010000071.1,Wolbachia_genes,4948
NZ_JAFEVH010000070.1,Wolbachia_genes,4972
NZ_JAFEVH010000069.1,Wolbachia_genes,5067
NZ_JAFEVH010000068.1,Wolbachia_genes,5082
NZ_JAFEVH010000067.1,Wolbachia_genes,5157
NZ_JAFEVH010000066.1,Wolbachia_genes,5311
NZ_JAFEVH010000065.1,Wolbachia_genes,5464
NZ_JAFEVH010000064.1,Wolbachia_genes,5547
NZ_JAFEVH010000063.1,Wolbachia_genes,5554
NZ_JAFEVH010000062.1,Wolbachia_genes,5559
NZ_JAFEVH010000061.1,Wolbachia_genes,5594
NZ_JAFEVH010000060.1,Wolbachia_genes,5658
NZ_JAFEVH010000059.1,Wolbachia_genes,5791
NZ_JAFEVH010000058.1,Wolbachia_genes,5951
NZ_JAFEVH010000057.1,Wolbachia_genes,6286
NZ_JAFEVH010000056.1,Wolbachia_genes,6533
NZ_JAFEVH010000055.1,Wolbachia_genes,6566
NZ_JAFEVH010000054.1,Wolbachia_genes,6639
NZ_JAFEVH010000053.1,Wolbachia_genes,6645
NZ_JAFEVH010000052.1,Wolbachia_genes,6683
NZ_JAFEVH010000051.1,Wolbachia_genes,6967
NZ_JAFEVH010000050.1,Wolbachia_genes,7087
NZ_JAFEVH010000049.1,Wolbachia_genes,7321
NZ_JAFEVH010000048.1,Wolbachia_genes,7348
NZ_JAFEVH010000047.1,Wolbachia_genes,7349
NZ_JAFEVH010000046.1,Wolbachia_genes,7402
NZ_JAFEVH010000045.1,Wolbachia_genes,7560
NZ_JAFEVH010000044.1,Wolbachia_genes,7635
NZ_JAFEVH010000043.1,Wolbachia_genes,7844
NZ_JAFEVG010000057.1,Wolbachia_genes,2645
NZ_JAFEVG010000056.1,Wolbachia_genes,2728
NZ_JAFEVG010000055.1,Wolbachia_genes,2759
NZ_JAFEVG010000054.1,Wolbachia_genes,2788
NZ_JAFEVG010000053.1,Wolbachia_genes,2818
NZ_JAFEVG010000052.1,Wolbachia_genes,2837
NZ_JAFEVG010000051.1,Wolbachia_genes,2838
NZ_JAFEVG010000050.1,Wolbachia_genes,2977
NZ_JAFEVG010000049.1,Wolbachia_genes,3165
NZ_JAFEVG010000048.1,Wolbachia_genes,3232
NZ_JAFEVG010000047.1,Wolbachia_genes,3250
NZ_JAFEVG010000046.1,Wolbachia_genes,3285
NZ_JAFEVG010000045.1,Wolbachia_genes,3466
NZ_JAFEVG010000044.1,Wolbachia_genes,3872
NZ_JAFEVG010000043.1,Wolbachia_genes,3976
NZ_JAFEVG010000042.1,Wolbachia_genes,4062
NZ_JAFEVG010000041.1,Wolbachia_genes,4160
NZ_JAFEVG010000040.1,Wolbachia_genes,4528
NZ_JAFEVG010000039.1,Wolbachia_genes,4600
NZ_JAFEVG010000038.1,Wolbachia_genes,4607
NZ_JAFEVG010000037.1,Wolbachia_genes,4793
NZ_JAFEVG010000036.1,Wolbachia_genes,5036
NZ_JAFEVG010000035.1,Wolbachia_genes,5319
NZ_JAFEVG010000034.1,Wolbachia_genes,5414
NZ_JAFEVG010000033.1,Wolbachia_genes,5571
NZ_JAFEVG010000032.1,Wolbachia_genes,5622
NZ_JAFEVG010000031.1,Wolbachia_genes,5652
NZ_JAFEVG010000030.1,Wolbachia_genes,5686
NZ_JAFEVG010000029.1,Wolbachia_genes,6147
NZ_JAFEVG010000028.1,Wolbachia_genes,6722
NZ_JAFEVG010000027.1,Wolbachia_genes,7203
NZ_JAFEVG010000026.1,Wolbachia_genes,7594
NZ_JAFEVG010000025.1,Wolbachia_genes,7952
NZ_JAFEVF010000071.1,Wolbachia_genes,2524
NZ_JAFEVF010000070.1,Wolbachia_genes,2625
NZ_JAFEVF010000069.1,Wolbachia_genes,2626
NZ_JAFEVF010000068.1,Wolbachia_genes,2820
NZ_JAFEVF010000067.1,Wolbachia_genes,2939
NZ_JAFEVF010000066.1,Wolbachia_genes,3054
NZ_JAFEVF010000065.1,Wolbachia_genes,3170
NZ_JAFEVF010000064.1,Wolbachia_genes,3307
NZ_JAFEVF010000063.1,Wolbachia_genes,3328
NZ_JAFEVF010000062.1,Wolbachia_genes,3449
NZ_JAFEVF010000061.1,Wolbachia_genes,3455
NZ_JAFEVF010000060.1,Wolbachia_genes,3457
NZ_JAFEVF010000059.1,Wolbachia_genes,3561
NZ_JAFEVF010000058.1,Wolbachia_genes,3588
NZ_JAFEVF010000057.1,Wolbachia_genes,3764
NZ_JAFEVF010000056.1,Wolbachia_genes,3800
NZ_JAFEVF010000055.1,Wolbachia_genes,3890
NZ_JAFEVF010000054.1,Wolbachia_genes,4068
NZ_JAFEVF010000053.1,Wolbachia_genes,4325
NZ_JAFEVF010000052.1,Wolbachia_genes,4420
NZ_JAFEVF010000051.1,Wolbachia_genes,4509
NZ_JAFEVF010000050.1,Wolbachia_genes,4802
NZ_JAFEVF010000049.1,Wolbachia_genes,4851
NZ_JAFEVF010000048.1,Wolbachia_genes,4941
NZ_JAFEVF010000047.1,Wolbachia_genes,5063
NZ_JAFEVF010000046.1,Wolbachia_genes,5196
NZ_JAFEVF010000045.1,Wolbachia_genes,5292
NZ_JAFEVF010000044.1,Wolbachia_genes,5521
NZ_JAFEVF010000043.1,Wolbachia_genes,5953
NZ_JAFEVF010000042.1,Wolbachia_genes,6036
NZ_JAFEVF010000041.1,Wolbachia_genes,6244
NZ_JAFEVF010000040.1,Wolbachia_genes,6791
NZ_JAFEVF010000039.1,Wolbachia_genes,7329
NZ_JAFEVF010000038.1,Wolbachia_genes,7330
NZ_JAFEVF010000037.1,Wolbachia_genes,7357
NZ_JAFEVF010000036.1,Wolbachia_genes,7446
NZ_JAFEVF010000035.1,Wolbachia_genes,7705
NZ_JAFEVE010000025.1,Wolbachia_genes,1339
NZ_JAFEVE010000024.1,Wolbachia_genes,1443
NZ_JAFEVE010000023.1,Wolbachia_genes,2046
NZ_JAFEVE010000022.1,Wolbachia_genes,2087
NZ_JAFEVE010000021.1,Wolbachia_genes,2749
NZ_JAFEVE010000020.1,Wolbachia_genes,2926
NZ_JAFEVE010000019.1,Wolbachia_genes,3571
NZ_JAFEVE010000018.1,Wolbachia_genes,3666
NZ_JAFEVE010000017.1,Wolbachia_genes,3850
NZ_JAFEVE010000016.1,Wolbachia_genes,4808
NZ_JAFEVE010000015.1,Wolbachia_genes,5839
NZ_JAFEVE010000014.1,Wolbachia_genes,7125
NZ_JAEUFH010000010.1,Wolbachia_genes,3664
NZ_JAEUFH010000009.1,Wolbachia_genes,5628
NZ_JAEUFH010000008.1,Wolbachia_genes,5635
NZ_JAATLC010000015.1,Wolbachia_genes,4297
NZ_JBFTEN010000049.1,Wolbachia_genes,593
NZ_JBFTEN010000048.1,Wolbachia_genes,637
NZ_JBFTEN010000047.1,Wolbachia_genes,639
NZ_JBFTEN010000046.1,Wolbachia_genes,694
NZ_JBFTEN010000045.1,Wolbachia_genes,731
NZ_JBFTEN010000042.1,Wolbachia_genes,1553
NZ_JBFTEN010000041.1,Wolbachia_genes,1557
NZ_JBFTEN010000040.1,Wolbachia_genes,3226
NZ_JBFTEN010000039.1,Wolbachia_genes,3278
NZ_JBFTEN010000038.1,Wolbachia_genes,3680
NZ_JBFTEN010000037.1,Wolbachia_genes,3875
NZ_JBFTEN010000036.1,Wolbachia_genes,4242
NZ_JBFTEN010000035.1,Wolbachia_genes,4264
NZ_JBFTEN010000034.1,Wolbachia_genes,4511
NZ_JBFTEN010000033.1,Wolbachia_genes,5598
NZ_JAUCRB010000013.1,Wolbachia_genes,625
NZ_JAUCRB010000012.1,Wolbachia_genes,669
NZ_JAUCRB010000011.1,Wolbachia_genes,1430
NZ_JAUCRB010000010.1,Wolbachia_genes,1692
NZ_JAUCRB010000009.1,Wolbachia_genes,1850
NZ_JAUCRB010000008.1,Wolbachia_genes,4869
NZ_BQXG01000007.1,Wolbachia_genes,3341
NZ_JAHDJT010000185.1,Wolbachia_genes,615
NZ_JAHDJT010000184.1,Wolbachia_genes,619
NZ_JAHDJT010000183.1,Wolbachia_genes,640
NZ_JAHDJT010000182.1,Wolbachia_genes,697
NZ_JAHDJT010000181.1,Wolbachia_genes,719
NZ_JAHDJT010000180.1,Wolbachia_genes,816
NZ_JAHDJT010000179.1,Wolbachia_genes,918
NZ_JAHDJT010000178.1,Wolbachia_genes,982
NZ_JAHDJT010000177.1,Wolbachia_genes,990
NZ_JAHDJT010000176.1,Wolbachia_genes,1020
NZ_JAHDJT010000175.1,Wolbachia_genes,1164
NZ_JAHDJT010000174.1,Wolbachia_genes,1185
NZ_JAHDJT010000173.1,Wolbachia_genes,1261
NZ_JAHDJT010000172.1,Wolbachia_genes,1261
NZ_JAHDJT010000171.1,Wolbachia_genes,1306
NZ_JAHDJT010000170.1,Wolbachia_genes,1321
NZ_JAHDJT010000169.1,Wolbachia_genes,1335
NZ_JAHDJT010000168.1,Wolbachia_genes,1360
NZ_JAHDJT010000167.1,Wolbachia_genes,1476
NZ_JAHDJT010000166.1,Wolbachia_genes,1573
NZ_JAHDJT010000165.1,Wolbachia_genes,1600
NZ_JAHDJT010000164.1,Wolbachia_genes,1603
NZ_JAHDJT010000163.1,Wolbachia_genes,1617
NZ_JAHDJT010000162.1,Wolbachia_genes,1668
NZ_JAHDJT010000161.1,Wolbachia_genes,1683
NZ_JAHDJT010000160.1,Wolbachia_genes,1867
NZ_JAHDJT010000159.1,Wolbachia_genes,1890
NZ_JAHDJT010000158.1,Wolbachia_genes,1912
NZ_JAHDJT010000157.1,Wolbachia_genes,1932
NZ_JAHDJT010000156.1,Wolbachia_genes,2044
NZ_JAHDJT010000155.1,Wolbachia_genes,2055
NZ_JAHDJT010000154.1,Wolbachia_genes,2106
NZ_JAHDJT010000153.1,Wolbachia_genes,2338
NZ_JAHDJT010000152.1,Wolbachia_genes,2358
NZ_JAHDJT010000151.1,Wolbachia_genes,2361
NZ_JAHDJT010000150.1,Wolbachia_genes,2389
NZ_JAHDJT010000149.1,Wolbachia_genes,2403
NZ_JAHDJT010000148.1,Wolbachia_genes,2433
NZ_JAHDJT010000147.1,Wolbachia_genes,2464
NZ_JAHDJT010000146.1,Wolbachia_genes,2534
NZ_JAHDJT010000145.1,Wolbachia_genes,2609
NZ_JAHDJT010000144.1,Wolbachia_genes,2637
NZ_JAHDJT010000143.1,Wolbachia_genes,2648
NZ_JAHDJT010000142.1,Wolbachia_genes,2827
NZ_JAHDJT010000141.1,Wolbachia_genes,2933
NZ_JAHDJT010000140.1,Wolbachia_genes,3049
NZ_JAHDJT010000139.1,Wolbachia_genes,3063
NZ_JAHDJT010000138.1,Wolbachia_genes,3151
NZ_JAHDJT010000137.1,Wolbachia_genes,3199
NZ_JAHDJT010000136.1,Wolbachia_genes,3234
NZ_JAHDJT010000135.1,Wolbachia_genes,3244
NZ_JAHDJT010000134.1,Wolbachia_genes,3246
NZ_JAHDJT010000133.1,Wolbachia_genes,3284
NZ_JAHDJT010000132.1,Wolbachia_genes,3313
NZ_JAHDJT010000131.1,Wolbachia_genes,3337
NZ_JAHDJT010000130.1,Wolbachia_genes,3339
NZ_JAHDJT010000129.1,Wolbachia_genes,3407
NZ_JAHDJT010000128.1,Wolbachia_genes,3486
NZ_JAHDJT010000127.1,Wolbachia_genes,3494
NZ_JAHDJT010000126.1,Wolbachia_genes,3665
NZ_JAHDJT010000125.1,Wolbachia_genes,3682
NZ_JAHDJT010000124.1,Wolbachia_genes,3689
NZ_JAHDJT010000123.1,Wolbachia_genes,3709
NZ_JAHDJT010000122.1,Wolbachia_genes,3716
NZ_JAHDJT010000121.1,Wolbachia_genes,3904
NZ_JAHDJT010000120.1,Wolbachia_genes,3998
NZ_JAHDJT010000119.1,Wolbachia_genes,4003
NZ_JAHDJT010000118.1,Wolbachia_genes,4012
NZ_JAHDJT010000117.1,Wolbachia_genes,4133
NZ_JAHDJT010000116.1,Wolbachia_genes,4136
NZ_JAHDJT010000115.1,Wolbachia_genes,4220
NZ_JAHDJT010000114.1,Wolbachia_genes,4281
NZ_JAHDJT010000113.1,Wolbachia_genes,4293
NZ_JAHDJT010000112.1,Wolbachia_genes,4343
NZ_JAHDJT010000111.1,Wolbachia_genes,4387
NZ_JAHDJT010000110.1,Wolbachia_genes,4531
NZ_JAHDJT010000109.1,Wolbachia_genes,4562
NZ_JAHDJT010000108.1,Wolbachia_genes,4801
NZ_JAHDJT010000107.1,Wolbachia_genes,4839
NZ_JAHDJT010000106.1,Wolbachia_genes,4967
NZ_JAHDJT010000105.1,Wolbachia_genes,5018
NZ_JAHDJT010000104.1,Wolbachia_genes,5165
NZ_JAHDJT010000103.1,Wolbachia_genes,5205
NZ_JAHDJT010000102.1,Wolbachia_genes,5206
NZ_JAHDJT010000101.1,Wolbachia_genes,5220
NZ_JAHDJT010000100.1,Wolbachia_genes,5289
NZ_JAHDJT010000099.1,Wolbachia_genes,5306
NZ_JAHDJT010000098.1,Wolbachia_genes,5306
NZ_JAHDJT010000097.1,Wolbachia_genes,5417
NZ_JAHDJT010000096.1,Wolbachia_genes,5522
NZ_JAHDJT010000095.1,Wolbachia_genes,5555
NZ_JAHDJT010000094.1,Wolbachia_genes,5636
NZ_JAHDJT010000093.1,Wolbachia_genes,5662
NZ_JAHDJT010000092.1,Wolbachia_genes,5680
NZ_JAHDJT010000091.1,Wolbachia_genes,5700
NZ_JAHDJT010000090.1,Wolbachia_genes,5718
NZ_JAHDJT010000089.1,Wolbachia_genes,5762
NZ_JAHDJT010000088.1,Wolbachia_genes,5885
NZ_JAHDJT010000087.1,Wolbachia_genes,5895
NZ_JAHDJT010000086.1,Wolbachia_genes,5941
NZ_JAHDJT010000085.1,Wolbachia_genes,6025
NZ_JAHDJT010000084.1,Wolbachia_genes,6102
NZ_JAHDJT010000083.1,Wolbachia_genes,6146
NZ_JAHDJT010000082.1,Wolbachia_genes,6316
NZ_JAHDJT010000081.1,Wolbachia_genes,6471
NZ_JAHDJT010000080.1,Wolbachia_genes,6475
NZ_JAHDJT010000079.1,Wolbachia_genes,6477
NZ_JAHDJT010000078.1,Wolbachia_genes,6510
NZ_JAHDJT010000077.1,Wolbachia_genes,6619
NZ_JAHDJT010000076.1,Wolbachia_genes,6662
NZ_JAHDJT010000075.1,Wolbachia_genes,6665
NZ_JAHDJT010000074.1,Wolbachia_genes,6745
NZ_JAHDJT010000073.1,Wolbachia_genes,6774
NZ_JAHDJT010000072.1,Wolbachia_genes,6798
NZ_JAHDJT010000071.1,Wolbachia_genes,6799
NZ_JAHDJT010000070.1,Wolbachia_genes,6822
NZ_JAHDJT010000069.1,Wolbachia_genes,7083
NZ_JAHDJT010000068.1,Wolbachia_genes,7086
NZ_JAHDJT010000067.1,Wolbachia_genes,7096
NZ_JAHDJT010000066.1,Wolbachia_genes,7115
NZ_JAHDJT010000065.1,Wolbachia_genes,7118
NZ_JAHDJT010000064.1,Wolbachia_genes,7324
NZ_JAHDJT010000063.1,Wolbachia_genes,7556
NZ_JAHDJT010000062.1,Wolbachia_genes,7572
NZ_JAHDJT010000061.1,Wolbachia_genes,7696
NZ_JAHDJT010000060.1,Wolbachia_genes,7705
NZ_JAHDJT010000059.1,Wolbachia_genes,7876
NZ_JAHDJT010000058.1,Wolbachia_genes,7947
NZ_JAHDJT010000057.1,Wolbachia_genes,7998
NZ_JAATLA010000015.1,Wolbachia_genes,3906
NZ_JAATLA010000014.1,Wolbachia_genes,3365
NZ_JAATLA010000013.1,Wolbachia_genes,4901
NZ_JAATLA010000011.1,Wolbachia_genes,2330
NZ_JAATLE010000017.1,Wolbachia_genes,2063
NZ_JAATLE010000005.1,Wolbachia_genes,5358
NZ_JAATLF010000019.1,Wolbachia_genes,3281
NZ_JAATLF010000018.1,Wolbachia_genes,2050
NZ_JAATLF010000005.1,Wolbachia_genes,2444
NZ_JAATLB010000018.1,Wolbachia_genes,2970
NZ_JAATLB010000011.1,Wolbachia_genes,5638
NZ_JAATLB010000006.1,Wolbachia_genes,7271
NZ_JAATLB010000002.1,Wolbachia_genes,3588
NZ_MJMG01000004.1,Wolbachia_genes,6284
NZ_JQAM01000043.1,Wolbachia_genes,663
NZ_JQAM01000038.1,Wolbachia_genes,4337
NZ_JQAM01000037.1,Wolbachia_genes,5080
NZ_JQAM01000035.1,Wolbachia_genes,6635
NZ_JQAM01000022.1,Wolbachia_genes,7848
NZ_JQAM01000016.1,Wolbachia_genes,7645
NZ_JQAM01000012.1,Wolbachia_genes,2552
NZ_JQAM01000007.1,Wolbachia_genes,2990
NZ_JQAM01000004.1,Wolbachia_genes,2291
NZ_JQAM01000002.1,Wolbachia_genes,7597
NZ_CAOH01000116.1,Wolbachia_genes,503
NZ_CAOH01000115.1,Wolbachia_genes,513
NZ_CAOH01000114.1,Wolbachia_genes,514
NZ_CAOH01000113.1,Wolbachia_genes,545
NZ_CAOH01000112.1,Wolbachia_genes,556
NZ_CAOH01000111.1,Wolbachia_genes,586
NZ_CAOH01000110.1,Wolbachia_genes,629
NZ_CAOH01000108.1,Wolbachia_genes,830
NZ_CAOH01000107.1,Wolbachia_genes,837
NZ_CAOH01000106.1,Wolbachia_genes,865
NZ_CAOH01000105.1,Wolbachia_genes,926
NZ_CAOH01000104.1,Wolbachia_genes,959
NZ_CAOH01000103.1,Wolbachia_genes,962
NZ_CAOH01000102.1,Wolbachia_genes,1028
NZ_CAOH01000101.1,Wolbachia_genes,1030
NZ_CAOH01000100.1,Wolbachia_genes,1073
NZ_CAOH01000099.1,Wolbachia_genes,1255
NZ_CAOH01000098.1,Wolbachia_genes,1276
NZ_CAOH01000097.1,Wolbachia_genes,1354
NZ_CAOH01000096.1,Wolbachia_genes,1614
NZ_CAOH01000095.1,Wolbachia_genes,1690
NZ_CAOH01000094.1,Wolbachia_genes,1706
NZ_CAOH01000093.1,Wolbachia_genes,1975
NZ_CAOH01000092.1,Wolbachia_genes,1993
NZ_CAOH01000091.1,Wolbachia_genes,2088
NZ_CAOH01000087.1,Wolbachia_genes,7499
NZ_CAOH01000083.1,Wolbachia_genes,7980
NZ_CAOH01000081.1,Wolbachia_genes,644
NZ_CAOH01000079.1,Wolbachia_genes,3380
NZ_CAOH01000077.1,Wolbachia_genes,7228
NZ_CAOH01000072.1,Wolbachia_genes,1595
NZ_CAOH01000071.1,Wolbachia_genes,5357
NZ_CAOH01000068.1,Wolbachia_genes,3083
NZ_CAOH01000067.1,Wolbachia_genes,1435
NZ_CAOH01000065.1,Wolbachia_genes,6480
NZ_CAOH01000064.1,Wolbachia_genes,4781
NZ_CAOH01000063.1,Wolbachia_genes,1227
NZ_CAOH01000062.1,Wolbachia_genes,4184
NZ_CAOH01000061.1,Wolbachia_genes,644
NZ_CAOH01000060.1,Wolbachia_genes,2570
NZ_CAOH01000057.1,Wolbachia_genes,2772
NZ_CAOH01000055.1,Wolbachia_genes,2148
NZ_CAOH01000054.1,Wolbachia_genes,1014
NZ_CAOH01000053.1,Wolbachia_genes,992
NZ_CAOH01000050.1,Wolbachia_genes,5433
NZ_CAOH01000049.1,Wolbachia_genes,7572
NZ_CAOH01000048.1,Wolbachia_genes,2540
NZ_CAOH01000047.1,Wolbachia_genes,2886
NZ_CAOH01000045.1,Wolbachia_genes,3079
NZ_CAOH01000044.1,Wolbachia_genes,3804
NZ_CAOH01000043.1,Wolbachia_genes,3502
NZ_CAOH01000041.1,Wolbachia_genes,1133
NZ_CAOH01000039.1,Wolbachia_genes,5978
NZ_CAOH01000038.1,Wolbachia_genes,902
NZ_CAOH01000035.1,Wolbachia_genes,2819
NZ_CAOH01000034.1,Wolbachia_genes,1458
NZ_CAOH01000033.1,Wolbachia_genes,1281
NZ_CAOH01000032.1,Wolbachia_genes,2152
NZ_CAOH01000031.1,Wolbachia_genes,1030
NZ_CAOH01000030.1,Wolbachia_genes,2337
NZ_CAOH01000027.1,Wolbachia_genes,3335
NZ_CAOH01000026.1,Wolbachia_genes,2762
NZ_CAOH01000025.1,Wolbachia_genes,4040
NZ_CAOH01000024.1,Wolbachia_genes,4834
NZ_CAOH01000023.1,Wolbachia_genes,3320
NZ_CAOH01000022.1,Wolbachia_genes,2389
NZ_CAOH01000019.1,Wolbachia_genes,2724
NZ_CAOH01000013.1,Wolbachia_genes,6580
NZ_CAOH01000007.1,Wolbachia_genes,2487
NZ_CAOH01000006.1,Wolbachia_genes,2045
NZ_CAOH01000005.1,Wolbachia_genes,2625
NZ_CAOH01000004.1,Wolbachia_genes,1266
NZ_CAOH01000003.1,Wolbachia_genes,3637
NZ_CAOH01000002.1,Wolbachia_genes,1014
NZ_CAOH01000001.1,Wolbachia_genes,4157
NZ_JBIXJM010000254.1,Wolbachia_genes,1460
NZ_JBIXJM010000253.1,Wolbachia_genes,979
NZ_JBIXJM010000251.1,Wolbachia_genes,6164
NZ_JBIXJM010000250.1,Wolbachia_genes,7382
NZ_JBIXJM010000246.1,Wolbachia_genes,4954
NZ_JBIXJM010000245.1,Wolbachia_genes,5524
NZ_JBIXJM010000240.1,Wolbachia_genes,5259
NZ_JBIXJM010000235.1,Wolbachia_genes,4886
NZ_JBIXJM010000231.1,Wolbachia_genes,1356
NZ_JBIXJM010000229.1,Wolbachia_genes,6585
NZ_JBIXJM010000228.1,Wolbachia_genes,7104
NZ_JBIXJM010000226.1,Wolbachia_genes,3933
NZ_JBIXJM010000225.1,Wolbachia_genes,2743
NZ_JBIXJM010000224.1,Wolbachia_genes,3275
NZ_JBIXJM010000223.1,Wolbachia_genes,2331
NZ_JBIXJM010000222.1,Wolbachia_genes,2525
NZ_JBIXJM010000221.1,Wolbachia_genes,3243
NZ_JBIXJM010000220.1,Wolbachia_genes,2626
NZ_JBIXJM010000218.1,Wolbachia_genes,1980
NZ_JBIXJM010000217.1,Wolbachia_genes,2069
NZ_JBIXJM010000216.1,Wolbachia_genes,2538
NZ_JBIXJM010000215.1,Wolbachia_genes,5840
NZ_JBIXJM010000214.1,Wolbachia_genes,3600
NZ_JBIXJM010000213.1,Wolbachia_genes,6171
NZ_JBIXJM010000211.1,Wolbachia_genes,7865
NZ_JBIXJM010000210.1,Wolbachia_genes,5285
NZ_JBIXJM010000209.1,Wolbachia_genes,1807
NZ_JBIXJM010000208.1,Wolbachia_genes,2450
NZ_JBIXJM010000207.1,Wolbachia_genes,2830
NZ_JBIXJM010000206.1,Wolbachia_genes,2074
NZ_JBIXJM010000205.1,Wolbachia_genes,2882
NZ_JBIXJM010000203.1,Wolbachia_genes,6886
NZ_JBIXJM010000201.1,Wolbachia_genes,4210
NZ_JBIXJM010000200.1,Wolbachia_genes,3624
NZ_JBIXJM010000198.1,Wolbachia_genes,5766
NZ_JBIXJM010000197.1,Wolbachia_genes,3121
NZ_JBIXJM010000195.1,Wolbachia_genes,4148
NZ_JBIXJM010000194.1,Wolbachia_genes,3764
NZ_JBIXJM010000192.1,Wolbachia_genes,2634
NZ_JBIXJM010000190.1,Wolbachia_genes,5688
NZ_JBIXJM010000189.1,Wolbachia_genes,5665
NZ_JBIXJM010000188.1,Wolbachia_genes,6779
NZ_JBIXJM010000187.1,Wolbachia_genes,2411
NZ_JBIXJM010000186.1,Wolbachia_genes,4291
NZ_JBIXJM010000185.1,Wolbachia_genes,4165
NZ_JBIXJM010000184.1,Wolbachia_genes,2689
NZ_JBIXJM010000183.1,Wolbachia_genes,4572
NZ_JBIXJM010000181.1,Wolbachia_genes,1881
NZ_JBIXJM010000180.1,Wolbachia_genes,5326
NZ_JBIXJM010000178.1,Wolbachia_genes,4935
NZ_JBIXJM010000177.1,Wolbachia_genes,5150
NZ_JBIXJM010000176.1,Wolbachia_genes,1905
NZ_JBIXJM010000175.1,Wolbachia_genes,5707
NZ_JBIXJM010000174.1,Wolbachia_genes,1295
NZ_JBIXJM010000173.1,Wolbachia_genes,2124
NZ_JBIXJM010000172.1,Wolbachia_genes,4661
NZ_JBIXJM010000171.1,Wolbachia_genes,4343
NZ_JBIXJM010000170.1,Wolbachia_genes,5234
NZ_JBIXJM010000168.1,Wolbachia_genes,3975
NZ_JBIXJM010000167.1,Wolbachia_genes,1982
NZ_JBIXJM010000166.1,Wolbachia_genes,4827
NZ_JBIXJM010000164.1,Wolbachia_genes,1442
NZ_JBIXJM010000163.1,Wolbachia_genes,1981
NZ_JBIXJM010000160.1,Wolbachia_genes,5262
NZ_JBIXJM010000158.1,Wolbachia_genes,4840
NZ_JBIXJM010000157.1,Wolbachia_genes,3872
NZ_JBIXJM010000156.1,Wolbachia_genes,2183
NZ_JBIXJM010000155.1,Wolbachia_genes,5075
NZ_JBIXJM010000154.1,Wolbachia_genes,3650
NZ_JBIXJM010000153.1,Wolbachia_genes,3021
NZ_JBIXJM010000151.1,Wolbachia_genes,7661
NZ_JBIXJM010000149.1,Wolbachia_genes,5719
NZ_JBIXJM010000148.1,Wolbachia_genes,1453
NZ_JBIXJM010000146.1,Wolbachia_genes,2686
NZ_JBIXJM010000145.1,Wolbachia_genes,5600
NZ_JBIXJM010000143.1,Wolbachia_genes,1736
NZ_JBIXJM010000141.1,Wolbachia_genes,4421
NZ_JBIXJM010000140.1,Wolbachia_genes,6478
NZ_JBIXJM010000139.1,Wolbachia_genes,5207
NZ_JBIXJM010000138.1,Wolbachia_genes,3840
NZ_JBIXJM010000136.1,Wolbachia_genes,3982
NZ_JBIXJM010000135.1,Wolbachia_genes,7546
NZ_JBIXJM010000134.1,Wolbachia_genes,3497
NZ_JBIXJM010000133.1,Wolbachia_genes,1717
NZ_JBIXJM010000132.1,Wolbachia_genes,4128
NZ_JBIXJM010000131.1,Wolbachia_genes,4707
NZ_JBIXJM010000130.1,Wolbachia_genes,7302
NZ_JBIXJM010000128.1,Wolbachia_genes,5032
NZ_JBIXJM010000127.1,Wolbachia_genes,3062
NZ_JBIXJM010000126.1,Wolbachia_genes,2447
NZ_JBIXJM010000123.1,Wolbachia_genes,7403
NZ_JBIXJM010000122.1,Wolbachia_genes,3339
NZ_JBIXJM010000121.1,Wolbachia_genes,1293
NZ_JBIXJM010000120.1,Wolbachia_genes,944
NZ_JBIXJM010000119.1,Wolbachia_genes,6570
NZ_JBIXJM010000118.1,Wolbachia_genes,3727
NZ_JBIXJM010000116.1,Wolbachia_genes,7332
NZ_JBIXJM010000115.1,Wolbachia_genes,7180
NZ_JBIXJM010000114.1,Wolbachia_genes,1002
NZ_JBIXJM010000113.1,Wolbachia_genes,4006
NZ_JBIXJM010000112.1,Wolbachia_genes,2415
NZ_JBIXJM010000111.1,Wolbachia_genes,4936
NZ_JBIXJM010000110.1,Wolbachia_genes,6458
NZ_JBIXJM010000109.1,Wolbachia_genes,1774
NZ_JBIXJM010000108.1,Wolbachia_genes,1626
NZ_JBIXJM010000107.1,Wolbachia_genes,2640
NZ_JBIXJM010000106.1,Wolbachia_genes,1560
NZ_JBIXJM010000105.1,Wolbachia_genes,1873
NZ_JBIXJM010000103.1,Wolbachia_genes,553
NZ_JBIXJM010000102.1,Wolbachia_genes,609
NZ_JBIXJM010000100.1,Wolbachia_genes,925
NZ_JBIXJM010000099.1,Wolbachia_genes,1853
NZ_JBIXJM010000098.1,Wolbachia_genes,1084
NZ_JBIXJM010000097.1,Wolbachia_genes,650
NZ_JBIXJM010000096.1,Wolbachia_genes,658
NZ_JBIXJM010000095.1,Wolbachia_genes,522
NZ_JBIXJM010000094.1,Wolbachia_genes,504
NZ_JBIXJM010000093.1,Wolbachia_genes,853
NZ_JBIXJM010000092.1,Wolbachia_genes,1657
NZ_JBIXJM010000091.1,Wolbachia_genes,979
NZ_JBIXJM010000090.1,Wolbachia_genes,2486
NZ_JBIXJM010000089.1,Wolbachia_genes,513
NZ_JBIXJM010000087.1,Wolbachia_genes,3800
NZ_JBIXJM010000086.1,Wolbachia_genes,2549
NZ_JBIXJM010000085.1,Wolbachia_genes,2254
NZ_JBIXJM010000084.1,Wolbachia_genes,933
NZ_JBIXJM010000083.1,Wolbachia_genes,935
NZ_JBIXJM010000082.1,Wolbachia_genes,1087
NZ_JBIXJM010000081.1,Wolbachia_genes,625
NZ_JBIXJM010000080.1,Wolbachia_genes,2755
NZ_JBIXJM010000079.1,Wolbachia_genes,2913
NZ_JBIXJM010000078.1,Wolbachia_genes,876
NZ_JBIXJM010000077.1,Wolbachia_genes,811
NZ_JBIXJM010000076.1,Wolbachia_genes,621
NZ_JBIXJM010000075.1,Wolbachia_genes,608
NZ_JBIXJM010000074.1,Wolbachia_genes,551
NZ_JBIXJM010000073.1,Wolbachia_genes,2409
NZ_JBIXJM010000072.1,Wolbachia_genes,3246
NZ_JBIXJM010000071.1,Wolbachia_genes,599
NZ_JBIXJM010000070.1,Wolbachia_genes,6749
NZ_JBIXJM010000069.1,Wolbachia_genes,611
NZ_JBIXJM010000067.1,Wolbachia_genes,1648
NZ_JBIXJM010000066.1,Wolbachia_genes,1822
NZ_JBIXJM010000064.1,Wolbachia_genes,3178
NZ_JBIXJM010000063.1,Wolbachia_genes,3946
NZ_JBIXJM010000062.1,Wolbachia_genes,2946
NZ_JBIXJM010000061.1,Wolbachia_genes,865
NZ_JBIXJM010000060.1,Wolbachia_genes,605
NZ_JBIXJM010000059.1,Wolbachia_genes,634
NZ_JBIXJM010000058.1,Wolbachia_genes,2381
NZ_JBIXJM010000057.1,Wolbachia_genes,1037
NZ_JBIXJM010000056.1,Wolbachia_genes,4262
NZ_JBIXJM010000055.1,Wolbachia_genes,4487
NZ_JBIXJM010000054.1,Wolbachia_genes,1080
NZ_JBIXJM010000053.1,Wolbachia_genes,648
NZ_JBIXJM010000052.1,Wolbachia_genes,2450
NZ_JBIXJM010000051.1,Wolbachia_genes,544
NZ_JBIXJM010000050.1,Wolbachia_genes,570
NZ_JBIXJM010000049.1,Wolbachia_genes,908
NZ_JBIXJM010000048.1,Wolbachia_genes,4658
NZ_JBIXJM010000047.1,Wolbachia_genes,4328
NZ_JBIXJM010000046.1,Wolbachia_genes,7325
NZ_JBIXJM010000045.1,Wolbachia_genes,2972
NZ_JBIXJM010000044.1,Wolbachia_genes,705
NZ_JBIXJM010000042.1,Wolbachia_genes,4969
NZ_JBIXJM010000041.1,Wolbachia_genes,3823
NZ_JBIXJM010000040.1,Wolbachia_genes,580
NZ_JBIXJM010000039.1,Wolbachia_genes,899
NZ_JBIXJM010000038.1,Wolbachia_genes,1576
NZ_JBIXJM010000037.1,Wolbachia_genes,637
NZ_JBIXJM010000036.1,Wolbachia_genes,758
NZ_JBIXJM010000035.1,Wolbachia_genes,1991
NZ_JBIXJM010000034.1,Wolbachia_genes,2199
NZ_JBIXJM010000033.1,Wolbachia_genes,1775
NZ_JBIXJM010000031.1,Wolbachia_genes,1686
NZ_JBIXJM010000029.1,Wolbachia_genes,1013
NZ_JBIXJM010000028.1,Wolbachia_genes,1043
NZ_JBIXJM010000027.1,Wolbachia_genes,921
NZ_JBIXJM010000026.1,Wolbachia_genes,787
NZ_JBIXJM010000025.1,Wolbachia_genes,816
NZ_JBIXJM010000024.1,Wolbachia_genes,1010
NZ_JBIXJM010000023.1,Wolbachia_genes,5862
NZ_JBIXJM010000022.1,Wolbachia_genes,2014
NZ_JBIXJM010000021.1,Wolbachia_genes,2082
NZ_JBIXJM010000020.1,Wolbachia_genes,2421
NZ_JBIXJM010000019.1,Wolbachia_genes,508
NZ_JBIXJM010000018.1,Wolbachia_genes,978
NZ_JBIXJM010000017.1,Wolbachia_genes,758
NZ_JBIXJM010000016.1,Wolbachia_genes,749
NZ_JBIXJM010000015.1,Wolbachia_genes,1644
NZ_JBIXJM010000014.1,Wolbachia_genes,547
NZ_JBIXJM010000013.1,Wolbachia_genes,1366
NZ_JBIXJM010000012.1,Wolbachia_genes,3092
NZ_JBIXJM010000011.1,Wolbachia_genes,920
NZ_JBIXJM010000010.1,Wolbachia_genes,1250
NZ_JBIXJM010000009.1,Wolbachia_genes,2149
NZ_JBIXJM010000008.1,Wolbachia_genes,975
NZ_JBIXJM010000007.1,Wolbachia_genes,909
NZ_JBIXJM010000005.1,Wolbachia_genes,1640
NZ_JBIXJM010000004.1,Wolbachia_genes,3316
NZ_JBIXJM010000002.1,Wolbachia_genes,786
NZ_JBIXJL010000139.1,Wolbachia_genes,633
NZ_JBIXJL010000138.1,Wolbachia_genes,2163
NZ_JBIXJL010000129.1,Wolbachia_genes,5470
NZ_JBIXJL010000126.1,Wolbachia_genes,6343
NZ_JBIXJL010000121.1,Wolbachia_genes,7252
NZ_JBIXJL010000119.1,Wolbachia_genes,7628
NZ_JBIXJL010000116.1,Wolbachia_genes,5709
NZ_JBIXJL010000111.1,Wolbachia_genes,7961
NZ_JBIXJL010000107.1,Wolbachia_genes,1238
NZ_JBIXJL010000106.1,Wolbachia_genes,5858
NZ_JBIXJL010000103.1,Wolbachia_genes,5129
NZ_JBIXJL010000102.1,Wolbachia_genes,2455
NZ_JBIXJL010000101.1,Wolbachia_genes,2704
NZ_JBIXJL010000098.1,Wolbachia_genes,4355
NZ_JBIXJL010000095.1,Wolbachia_genes,2887
NZ_JBIXJL010000093.1,Wolbachia_genes,6537
NZ_JBIXJL010000091.1,Wolbachia_genes,3146
NZ_JBIXJL010000089.1,Wolbachia_genes,2066
NZ_JBIXJL010000088.1,Wolbachia_genes,3019
NZ_JBIXJL010000086.1,Wolbachia_genes,4471
NZ_JBIXJL010000083.1,Wolbachia_genes,6506
NZ_JBIXJL010000082.1,Wolbachia_genes,3628
NZ_JBIXJL010000080.1,Wolbachia_genes,2903
NZ_JBIXJL010000079.1,Wolbachia_genes,3294
NZ_JBIXJL010000078.1,Wolbachia_genes,5214
NZ_JBIXJL010000074.1,Wolbachia_genes,1879
NZ_JBIXJL010000073.1,Wolbachia_genes,6045
NZ_JBIXJL010000071.1,Wolbachia_genes,6249
NZ_JBIXJL010000067.1,Wolbachia_genes,6122
NZ_JBIXJL010000065.1,Wolbachia_genes,7448
NZ_JBIXJL010000063.1,Wolbachia_genes,6372
NZ_JBIXJL010000062.1,Wolbachia_genes,1904
NZ_JBIXJL010000059.1,Wolbachia_genes,3939
NZ_JBIXJL010000058.1,Wolbachia_genes,2963
NZ_JBIXJL010000056.1,Wolbachia_genes,3724
NZ_JBIXJL010000055.1,Wolbachia_genes,7565
NZ_JBIXJL010000054.1,Wolbachia_genes,5926
NZ_JBIXJL010000053.1,Wolbachia_genes,2189
NZ_JBIXJL010000052.1,Wolbachia_genes,6595
NZ_JBIXJL010000051.1,Wolbachia_genes,6558
NZ_JBIXJL010000050.1,Wolbachia_genes,4761
NZ_JBIXJL010000049.1,Wolbachia_genes,4264
NZ_JBIXJL010000048.1,Wolbachia_genes,3680
NZ_JBIXJL010000047.1,Wolbachia_genes,4219
NZ_JBIXJL010000046.1,Wolbachia_genes,6661
NZ_JBIXJL010000044.1,Wolbachia_genes,5180
NZ_JBIXJL010000042.1,Wolbachia_genes,2007
NZ_JBIXJL010000040.1,Wolbachia_genes,4114
NZ_JBIXJL010000039.1,Wolbachia_genes,6750
NZ_JBIXJL010000038.1,Wolbachia_genes,2017
NZ_JBIXJL010000035.1,Wolbachia_genes,6273
NZ_JBIXJL010000033.1,Wolbachia_genes,3237
NZ_JBIXJL010000032.1,Wolbachia_genes,3363
NZ_JBIXJL010000031.1,Wolbachia_genes,706
NZ_JBIXJL010000030.1,Wolbachia_genes,969
NZ_JBIXJL010000029.1,Wolbachia_genes,859
NZ_JBIXJL010000027.1,Wolbachia_genes,757
NZ_JBIXJL010000026.1,Wolbachia_genes,546
NZ_JBIXJL010000025.1,Wolbachia_genes,627
NZ_JBIXJL010000024.1,Wolbachia_genes,615
NZ_JBIXJL010000023.1,Wolbachia_genes,523
NZ_JBIXJL010000022.1,Wolbachia_genes,564
NZ_JBIXJL010000021.1,Wolbachia_genes,913
NZ_JBIXJL010000020.1,Wolbachia_genes,542
NZ_JBIXJL010000019.1,Wolbachia_genes,737
NZ_JBIXJL010000018.1,Wolbachia_genes,545
NZ_JBIXJL010000017.1,Wolbachia_genes,915
NZ_JBIXJL010000016.1,Wolbachia_genes,1062
NZ_JBIXJL010000015.1,Wolbachia_genes,958
NZ_JBIXJL010000014.1,Wolbachia_genes,755
NZ_JBIXJL010000013.1,Wolbachia_genes,5007
NZ_JBIXJL010000012.1,Wolbachia_genes,618
NZ_JBIXJL010000011.1,Wolbachia_genes,568
NZ_JBIXJL010000010.1,Wolbachia_genes,618
NZ_JBIXJL010000009.1,Wolbachia_genes,997
NZ_JBIXJL010000008.1,Wolbachia_genes,799
NZ_JBIXJL010000007.1,Wolbachia_genes,776
NZ_JBIXJL010000005.1,Wolbachia_genes,611
NZ_JBIXJL010000004.1,Wolbachia_genes,501
NZ_JBIXJL010000003.1,Wolbachia_genes,510
NZ_JBIXJL010000002.1,Wolbachia_genes,1217
NZ_JBIXJL010000001.1,Wolbachia_genes,4198
NZ_JAZHPY010000162.1,Wolbachia_genes,508
NZ_JAZHPY010000161.1,Wolbachia_genes,530
NZ_JAZHPY010000160.1,Wolbachia_genes,536
NZ_JAZHPY010000159.1,Wolbachia_genes,540
NZ_JAZHPY010000158.1,Wolbachia_genes,564
NZ_JAZHPY010000157.1,Wolbachia_genes,568
NZ_JAZHPY010000155.1,Wolbachia_genes,599
NZ_JAZHPY010000154.1,Wolbachia_genes,626
NZ_JAZHPY010000153.1,Wolbachia_genes,628
NZ_JAZHPY010000152.1,Wolbachia_genes,636
NZ_JAZHPY010000151.1,Wolbachia_genes,639
NZ_JAZHPY010000150.1,Wolbachia_genes,644
NZ_JAZHPY010000149.1,Wolbachia_genes,647
NZ_JAZHPY010000148.1,Wolbachia_genes,697
NZ_JAZHPY010000147.1,Wolbachia_genes,698
NZ_JAZHPY010000146.1,Wolbachia_genes,708
NZ_JAZHPY010000144.1,Wolbachia_genes,732
NZ_JAZHPY010000143.1,Wolbachia_genes,742
NZ_JAZHPY010000141.1,Wolbachia_genes,801
NZ_JAZHPY010000140.1,Wolbachia_genes,856
NZ_JAZHPY010000139.1,Wolbachia_genes,872
NZ_JAZHPY010000138.1,Wolbachia_genes,956
NZ_JAZHPY010000137.1,Wolbachia_genes,1122
NZ_JAZHPY010000136.1,Wolbachia_genes,1192
NZ_JAZHPY010000135.1,Wolbachia_genes,1225
NZ_JAZHPY010000134.1,Wolbachia_genes,1252
NZ_JAZHPY010000133.1,Wolbachia_genes,1313
NZ_JAZHPY010000132.1,Wolbachia_genes,1338
NZ_JAZHPY010000131.1,Wolbachia_genes,1356
NZ_JAZHPY010000130.1,Wolbachia_genes,1357
NZ_JAZHPY010000129.1,Wolbachia_genes,1396
NZ_JAZHPY010000128.1,Wolbachia_genes,1402
NZ_JAZHPY010000127.1,Wolbachia_genes,1442
NZ_JAZHPY010000126.1,Wolbachia_genes,1468
NZ_JAZHPY010000125.1,Wolbachia_genes,1513
NZ_JAZHPY010000124.1,Wolbachia_genes,1523
NZ_JAZHPY010000123.1,Wolbachia_genes,1773
NZ_JAZHPY010000122.1,Wolbachia_genes,1799
NZ_JAZHPY010000121.1,Wolbachia_genes,1944
NZ_JAZHPY010000120.1,Wolbachia_genes,1996
NZ_JAZHPY010000119.1,Wolbachia_genes,2014
NZ_JAZHPY010000118.1,Wolbachia_genes,2046
NZ_JAZHPY010000117.1,Wolbachia_genes,2329
NZ_JAZHPY010000116.1,Wolbachia_genes,2382
NZ_JAZHPY010000115.1,Wolbachia_genes,2385
NZ_JAZHPY010000114.1,Wolbachia_genes,2462
NZ_JAZHPY010000113.1,Wolbachia_genes,2501
NZ_JAZHPY010000112.1,Wolbachia_genes,2531
NZ_JAZHPY010000111.1,Wolbachia_genes,2601
NZ_JAZHPY010000110.1,Wolbachia_genes,2609
NZ_JAZHPY010000109.1,Wolbachia_genes,2766
NZ_JAZHPY010000108.1,Wolbachia_genes,2790
NZ_JAZHPY010000107.1,Wolbachia_genes,2794
NZ_JAZHPY010000106.1,Wolbachia_genes,2849
NZ_JAZHPY010000105.1,Wolbachia_genes,2851
NZ_JAZHPY010000104.1,Wolbachia_genes,2876
NZ_JAZHPY010000103.1,Wolbachia_genes,2930
NZ_JAZHPY010000102.1,Wolbachia_genes,3105
NZ_JAZHPY010000101.1,Wolbachia_genes,3246
NZ_JAZHPY010000100.1,Wolbachia_genes,3372
NZ_JAZHPY010000099.1,Wolbachia_genes,3397
NZ_JAZHPY010000098.1,Wolbachia_genes,3499
NZ_JAZHPY010000097.1,Wolbachia_genes,3546
NZ_JAZHPY010000096.1,Wolbachia_genes,3598
NZ_JAZHPY010000095.1,Wolbachia_genes,3657
NZ_JAZHPY010000094.1,Wolbachia_genes,3818
NZ_JAZHPY010000093.1,Wolbachia_genes,3829
NZ_JAZHPY010000092.1,Wolbachia_genes,3869
NZ_JAZHPY010000091.1,Wolbachia_genes,3926
NZ_JAZHPY010000090.1,Wolbachia_genes,3992
NZ_JAZHPY010000089.1,Wolbachia_genes,4236
NZ_JAZHPY010000088.1,Wolbachia_genes,4304
NZ_JAZHPY010000087.1,Wolbachia_genes,4325
NZ_JAZHPY010000086.1,Wolbachia_genes,4353
NZ_JAZHPY010000085.1,Wolbachia_genes,4432
NZ_JAZHPY010000084.1,Wolbachia_genes,4448
NZ_JAZHPY010000083.1,Wolbachia_genes,4669
NZ_JAZHPY010000082.1,Wolbachia_genes,4751
NZ_JAZHPY010000081.1,Wolbachia_genes,4763
NZ_JAZHPY010000080.1,Wolbachia_genes,4801
NZ_JAZHPY010000079.1,Wolbachia_genes,4818
NZ_JAZHPY010000078.1,Wolbachia_genes,4897
NZ_JAZHPY010000077.1,Wolbachia_genes,4998
NZ_JAZHPY010000076.1,Wolbachia_genes,5056
NZ_JAZHPY010000075.1,Wolbachia_genes,5089
NZ_JAZHPY010000074.1,Wolbachia_genes,5245
NZ_JAZHPY010000073.1,Wolbachia_genes,5348
NZ_JAZHPY010000072.1,Wolbachia_genes,5369
NZ_JAZHPY010000071.1,Wolbachia_genes,5394
NZ_JAZHPY010000070.1,Wolbachia_genes,5473
NZ_JAZHPY010000069.1,Wolbachia_genes,5505
NZ_JAZHPY010000068.1,Wolbachia_genes,5653
NZ_JAZHPY010000067.1,Wolbachia_genes,6107
NZ_JAZHPY010000066.1,Wolbachia_genes,6118
NZ_JAZHPY010000065.1,Wolbachia_genes,6122
NZ_JAZHPY010000064.1,Wolbachia_genes,6238
NZ_JAZHPY010000063.1,Wolbachia_genes,6415
NZ_JAZHPY010000062.1,Wolbachia_genes,6435
NZ_JAZHPY010000061.1,Wolbachia_genes,6585
NZ_JAZHPY010000060.1,Wolbachia_genes,6658
NZ_JAZHPY010000059.1,Wolbachia_genes,6833
NZ_JAZHPY010000058.1,Wolbachia_genes,6867
NZ_JAZHPY010000057.1,Wolbachia_genes,6887
NZ_JAZHPY010000056.1,Wolbachia_genes,6938
NZ_JAZHPY010000055.1,Wolbachia_genes,7027
NZ_JAZHPY010000054.1,Wolbachia_genes,7078
NZ_JAZHPY010000053.1,Wolbachia_genes,7228
NZ_JAZHPY010000052.1,Wolbachia_genes,7655
NZ_JAWLJC010000136.1,Wolbachia_genes,924
NZ_JAWLJC010000135.1,Wolbachia_genes,674
NZ_JAWLJC010000133.1,Wolbachia_genes,2762
NZ_JAWLJC010000131.1,Wolbachia_genes,795
NZ_JAWLJC010000130.1,Wolbachia_genes,710
NZ_JAWLJC010000129.1,Wolbachia_genes,7974
NZ_JAWLJC010000127.1,Wolbachia_genes,893
NZ_JAWLJC010000126.1,Wolbachia_genes,585
NZ_JAWLJC010000125.1,Wolbachia_genes,629
NZ_JAWLJC010000124.1,Wolbachia_genes,7336
NZ_JAWLJC010000123.1,Wolbachia_genes,883
NZ_JAWLJC010000122.1,Wolbachia_genes,630
NZ_JAWLJC010000121.1,Wolbachia_genes,7103
NZ_JAWLJC010000120.1,Wolbachia_genes,5365
NZ_JAWLJC010000118.1,Wolbachia_genes,784
NZ_JAWLJC010000117.1,Wolbachia_genes,7356
NZ_JAWLJC010000115.1,Wolbachia_genes,725
NZ_JAWLJC010000114.1,Wolbachia_genes,735
NZ_JAWLJC010000113.1,Wolbachia_genes,735
NZ_JAWLJC010000111.1,Wolbachia_genes,746
NZ_JAWLJC010000110.1,Wolbachia_genes,822
NZ_JAWLJC010000109.1,Wolbachia_genes,616
NZ_JAWLJC010000107.1,Wolbachia_genes,5351
NZ_JAWLJC010000106.1,Wolbachia_genes,3096
NZ_JAWLJC010000104.1,Wolbachia_genes,689
NZ_JAWLJC010000103.1,Wolbachia_genes,585
NZ_JAWLJC010000102.1,Wolbachia_genes,7719
NZ_JAWLJC010000101.1,Wolbachia_genes,6765
NZ_JAWLJC010000100.1,Wolbachia_genes,585
NZ_JAWLJC010000099.1,Wolbachia_genes,794
NZ_JAWLJC010000098.1,Wolbachia_genes,849
NZ_JAWLJC010000097.1,Wolbachia_genes,5701
NZ_JAWLJC010000096.1,Wolbachia_genes,4926
NZ_JAWLJC010000095.1,Wolbachia_genes,6820
NZ_JAWLJC010000094.1,Wolbachia_genes,5124
NZ_JAWLJC010000091.1,Wolbachia_genes,543
NZ_JAWLJC010000090.1,Wolbachia_genes,3580
NZ_JAWLJC010000087.1,Wolbachia_genes,579
NZ_JAWLJC010000086.1,Wolbachia_genes,3801
NZ_JAWLJC010000084.1,Wolbachia_genes,558
NZ_JAWLJC010000080.1,Wolbachia_genes,4484
NZ_JAWLJC010000074.1,Wolbachia_genes,5055
NZ_JAWLJC010000073.1,Wolbachia_genes,4876
NZ_JAWLJC010000071.1,Wolbachia_genes,7984
NZ_JAWLJC010000061.1,Wolbachia_genes,7298
NZ_JAWLJC010000057.1,Wolbachia_genes,7297
NZ_JAWLJC010000056.1,Wolbachia_genes,4422
NZ_JAWLJC010000055.1,Wolbachia_genes,5699
NZ_JAWLJC010000054.1,Wolbachia_genes,2769
NZ_JAWLJC010000053.1,Wolbachia_genes,2385
NZ_JAWLJC010000049.1,Wolbachia_genes,3485
NZ_JAWLJC010000048.1,Wolbachia_genes,2366
NZ_JAWLJC010000046.1,Wolbachia_genes,4114
NZ_JAWLJC010000045.1,Wolbachia_genes,4752
NZ_JAWLJC010000043.1,Wolbachia_genes,2055
NZ_JAWLJC010000041.1,Wolbachia_genes,2482
NZ_JAWLJC010000039.1,Wolbachia_genes,4050
NZ_JAWLJC010000038.1,Wolbachia_genes,7307
NZ_JAWLJC010000035.1,Wolbachia_genes,6909
NZ_JAWLJC010000034.1,Wolbachia_genes,7761
NZ_JAWLJC010000029.1,Wolbachia_genes,7413
NZ_JAWLJC010000026.1,Wolbachia_genes,4387
NZ_JAWLJC010000025.1,Wolbachia_genes,3420
NZ_JAWLJC010000024.1,Wolbachia_genes,2981
NZ_JAWLJC010000021.1,Wolbachia_genes,2752
NZ_JAWLJC010000020.1,Wolbachia_genes,7424
NZ_JAWLJC010000017.1,Wolbachia_genes,3076
NZ_JAWLJC010000012.1,Wolbachia_genes,5716
NZ_JAWLJC010000004.1,Wolbachia_genes,4255
NZ_JAWLJC010000002.1,Wolbachia_genes,5013
NZ_JAWLJC010000001.1,Wolbachia_genes,6763
NZ_JAWHTO010000255.1,Wolbachia_genes,6019
NZ_JAWHTO010000254.1,Wolbachia_genes,589
NZ_JAWHTO010000253.1,Wolbachia_genes,4095
NZ_JAWHTO010000252.1,Wolbachia_genes,7002
NZ_JAWHTO010000251.1,Wolbachia_genes,2794
NZ_JAWHTO010000250.1,Wolbachia_genes,3290
NZ_JAWHTO010000249.1,Wolbachia_genes,1164
NZ_JAWHTO010000247.1,Wolbachia_genes,1876
NZ_JAWHTO010000245.1,Wolbachia_genes,2502
NZ_JAWHTO010000244.1,Wolbachia_genes,4147
NZ_JAWHTO010000243.1,Wolbachia_genes,5700
NZ_JAWHTO010000242.1,Wolbachia_genes,917
NZ_JAWHTO010000241.1,Wolbachia_genes,1690
NZ_JAWHTO010000240.1,Wolbachia_genes,2704
NZ_JAWHTO010000239.1,Wolbachia_genes,5748
NZ_JAWHTO010000238.1,Wolbachia_genes,2788
NZ_JAWHTO010000237.1,Wolbachia_genes,6567
NZ_JAWHTO010000236.1,Wolbachia_genes,2338
NZ_JAWHTO010000235.1,Wolbachia_genes,3067
NZ_JAWHTO010000234.1,Wolbachia_genes,654
NZ_JAWHTO010000233.1,Wolbachia_genes,4798
NZ_JAWHTO010000232.1,Wolbachia_genes,2429
NZ_JAWHTO010000229.1,Wolbachia_genes,4984
NZ_JAWHTO010000228.1,Wolbachia_genes,680
NZ_JAWHTO010000227.1,Wolbachia_genes,6215
NZ_JAWHTO010000226.1,Wolbachia_genes,4116
NZ_JAWHTO010000225.1,Wolbachia_genes,3175
NZ_JAWHTO010000224.1,Wolbachia_genes,6356
NZ_JAWHTO010000223.1,Wolbachia_genes,6001
NZ_JAWHTO010000222.1,Wolbachia_genes,3812
NZ_JAWHTO010000221.1,Wolbachia_genes,4866
NZ_JAWHTO010000220.1,Wolbachia_genes,5346
NZ_JAWHTO010000219.1,Wolbachia_genes,662
NZ_JAWHTO010000218.1,Wolbachia_genes,3012
NZ_JAWHTO010000216.1,Wolbachia_genes,2819
NZ_JAWHTO010000215.1,Wolbachia_genes,5303
NZ_JAWHTO010000214.1,Wolbachia_genes,3932
NZ_JAWHTO010000211.1,Wolbachia_genes,823
NZ_JAWHTO010000210.1,Wolbachia_genes,2556
NZ_JAWHTO010000209.1,Wolbachia_genes,1013
NZ_JAWHTO010000208.1,Wolbachia_genes,568
NZ_JAWHTO010000207.1,Wolbachia_genes,7805
NZ_JAWHTO010000203.1,Wolbachia_genes,1114
NZ_JAWHTO010000201.1,Wolbachia_genes,899
NZ_JAWHTO010000200.1,Wolbachia_genes,1457
NZ_JAWHTO010000199.1,Wolbachia_genes,5231
NZ_JAWHTO010000198.1,Wolbachia_genes,560
NZ_JAWHTO010000197.1,Wolbachia_genes,1184
NZ_JAWHTO010000196.1,Wolbachia_genes,2617
NZ_JAWHTO010000195.1,Wolbachia_genes,2626
NZ_JAWHTO010000194.1,Wolbachia_genes,1662
NZ_JAWHTO010000193.1,Wolbachia_genes,1887
NZ_JAWHTO010000192.1,Wolbachia_genes,2262
NZ_JAWHTO010000190.1,Wolbachia_genes,822
NZ_JAWHTO010000189.1,Wolbachia_genes,3333
NZ_JAWHTO010000188.1,Wolbachia_genes,5484
NZ_JAWHTO010000187.1,Wolbachia_genes,769
NZ_JAWHTO010000185.1,Wolbachia_genes,2646
NZ_JAWHTO010000182.1,Wolbachia_genes,5949
NZ_JAWHTO010000180.1,Wolbachia_genes,3741
NZ_JAWHTO010000179.1,Wolbachia_genes,1269
NZ_JAWHTO010000178.1,Wolbachia_genes,1511
NZ_JAWHTO010000177.1,Wolbachia_genes,724
NZ_JAWHTO010000176.1,Wolbachia_genes,2511
NZ_JAWHTO010000175.1,Wolbachia_genes,2131
NZ_JAWHTO010000174.1,Wolbachia_genes,1253
NZ_JAWHTO010000173.1,Wolbachia_genes,2112
NZ_JAWHTO010000172.1,Wolbachia_genes,4065
NZ_JAWHTO010000171.1,Wolbachia_genes,2256
NZ_JAWHTO010000170.1,Wolbachia_genes,1004
NZ_JAWHTO010000169.1,Wolbachia_genes,5201
NZ_JAWHTO010000168.1,Wolbachia_genes,4185
NZ_JAWHTO010000167.1,Wolbachia_genes,1704
NZ_JAWHTO010000165.1,Wolbachia_genes,2507
NZ_JAWHTO010000164.1,Wolbachia_genes,1344
NZ_JAWHTO010000163.1,Wolbachia_genes,6024
NZ_JAWHTO010000162.1,Wolbachia_genes,4890
NZ_JAWHTO010000161.1,Wolbachia_genes,3773
NZ_JAWHTO010000160.1,Wolbachia_genes,4468
NZ_JAWHTO010000159.1,Wolbachia_genes,3080
NZ_JAWHTO010000158.1,Wolbachia_genes,5274
NZ_JAWHTO010000157.1,Wolbachia_genes,4923
NZ_JAWHTO010000156.1,Wolbachia_genes,2051
NZ_JAWHTO010000154.1,Wolbachia_genes,3150
NZ_JAWHTO010000153.1,Wolbachia_genes,1598
NZ_JAWHTO010000152.1,Wolbachia_genes,3296
NZ_JAWHTO010000151.1,Wolbachia_genes,7824
NZ_JAWHTO010000150.1,Wolbachia_genes,7031
NZ_JAWHTO010000149.1,Wolbachia_genes,2388
NZ_JAWHTO010000148.1,Wolbachia_genes,7087
NZ_JAWHTO010000147.1,Wolbachia_genes,1896
NZ_JAWHTO010000146.1,Wolbachia_genes,2045
NZ_JAWHTO010000145.1,Wolbachia_genes,7474
NZ_JAWHTO010000143.1,Wolbachia_genes,1554
NZ_JAWHTO010000142.1,Wolbachia_genes,703
NZ_JAWHTO010000141.1,Wolbachia_genes,3061
NZ_JAWHTO010000140.1,Wolbachia_genes,4466
NZ_JAWHTO010000138.1,Wolbachia_genes,853
NZ_JAWHTO010000137.1,Wolbachia_genes,3023
NZ_JAWHTO010000136.1,Wolbachia_genes,5484
NZ_JAWHTO010000135.1,Wolbachia_genes,5107
NZ_JAWHTO010000133.1,Wolbachia_genes,3205
NZ_JAWHTO010000132.1,Wolbachia_genes,1797
NZ_JAWHTO010000131.1,Wolbachia_genes,582
NZ_JAWHTO010000130.1,Wolbachia_genes,5687
NZ_JAWHTO010000129.1,Wolbachia_genes,1416
NZ_JAWHTO010000128.1,Wolbachia_genes,2736
NZ_JAWHTO010000127.1,Wolbachia_genes,3142
NZ_JAWHTO010000126.1,Wolbachia_genes,2298
NZ_JAWHTO010000124.1,Wolbachia_genes,6049
NZ_JAWHTO010000123.1,Wolbachia_genes,1165
NZ_JAWHTO010000122.1,Wolbachia_genes,7368
NZ_JAWHTO010000121.1,Wolbachia_genes,783
NZ_JAWHTO010000120.1,Wolbachia_genes,6644
NZ_JAWHTO010000119.1,Wolbachia_genes,5990
NZ_JAWHTO010000118.1,Wolbachia_genes,3128
